subject,window_sec,block,method,accuracy,itr_bits_min,mean_margin,median_margin,min_margin
1,0.3,0,CCA,0.125,30.727342036659877,0.07482496544187192,0.033051396045801096,0.0003059823840840803
1,0.3,0,FBCCA,0.1,19.21410086441142,0.22150797349448417,0.1343013864320296,0.00011493702322740162
1,0.3,0,TDCA,0.875,823.537674865997,0.7396031060741619,0.562343378850231,0.07454085446275549
1,0.3,0,ImprovedTDCA,0.875,823.537674865997,0.8908802201797638,0.8510282082463528,0.015048623904794667
1,0.3,0,TriBranchTDCA,0.825,745.5933743059824,0.9854437494864918,1.0006699931207672,0.02593629788541585
1,0.3,1,CCA,0.0,7.30517519781877,0.10665236218466767,0.032105177411369645,0.0014378339222684833
1,0.3,1,FBCCA,0.075,9.723899662657054,0.23035681493214435,0.17768771592907717,0.012303692091070628
1,0.3,1,TDCA,0.8,708.5839112455101,0.7486137720990694,0.7605386408948088,0.0313188648964382
1,0.3,1,ImprovedTDCA,0.875,823.537674865997,0.9368691267978715,0.8412481547452145,0.031229736612199854
1,0.3,1,TriBranchTDCA,0.875,823.537674865997,1.0202182057160765,0.9883995311539628,0.01977933566512524
1,0.3,2,CCA,0.0,7.30517519781877,0.07613505351347048,0.04547079781468433,0.000642713120610372
1,0.3,2,FBCCA,0.075,9.723899662657054,0.2796268528644285,0.1799069781326137,0.012938505007006107
1,0.3,2,TDCA,0.875,823.537674865997,0.7263355404936191,0.686851356541381,0.002531040470986401
1,0.3,2,ImprovedTDCA,0.95,954.2522053656586,0.9181017295582384,0.8102513489168228,0.01744020687532366
1,0.3,2,TriBranchTDCA,1.0,1064.3856189681546,1.0631559309668475,1.0176581819155823,0.08793302986596396
1,0.3,3,CCA,0.05,2.8798059704541856,0.09154312467288336,0.04828343721708872,0.0043959207539914225
1,0.3,3,FBCCA,0.05,2.8798059704541856,0.17972912638023836,0.11286803488906039,0.004234078427781229
1,0.3,3,TDCA,0.8,708.5839112455101,0.6353406640923274,0.5442461462448949,0.0027184101107380343
1,0.3,3,ImprovedTDCA,0.8,708.5839112455101,0.808975972260417,0.7190460833409996,0.014496301027383085
1,0.3,3,TriBranchTDCA,0.8,708.5839112455101,0.919755556621484,0.9254299237710913,0.03371492173809676
1,0.3,4,CCA,0.1,19.21410086441142,0.10725304961050483,0.038429555220463985,0.002941771248531788
1,0.3,4,FBCCA,0.075,9.723899662657054,0.30268254611858564,0.23996967917629897,0.02428616228309788
1,0.3,4,TDCA,0.875,823.537674865997,0.7313781148195284,0.5755712715091224,0.03403672718598383
1,0.3,4,ImprovedTDCA,0.8,708.5839112455101,0.8527037791721351,0.6209073162466484,0.032595244691513425
1,0.3,4,TriBranchTDCA,0.85,783.855491468325,0.9523001895449648,1.0056394105216853,0.0026220772456044816
1,0.3,5,CCA,0.025,0.0,0.06843849985613233,0.041498291110184216,0.00024573129985427933
1,0.3,5,FBCCA,0.0,7.30517519781877,0.2233368157271701,0.16569303802680502,0.0008772196595323578
1,0.3,5,TDCA,0.875,823.537674865997,0.7511531150615742,0.7001701635340201,0.07961981478303892
1,0.3,5,ImprovedTDCA,0.9,864.8784558823714,0.847078678143788,0.7225761847384687,0.12294950525429194
1,0.3,5,TriBranchTDCA,0.875,823.537674865997,0.9678528188931554,0.8344444812966271,0.0030559200986395307
1,0.5,0,CCA,0.175,35.09465151233407,0.1284963785920891,0.09055601367467314,0.00013922869880111932
1,0.5,0,FBCCA,0.325,101.3454569549014,0.2654871657547794,0.13566897015723856,0.001450991089039011
1,0.5,0,TDCA,0.9,518.9270735294228,1.1305698057728755,1.114186089396441,0.03493875761698684
1,0.5,0,ImprovedTDCA,0.9,518.9270735294228,1.2266752133279164,1.3954118936811601,0.1008575882747702
1,0.5,0,TriBranchTDCA,0.925,544.9453661215437,1.4744242507817606,1.6522503421807802,0.1865568514725835
1,0.5,1,CCA,0.125,18.436405221995926,0.15422092731596537,0.09681999337583069,0.0050809856171418755
1,0.5,1,FBCCA,0.2,44.6013869892241,0.28415736868902364,0.19427500485350357,0.0011164949944868496
1,0.5,1,TDCA,0.9,518.9270735294228,1.0711577483712489,0.9215579723368992,0.16274256131623388
1,0.5,1,ImprovedTDCA,0.925,544.9453661215437,1.2457321803842014,1.1256580386312625,0.0945316087450161
1,0.5,1,TriBranchTDCA,0.9,518.9270735294228,1.497928553580582,1.4322335981708245,0.019222478646826247
1,0.5,2,CCA,0.2,44.6013869892241,0.09164222286273963,0.061815120210895746,0.00642052145391947
1,0.5,2,FBCCA,0.225,54.7858255507327,0.29803201022142123,0.25673940556895514,0.005365085182320151
1,0.5,2,TDCA,0.975,602.5358529502963,1.2309306631905783,1.2343855554970333,0.02493939946427126
1,0.5,2,ImprovedTDCA,0.975,602.5358529502963,1.5186711116446339,1.5335155885666594,0.007544728566723613
1,0.5,2,TriBranchTDCA,0.975,602.5358529502963,1.6839891227680677,1.7263889269637136,0.13726876977189462
1,0.5,3,CCA,0.125,18.436405221995926,0.08341776463427122,0.05423838355922361,0.00013508539355489013
1,0.5,3,FBCCA,0.375,127.6941246208191,0.3002605121170552,0.25418360981787824,0.006171436987532086
1,0.5,3,TDCA,0.875,494.1226049195982,1.225686965431341,1.2819750505996508,0.014908600400293626
1,0.5,3,ImprovedTDCA,0.875,494.1226049195982,1.3264246728169737,1.3871377378064045,0.11348456754145109
1,0.5,3,TriBranchTDCA,0.9,518.9270735294228,1.7199079184884734,1.80971832144379,0.14544682321029967
1,0.5,4,CCA,0.1,11.528460518646853,0.08892328448870704,0.06075969820605209,0.0019280618218109336
1,0.5,4,FBCCA,0.175,35.09465151233407,0.29534526818845175,0.2509891910142923,0.024115961617549253
1,0.5,4,TDCA,0.975,602.5358529502963,1.1750223744137238,1.1758463975390967,0.12603385470994932
1,0.5,4,ImprovedTDCA,0.975,602.5358529502963,1.3878170485722052,1.431546325731496,0.08401070847553616
1,0.5,4,TriBranchTDCA,0.95,572.5513232193952,1.6014758757234264,1.7489519705946646,0.1355215363030673
1,0.5,5,CCA,0.075,5.834339797594232,0.08584243920376299,0.05764549794826701,0.0014995796211787482
1,0.5,5,FBCCA,0.225,54.7858255507327,0.2575530908496313,0.2160212691289688,0.029345086422158495
1,0.5,5,TDCA,0.975,602.5358529502963,1.0972934113653063,1.1312375184298658,0.0057917285723836365
1,0.5,5,ImprovedTDCA,0.975,602.5358529502963,1.2083251917440017,1.3531033312237208,0.05898805394093798
1,0.5,5,TriBranchTDCA,0.975,602.5358529502963,1.5071982867247975,1.397330988547722,0.0648423805981353
1,1.0,0,CCA,0.325,50.6727284774507,0.2096561636204668,0.15923096218159172,0.0035367766246838794
1,1.0,0,FBCCA,0.6,134.2089967732677,0.5836706274928974,0.4226541312571045,0.002857393697427657
1,1.0,0,TDCA,1.0,319.31568569044634,2.109139605778651,2.2245169647518725,0.002111134151948413
1,1.0,0,ImprovedTDCA,1.0,319.31568569044634,2.713382971028564,2.8202194892080117,0.6851665588024205
1,1.0,0,TriBranchTDCA,1.0,319.31568569044634,2.8380230760842653,2.8985536141382933,0.7827458080514291
1,1.0,1,CCA,0.3,44.451338547185806,0.23213261254607054,0.17740450094771343,0.011031641773916467
1,1.0,1,FBCCA,0.575,125.51543335486325,0.7392328507041167,0.6194870287222398,0.01724251094198337
1,1.0,1,TDCA,1.0,319.31568569044634,1.9446275817883367,1.9384140505223186,0.18189867691502215
1,1.0,1,ImprovedTDCA,1.0,319.31568569044634,2.451385194149121,2.48903010917961,0.5221018964726682
1,1.0,1,TriBranchTDCA,1.0,319.31568569044634,2.571199567676795,2.492203027315303,0.6961322156254215
1,1.0,2,CCA,0.425,77.94681338510304,0.20605955060380793,0.2111366314772668,0.003715059860409875
1,1.0,2,FBCCA,0.8,212.57517337365303,0.663260230611199,0.6758608391363081,0.010783830237471648
1,1.0,2,TDCA,1.0,319.31568569044634,2.2967833283522054,2.3199171547867,0.27653133729172197
1,1.0,2,ImprovedTDCA,1.0,319.31568569044634,2.867855192486954,2.9564292042863953,0.07831378893700647
1,1.0,2,TriBranchTDCA,1.0,319.31568569044634,3.0335509200066157,3.0988764236133512,0.9495635817187991
1,1.0,3,CCA,0.325,50.6727284774507,0.1690659399728241,0.12022695256738614,0.008166614475185296
1,1.0,3,FBCCA,0.625,143.12809559334323,0.5024935516198484,0.3519687495054593,0.010249380145226805
1,1.0,3,TDCA,0.975,301.26792647514816,2.1163992295889344,2.1940628019438844,0.3491945552326867
1,1.0,3,ImprovedTDCA,0.975,301.26792647514816,2.600632698895597,2.639801881532828,0.7851402593127799
1,1.0,3,TriBranchTDCA,1.0,319.31568569044634,2.7499261676240274,2.830314166803258,0.0009136992813152389
1,1.0,4,CCA,0.375,63.84706231040955,0.17741785001749602,0.13355469786415297,0.006913865245622208
1,1.0,4,FBCCA,0.625,143.12809559334323,0.6884605698306216,0.6452410231716192,0.036570048982276226
1,1.0,4,TDCA,0.975,301.26792647514816,2.329481024093536,2.307973431887554,0.35205984547747615
1,1.0,4,ImprovedTDCA,0.975,301.26792647514816,2.7790173159406475,2.7651435157519986,0.38844784155533185
1,1.0,4,TriBranchTDCA,0.975,301.26792647514816,2.9824925833269718,3.020874068967021,0.549729798453368
1,1.0,5,CCA,0.45,85.33094523151902,0.21738195837755087,0.1957786944020692,0.0012024272483872611
1,1.0,5,FBCCA,0.675,161.66617507355798,0.458640184136024,0.47721312124624427,0.011481638981132525
1,1.0,5,TDCA,1.0,319.31568569044634,2.346447354130239,2.408873078063503,0.32864683409627826
1,1.0,5,ImprovedTDCA,1.0,319.31568569044634,2.8837847001268866,3.080059182729145,0.03717145521688314
1,1.0,5,TriBranchTDCA,1.0,319.31568569044634,2.9539598284917394,2.983263953856323,0.2669466025573226
1,2.0,0,CCA,0.75,95.67898247138004,0.5403478297308352,0.5732805856007925,0.004856029732457134
1,2.0,0,FBCCA,1.0,159.65784284522317,1.6911369209243639,1.765585654679506,0.01284394456605975
1,2.0,0,TDCA,1.0,159.65784284522317,3.174449743072583,3.1857188130034997,1.4936219019301236
1,2.0,0,ImprovedTDCA,1.0,159.65784284522317,3.9070849375824785,4.017792934631785,2.4800651196257557
1,2.0,0,TriBranchTDCA,1.0,159.65784284522317,3.9443643877100563,3.9754184643652235,2.562339066425925
1,2.0,1,CCA,0.55,58.52167927234629,0.548271360118058,0.44665401979725927,0.00229872689817201
1,2.0,1,FBCCA,0.875,123.53065122989955,1.6681470305367463,1.840170392488098,0.0006010878973849998
1,2.0,1,TDCA,1.0,159.65784284522317,2.9435799376868346,2.9350031667377854,1.8104536654128716
1,2.0,1,ImprovedTDCA,1.0,159.65784284522317,3.678102547463864,3.8600999190992074,1.6357414687482619
1,2.0,1,TriBranchTDCA,1.0,159.65784284522317,3.7657447136127957,3.8039927246017555,2.361454577779828
1,2.0,2,CCA,0.7,85.65049589993984,0.6302320105844015,0.544713287615791,0.0026485332539238904
1,2.0,2,FBCCA,0.9,129.7317683823557,1.5615875627509983,1.578680018166882,0.10472314184145315
1,2.0,2,TDCA,1.0,159.65784284522317,3.190875486456432,3.2647873388128095,1.6113495515379919
1,2.0,2,ImprovedTDCA,1.0,159.65784284522317,3.950231324538889,4.1255790086546185,2.1120374004481652
1,2.0,2,TriBranchTDCA,1.0,159.65784284522317,4.001743391430717,4.088122009694288,2.225808517649642
1,2.0,3,CCA,0.625,71.56404779667162,0.5352405760426228,0.3612013193741681,0.01941219014556328
1,2.0,3,FBCCA,0.9,129.7317683823557,1.326861450709987,1.3872887876569961,0.04506868749710069
1,2.0,3,TDCA,1.0,159.65784284522317,3.023327673608366,3.146978192199661,1.4614932033773225
1,2.0,3,ImprovedTDCA,1.0,159.65784284522317,3.5663602302889785,3.5583052253348706,1.15358441469228
1,2.0,3,TriBranchTDCA,1.0,159.65784284522317,3.8779839303328765,4.0378982639269,2.5927188410487876
1,2.0,4,CCA,0.6,67.10449838663385,0.5712534984369381,0.47975653336040236,0.09002558463793564
1,2.0,4,FBCCA,0.9,129.7317683823557,1.6085915839318978,1.6002667555846417,0.16986006406357923
1,2.0,4,TDCA,0.975,150.63396323757408,3.1648449352808674,3.20464783730146,0.20667673417225174
1,2.0,4,ImprovedTDCA,0.975,150.63396323757408,3.7921846985131564,3.9743432620312173,0.4170041035929164
1,2.0,4,TriBranchTDCA,0.975,150.63396323757408,3.9356716082741117,4.068480517719646,0.24687665234052614
1,2.0,5,CCA,0.625,71.56404779667162,0.48254221326468516,0.40284114754000044,0.00022034233773515766
1,2.0,5,FBCCA,0.975,150.63396323757408,1.622032363564052,1.6017184486380802,0.10067743175526678
1,2.0,5,TDCA,1.0,159.65784284522317,3.1902375877252127,3.3144774276235554,1.9556071998843945
1,2.0,5,ImprovedTDCA,1.0,159.65784284522317,3.8067083245398323,3.879158217669327,0.759452585260675
1,2.0,5,TriBranchTDCA,1.0,159.65784284522317,3.996737905196197,4.114651749951179,1.9854169312293202
1,4.0,0,CCA,0.875,61.765325614949774,1.5440359523844642,1.3742681167170494,0.002611160809557145
1,4.0,0,FBCCA,1.0,79.82892142261159,3.3982597344121657,3.618477763056005,0.293124581615269
1,4.0,0,TDCA,1.0,79.82892142261159,4.464678387114663,4.6378760145889775,2.813110445177962
1,4.0,0,ImprovedTDCA,1.0,79.82892142261159,4.73706121408696,4.8320137210161525,2.5003759827067173
1,4.0,0,TriBranchTDCA,1.0,79.82892142261159,4.749138962348383,4.820910010219304,3.8812799837844087
1,4.0,1,CCA,0.75,47.83949123569002,1.330684860123678,1.2346643795142556,0.07599436908767121
1,4.0,1,FBCCA,1.0,79.82892142261159,3.1170141699641682,3.1889480723286594,0.5773866326788109
1,4.0,1,TDCA,1.0,79.82892142261159,4.202952971679794,4.298440685041796,2.921830789448022
1,4.0,1,ImprovedTDCA,1.0,79.82892142261159,4.262550086408969,4.420742124452472,2.8051942026109016
1,4.0,1,TriBranchTDCA,1.0,79.82892142261159,4.53348111928307,4.6837548098066595,3.4609688725126584
1,4.0,2,CCA,0.775,50.45279649945515,1.4930750691259866,1.182535431147897,0.010130225299091578
1,4.0,2,FBCCA,1.0,79.82892142261159,3.328474623730751,3.401517879249189,1.7214124175238994
1,4.0,2,TDCA,1.0,79.82892142261159,4.4768205010646565,4.490763826568427,3.7469797046881927
1,4.0,2,ImprovedTDCA,1.0,79.82892142261159,4.483850434555886,4.535911521424996,3.142513487593843
1,4.0,2,TriBranchTDCA,1.0,79.82892142261159,4.771777538806722,4.797230267394159,3.8642021367705697
1,4.0,3,CCA,0.7,42.82524794996992,1.5010493169466248,1.4459124557730598,0.0027602458453857004
1,4.0,3,FBCCA,0.95,71.5689154024244,3.0460719952576367,3.355258931510182,0.39057068584962673
1,4.0,3,TDCA,1.0,79.82892142261159,4.07974040332881,4.30541343121415,1.0253317163272784
1,4.0,3,ImprovedTDCA,1.0,79.82892142261159,4.230903486243014,4.581769774540696,1.5592866575026787
1,4.0,3,TriBranchTDCA,1.0,79.82892142261159,4.392539529318744,4.624517200274242,1.6617821507485817
1,4.0,4,CCA,0.85,58.78916186012437,1.5081879968641725,1.2707417346820273,0.09261663943487441
1,4.0,4,FBCCA,1.0,79.82892142261159,3.417085916710093,3.357706635930119,1.867356516690898
1,4.0,4,TDCA,0.975,75.31698161878704,4.353013647474386,4.489986479167158,0.3806361833773886
1,4.0,4,ImprovedTDCA,0.975,75.31698161878704,4.387419945179262,4.430636674486795,0.25295619605963315
1,4.0,4,TriBranchTDCA,0.975,75.31698161878704,4.607426924933907,4.714513473608896,0.503797761057672
1,4.0,5,CCA,0.75,47.83949123569002,1.251587219329253,0.9211684833181635,0.044448617568469295
1,4.0,5,FBCCA,1.0,79.82892142261159,3.15993828623044,3.198256708365754,0.43912538052642125
1,4.0,5,TDCA,1.0,79.82892142261159,4.293590940180886,4.47627438688871,0.4334672267831974
1,4.0,5,ImprovedTDCA,1.0,79.82892142261159,4.372088837812418,4.456187244376606,0.5370417986177469
1,4.0,5,TriBranchTDCA,1.0,79.82892142261159,4.60151886112465,4.730534787843717,0.7265682880387501
2,0.3,0,CCA,0.025,0.0,0.12410689045614573,0.079986334030689,0.0012238569854858827
2,0.3,0,FBCCA,0.075,9.723899662657054,0.21387378421863792,0.17011128038919543,0.002916820292652389
2,0.3,0,TDCA,0.775,672.7039533260687,0.9771761224619135,0.9588692424134789,0.003348543893309408
2,0.3,0,ImprovedTDCA,0.825,745.5933743059824,1.0744908252029846,1.113366338496575,0.012466939221509765
2,0.3,0,TriBranchTDCA,0.925,908.2422768692395,1.1789334413355803,1.2057254808785918,0.011120254857126088
2,0.3,1,CCA,0.075,9.723899662657054,0.06955055212177803,0.03785295096751973,0.011125791739076685
2,0.3,1,FBCCA,0.075,9.723899662657054,0.20021229992853123,0.14740554141124584,0.003635039732716283
2,0.3,1,TDCA,0.875,823.537674865997,0.8571044141024107,0.7612287201613492,0.11265039945211885
2,0.3,1,ImprovedTDCA,0.875,823.537674865997,0.9052749853468531,0.8925350663226309,0.0146474307261244
2,0.3,1,TriBranchTDCA,0.825,745.5933743059824,1.064005847439395,1.0671352872351556,0.023392134455528346
2,0.3,2,CCA,0.025,0.0,0.06592515575580231,0.035270879954981904,0.0006131846049732825
2,0.3,2,FBCCA,0.175,58.49108585389011,0.2337618287392579,0.13063866630730692,0.0014743033589830201
2,0.3,2,TDCA,0.7,571.003305999599,0.7832757845791992,0.6765220621226414,0.00551027778910429
2,0.3,2,ImprovedTDCA,0.75,637.8598831425336,0.8475580676436116,0.7870572843273453,0.060524012007354466
2,0.3,2,TriBranchTDCA,0.8,708.5839112455101,1.0602002709036153,0.9760298742503519,0.07450307270014633
2,0.3,3,CCA,0.05,2.8798059704541856,0.06206292890590792,0.02881567778305616,0.00414302107431852
2,0.3,3,FBCCA,0.05,2.8798059704541856,0.20613155101916547,0.14467736903549522,0.004446665700296393
2,0.3,3,TDCA,0.9,864.8784558823714,0.9318348344570827,0.8526413891389353,0.05428961597461357
2,0.3,3,ImprovedTDCA,0.85,783.855491468325,0.9685024864062978,1.0297950616249885,0.03150327867729974
2,0.3,3,TriBranchTDCA,0.875,823.537674865997,1.1160592606831732,1.0761404625350581,0.10869852432447402
2,0.3,4,CCA,0.025,0.0,0.07504743583773377,0.02841919320229397,0.0009003970281968865
2,0.3,4,FBCCA,0.125,30.727342036659877,0.1917617067597836,0.1622320256163835,0.028928721005053504
2,0.3,4,TDCA,0.825,745.5933743059824,0.8104962083721887,0.7646735281010014,0.07456879235067304
2,0.3,4,ImprovedTDCA,0.825,745.5933743059824,1.0119230789673492,1.044515100705375,0.1128181426212922
2,0.3,4,TriBranchTDCA,0.875,823.537674865997,1.1048792373825411,1.0710442552833546,0.038294940957077195
2,0.3,5,CCA,0.05,2.8798059704541856,0.06470089905344441,0.03991882135624525,0.0004073135274713646
2,0.3,5,FBCCA,0.125,30.727342036659877,0.21346053742472795,0.1706205239901889,0.005879320825967094
2,0.3,5,TDCA,0.8,708.5839112455101,0.8662329256204991,0.8038891485269226,0.018946021353492437
2,0.3,5,ImprovedTDCA,0.75,637.8598831425336,1.0122408088325054,1.018961608830532,0.006590267202902567
2,0.3,5,TriBranchTDCA,0.8,708.5839112455101,1.1062893759268135,1.1410967323288603,0.033661988275722976
2,0.5,0,CCA,0.175,35.09465151233407,0.11830534063100076,0.10617928090912565,0.004084203660954966
2,0.5,0,FBCCA,0.275,76.975596950114,0.26302714947097117,0.2086414396099161,0.00046748644646843474
2,0.5,0,TDCA,0.95,572.5513232193952,1.38014889799544,1.3406344463568485,0.13449748263947114
2,0.5,0,ImprovedTDCA,0.925,544.9453661215437,1.696737066290575,1.7198706738118126,0.03284720233393856
2,0.5,0,TriBranchTDCA,0.95,572.5513232193952,1.8254694654985357,1.7354910246095279,0.6007320802633196
2,0.5,1,CCA,0.075,5.834339797594232,0.08027326391076486,0.044768754180161796,0.003745425680108827
2,0.5,1,FBCCA,0.175,35.09465151233407,0.23269923061244818,0.15901278488321702,0.008352792273207621
2,0.5,1,TDCA,0.9,518.9270735294228,1.1828968846540575,1.122758104811178,0.08419193940039049
2,0.5,1,ImprovedTDCA,0.875,494.1226049195982,1.3372817075319816,1.369666639922197,0.012311524403297636
2,0.5,1,TriBranchTDCA,0.9,518.9270735294228,1.5958860221211626,1.7199632192052174,0.11263735855944557
2,0.5,2,CCA,0.175,35.09465151233407,0.08985651781099657,0.04953896542986025,0.002308396238495325
2,0.5,2,FBCCA,0.3,88.90267709437161,0.3188238921845612,0.21879713051601002,0.001216264016791424
2,0.5,2,TDCA,0.9,518.9270735294228,1.1904655405164595,1.2677988006662806,0.1597247368365049
2,0.5,2,ImprovedTDCA,0.95,572.5513232193952,1.4226206394719143,1.4935592987422281,0.05679908800423705
2,0.5,2,TriBranchTDCA,0.9,518.9270735294228,1.5245588758987645,1.7374294675636834,0.05094670104521537
2,0.5,3,CCA,0.1,11.528460518646853,0.09678561083611643,0.061824263037998595,0.002316677142626844
2,0.5,3,FBCCA,0.175,35.09465151233407,0.2600117565489023,0.1518145269835396,0.0058269024662167546
2,0.5,3,TDCA,0.925,544.9453661215437,1.1410562841830916,1.1602098594892924,0.018560326690868267
2,0.5,3,ImprovedTDCA,0.975,602.5358529502963,1.3798875489756122,1.3594086069999738,0.17716294604804506
2,0.5,3,TriBranchTDCA,0.975,602.5358529502963,1.6174921413439818,1.8136663241071016,0.17727099265473578
2,0.5,4,CCA,0.225,54.7858255507327,0.11888954951593342,0.07554447058129676,0.002508465980540664
2,0.5,4,FBCCA,0.45,170.66189046303805,0.2945468889284558,0.25608472798074,0.012078674700609415
2,0.5,4,TDCA,0.95,572.5513232193952,1.2212637297101074,1.1804711297769064,0.27730377987806554
2,0.5,4,ImprovedTDCA,0.95,572.5513232193952,1.6085739763629703,1.5699259518751434,0.2512987967243565
2,0.5,4,TriBranchTDCA,0.95,572.5513232193952,1.6426849502798635,1.587560086583213,0.17470146497576922
2,0.5,5,CCA,0.15,26.339508496566104,0.07574714645463912,0.05112894127998269,0.006229270014743937
2,0.5,5,FBCCA,0.4,141.56834029384152,0.27759261765669124,0.19120773711666472,0.01971009006114266
2,0.5,5,TDCA,0.9,518.9270735294228,1.1238877786572772,1.1446012829867094,0.05856404746208743
2,0.5,5,ImprovedTDCA,0.95,572.5513232193952,1.3041517054775507,1.3489615469986367,0.0830909762451264
2,0.5,5,TriBranchTDCA,0.975,602.5358529502963,1.5830522721429379,1.6250119312045785,0.1250256786100561
2,1.0,0,CCA,0.725,181.1936583843377,0.3361306448393618,0.3003335038525108,0.021184901927011168
2,1.0,0,FBCCA,0.9,259.4635367647114,1.1366138787338331,1.2935112629341399,0.019037831124744997
2,1.0,0,TDCA,0.975,301.26792647514816,2.492084424859048,2.680309881286987,0.5491844989551682
2,1.0,0,ImprovedTDCA,0.975,301.26792647514816,3.019111681377202,3.2905548628413874,0.0849817145183065
2,1.0,0,TriBranchTDCA,0.975,301.26792647514816,3.2587282626650733,3.589654054134302,0.33111393129876054
2,1.0,1,CCA,0.45,85.33094523151902,0.3137758427820751,0.2839585655216106,0.006906009935983226
2,1.0,1,FBCCA,0.85,235.1566474404975,0.8564695170252442,0.7873378861348395,0.11367331729869656
2,1.0,1,TDCA,0.975,301.26792647514816,2.343135880906621,2.3774494071082026,0.6233283866835855
2,1.0,1,ImprovedTDCA,1.0,319.31568569044634,2.867229071715214,3.025931450837841,0.6159628342573353
2,1.0,1,TriBranchTDCA,0.975,301.26792647514816,3.137624226143476,3.1171439239212324,0.1994063379483153
2,1.0,2,CCA,0.675,161.66617507355798,0.2620168122471946,0.19394384286828337,0.0018387180958883143
2,1.0,2,FBCCA,0.825,223.6780122917947,0.9587625562250551,0.8905209761990454,0.01859607959707965
2,1.0,2,TDCA,1.0,319.31568569044634,2.4586503752446065,2.4982793996623402,0.6243060182834763
2,1.0,2,ImprovedTDCA,1.0,319.31568569044634,2.9058538531671543,3.0459183992560286,1.021541572252393
2,1.0,2,TriBranchTDCA,1.0,319.31568569044634,3.24553995269561,3.438914173989483,0.5425747759142094
2,1.0,3,CCA,0.625,143.12809559334323,0.24261660416862849,0.21987440835642436,0.0017270059977660956
2,1.0,3,FBCCA,0.925,272.47268306077183,0.8956971985767286,0.8920241663642268,0.04498678427355762
2,1.0,3,TDCA,1.0,319.31568569044634,2.446713394320952,2.4849557463901295,1.0879619685588091
2,1.0,3,ImprovedTDCA,1.0,319.31568569044634,2.9414295131275523,3.103411196279659,0.575521542186554
2,1.0,3,TriBranchTDCA,1.0,319.31568569044634,3.10751571225436,3.160569284662658,1.2526815207780717
2,1.0,4,CCA,0.55,117.04335854469258,0.31754384191908813,0.2790594029615886,0.009248943508238572
2,1.0,4,FBCCA,0.85,235.1566474404975,1.1938909167552698,1.1658358204832253,0.019019908681777498
2,1.0,4,TDCA,1.0,319.31568569044634,2.326571221332972,2.3346682921197943,0.6329444859923521
2,1.0,4,ImprovedTDCA,1.0,319.31568569044634,3.055659439972766,3.2158220107093727,1.1417936711796135
2,1.0,4,TriBranchTDCA,1.0,319.31568569044634,3.192861073419624,3.3537187005560973,1.0937216252430768
2,1.0,5,CCA,0.6,134.2089967732677,0.2483479611841905,0.217701632752194,0.008753063156913932
2,1.0,5,FBCCA,0.7,171.30099179987968,0.8283613135909075,0.8353018481784871,0.014990186193701183
2,1.0,5,TDCA,1.0,319.31568569044634,2.4487806420700564,2.453546192576453,0.921184368256561
2,1.0,5,ImprovedTDCA,1.0,319.31568569044634,2.880317528754948,2.917605013789392,0.9789715099934826
2,1.0,5,TriBranchTDCA,1.0,319.31568569044634,3.164504679789503,3.207476339685788,1.2232693758171633
2,2.0,0,CCA,0.95,143.1378308048488,0.9789523237691181,0.9861653220256226,0.08946964737452978
2,2.0,0,FBCCA,1.0,159.65784284522317,2.5624916602921437,2.4586543744857003,0.26479914559531004
2,2.0,0,TDCA,0.975,150.63396323757408,3.205996806429637,3.3958613127630892,0.04613161624270168
2,2.0,0,ImprovedTDCA,0.975,150.63396323757408,3.990060703898705,4.139773493295131,0.1885815634030843
2,2.0,0,TriBranchTDCA,0.975,150.63396323757408,4.129181615648477,4.32828769959158,0.06887849192311779
2,2.0,1,CCA,0.85,117.57832372024875,1.015623768733454,1.1191148790293242,0.00019868455299287824
2,2.0,1,FBCCA,0.975,150.63396323757408,2.3628760379034306,2.466123707777217,0.3362311601929324
2,2.0,1,TDCA,1.0,159.65784284522317,3.272942387973836,3.2660685379596957,1.8524281081667604
2,2.0,1,ImprovedTDCA,1.0,159.65784284522317,4.194320018504976,4.348323354842571,2.731883882416324
2,2.0,1,TriBranchTDCA,1.0,159.65784284522317,4.309879229131244,4.338215768108355,2.704956709170785
2,2.0,2,CCA,0.95,143.1378308048488,1.0348657610534606,0.9979464229144526,0.026898919041264957
2,2.0,2,FBCCA,1.0,159.65784284522317,2.639132213522465,2.7242858345340517,0.5543410903644812
2,2.0,2,TDCA,1.0,159.65784284522317,3.4827709955810136,3.516988466436654,2.1310381801295595
2,2.0,2,ImprovedTDCA,1.0,159.65784284522317,4.305304126225334,4.4044949892892085,2.7714940118184765
2,2.0,2,TriBranchTDCA,1.0,159.65784284522317,4.438264480707744,4.562178991810783,3.252028617054433
2,2.0,3,CCA,0.8,106.28758668682651,0.7526447640647022,0.7389617015421261,0.04226345691444111
2,2.0,3,FBCCA,1.0,159.65784284522317,2.1994014209267605,2.3225782854679555,0.6194717538659136
2,2.0,3,TDCA,1.0,159.65784284522317,3.399376002169272,3.342345037488798,2.235494827068955
2,2.0,3,ImprovedTDCA,1.0,159.65784284522317,4.055222579125468,4.167346909692938,2.0868668773617256
2,2.0,3,TriBranchTDCA,1.0,159.65784284522317,4.188547740105923,4.330090498443228,2.4909250493275112
2,2.0,4,CCA,0.9,129.7317683823557,1.0330457796089636,0.9396938323112856,0.1021728242848996
2,2.0,4,FBCCA,1.0,159.65784284522317,2.836707732234998,2.7893022760596735,0.29729038717906464
2,2.0,4,TDCA,1.0,159.65784284522317,3.3602065441392654,3.427130333259389,2.1392542358986386
2,2.0,4,ImprovedTDCA,1.0,159.65784284522317,4.222159694641681,4.300150230167732,2.777009388974154
2,2.0,4,TriBranchTDCA,1.0,159.65784284522317,4.330543068856068,4.381191917796277,2.9553632462319435
2,2.0,5,CCA,0.8,106.28758668682651,0.9241424474337986,0.9724802663857607,0.053872704469183574
2,2.0,5,FBCCA,0.925,136.23634153038591,2.132903205485072,2.27925322237902,0.1745251874542526
2,2.0,5,TDCA,1.0,159.65784284522317,3.1741119966996165,3.257003764861687,0.5511169530519775
2,2.0,5,ImprovedTDCA,1.0,159.65784284522317,3.845487556555149,4.092711289875112,1.6020535941409437
2,2.0,5,TriBranchTDCA,1.0,159.65784284522317,4.033156697333056,4.164669000312362,1.636696106918233
2,4.0,0,CCA,1.0,79.82892142261159,2.9952206568670596,3.167583664508461,1.3150864174903292
2,4.0,0,FBCCA,1.0,79.82892142261159,4.540066947509112,4.727124224888396,2.810104425518536
2,4.0,0,TDCA,0.975,75.31698161878704,4.046010227712497,4.240502398720748,0.48213017346035203
2,4.0,0,ImprovedTDCA,0.975,75.31698161878704,4.686006778825265,4.813608033195369,0.32319754622070906
2,4.0,0,TriBranchTDCA,0.975,75.31698161878704,4.642403005357275,4.799064275483671,0.0045474204233755255
2,4.0,1,CCA,1.0,79.82892142261159,3.1335613589081683,3.4386811223272793,0.08729307969825317
2,4.0,1,FBCCA,1.0,79.82892142261159,4.5488639149165,4.724409541337497,2.548823959884095
2,4.0,1,TDCA,1.0,79.82892142261159,4.3120288173814,4.403139613903004,3.009300800089912
2,4.0,1,ImprovedTDCA,1.0,79.82892142261159,4.968987342649098,5.0791804528749305,3.902884452058414
2,4.0,1,TriBranchTDCA,1.0,79.82892142261159,4.904738973094551,4.945173750867069,3.801940230177957
2,4.0,2,CCA,1.0,79.82892142261159,2.9870401630491927,3.0453054574748837,0.05179552090407347
2,4.0,2,FBCCA,1.0,79.82892142261159,4.5603351368098,4.790713959563906,2.4120051379651426
2,4.0,2,TDCA,1.0,79.82892142261159,4.329196442919385,4.347965214321022,3.3417170973240964
2,4.0,2,ImprovedTDCA,1.0,79.82892142261159,4.976613860650001,5.027073172588306,3.666100230690491
2,4.0,2,TriBranchTDCA,1.0,79.82892142261159,4.934883346033916,5.027831479403281,3.7955682080647124
2,4.0,3,CCA,0.95,71.5689154024244,2.550309229326841,2.6255961948787547,0.11839171520332048
2,4.0,3,FBCCA,1.0,79.82892142261159,4.383587382545814,4.394932964772465,2.499134469347702
2,4.0,3,TDCA,1.0,79.82892142261159,4.328185449740402,4.262339219560445,3.5385946703450006
2,4.0,3,ImprovedTDCA,1.0,79.82892142261159,4.828421974225101,4.77161148477403,3.5301612855402738
2,4.0,3,TriBranchTDCA,1.0,79.82892142261159,4.792367481044279,4.804621901813221,3.9067793444610146
2,4.0,4,CCA,1.0,79.82892142261159,2.7207008369113264,2.8791968549029425,0.28241199595266897
2,4.0,4,FBCCA,1.0,79.82892142261159,4.597781146485795,4.722840915162609,2.8864589349258156
2,4.0,4,TDCA,1.0,79.82892142261159,4.268490037035685,4.312392544881034,3.1876151436966396
2,4.0,4,ImprovedTDCA,1.0,79.82892142261159,4.936978563640349,5.003308554235586,3.8650625388345947
2,4.0,4,TriBranchTDCA,1.0,79.82892142261159,4.899686486892227,4.89959433315453,4.09755737257995
2,4.0,5,CCA,0.875,61.765325614949774,2.425480060335899,2.8460597532751297,0.07728346264361408
2,4.0,5,FBCCA,1.0,79.82892142261159,4.253884455848074,4.285208569797399,1.8290078370863987
2,4.0,5,TDCA,0.975,75.31698161878704,4.182001551049665,4.358411259499165,0.38113861543207106
2,4.0,5,ImprovedTDCA,1.0,79.82892142261159,4.703906733916004,4.884796783677174,2.304724958924165
2,4.0,5,TriBranchTDCA,0.975,75.31698161878704,4.663878061865225,4.796131965952723,0.16203614968387825
3,0.3,0,CCA,0.125,30.727342036659877,0.05733060519769047,0.032669827108231186,0.0013099520083859062
3,0.3,0,FBCCA,0.075,9.723899662657054,0.19319729931689117,0.15566788520239938,0.001038880993344371
3,0.3,0,TDCA,0.8,708.5839112455101,0.8552470839786345,0.8988509847706797,0.005042259416284445
3,0.3,0,ImprovedTDCA,0.825,745.5933743059824,1.0096040696648618,0.9167664618729099,0.008840351014655301
3,0.3,0,TriBranchTDCA,0.825,745.5933743059824,1.1634657195646878,1.0963224233925262,0.024619507927608808
3,0.3,1,CCA,0.125,30.727342036659877,0.048543003924512086,0.030038338102229556,0.001591174090361358
3,0.3,1,FBCCA,0.225,91.30970925122118,0.23313313935814522,0.2229249915651098,0.013712922170417308
3,0.3,1,TDCA,0.95,954.2522053656586,0.981654006144062,1.0120005568984194,0.06469491322658527
3,0.3,1,ImprovedTDCA,0.95,954.2522053656586,1.1292560455755347,1.1858684105944195,0.1719431947420902
3,0.3,1,TriBranchTDCA,0.95,954.2522053656586,1.3739145027549062,1.4601627091898743,0.04589007280414292
3,0.3,2,CCA,0.075,9.723899662657054,0.0403538739979445,0.026563899875221675,0.0006961985932540937
3,0.3,2,FBCCA,0.1,19.21410086441142,0.2026299155060502,0.1633768480802732,0.0033154927321452643
3,0.3,2,TDCA,0.95,954.2522053656586,0.9557100424071375,0.9271476565037644,0.0999070726713076
3,0.3,2,ImprovedTDCA,0.95,954.2522053656586,1.083209216895511,1.0130988673234116,0.07508786101673603
3,0.3,2,TriBranchTDCA,0.975,1004.2264215838272,1.2562612764565526,1.259624946410637,0.07688122165482003
3,0.3,3,CCA,0.15,43.899180827610174,0.09847117548575905,0.04870933545666101,0.00022112095291193512
3,0.3,3,FBCCA,0.25,109.31966125630856,0.22130240173808202,0.1479528499528041,0.012847834204376962
3,0.3,3,TDCA,0.95,954.2522053656586,1.0682391986659416,1.0008777909065096,0.17878790682013523
3,0.3,3,ImprovedTDCA,0.95,954.2522053656586,1.25112850836631,1.1872120266195263,0.28952707217874574
3,0.3,3,TriBranchTDCA,0.975,1004.2264215838272,1.524230182907798,1.5091029117924244,0.21886789952538166
3,0.3,4,CCA,0.125,30.727342036659877,0.04695644998763464,0.03150470538773209,0.0019875416882824126
3,0.3,4,FBCCA,0.175,58.49108585389011,0.2512730678228308,0.18840763682480566,0.002589067382386956
3,0.3,4,TDCA,0.975,1004.2264215838272,1.1018785383602823,1.161925291420453,0.014375784031550154
3,0.3,4,ImprovedTDCA,0.975,1004.2264215838272,1.2652047997180396,1.468488819464076,0.0012642619384473086
3,0.3,4,TriBranchTDCA,1.0,1064.3856189681546,1.5255372908195528,1.5945891472714953,0.15316034051601157
3,0.3,5,CCA,0.1,19.21410086441142,0.07061499777530303,0.023499900217546055,0.00022672596000483658
3,0.3,5,FBCCA,0.075,9.723899662657054,0.22191832351300428,0.18005406776806654,0.009324438548847347
3,0.3,5,TDCA,0.925,908.2422768692395,0.8933472368806388,0.8914250630779725,0.00639088331749349
3,0.3,5,ImprovedTDCA,0.95,954.2522053656586,1.0343228333974768,1.044694148046048,0.02956034744304148
3,0.3,5,TriBranchTDCA,1.0,1064.3856189681546,1.3452408716800146,1.342722814852864,0.18985367690107235
3,0.5,0,CCA,0.25,65.59179675378513,0.1053170984930413,0.06998149007093235,0.0016250207310499754
3,0.5,0,FBCCA,0.525,217.5799394261981,0.31632358471044925,0.28361916314648383,0.00016305816108586058
3,0.5,0,TDCA,0.95,572.5513232193952,1.2076908677977118,1.152071508426376,0.0025724344888122808
3,0.5,0,ImprovedTDCA,0.925,544.9453661215437,1.7984910178075668,1.7859675803801278,0.013876456568743922
3,0.5,0,TriBranchTDCA,0.975,602.5358529502963,2.005294307754584,2.097153604144891,0.12841015138426704
3,0.5,1,CCA,0.375,127.6941246208191,0.07826087515432376,0.06604893826886626,3.317919607148667e-05
3,0.5,1,FBCCA,0.6,268.4179935465354,0.32038012123867904,0.27863352327770685,0.01382130805436077
3,0.5,1,TDCA,1.0,638.6313713808927,1.4926022190634067,1.5431700402320754,0.25879490221748247
3,0.5,1,ImprovedTDCA,1.0,638.6313713808927,2.0735000505245047,2.0493167800479135,0.40528071864056114
3,0.5,1,TriBranchTDCA,1.0,638.6313713808927,2.2795034906428646,2.2174032554818437,0.5210826209481372
3,0.5,2,CCA,0.525,217.5799394261981,0.09590821620778626,0.08135152709441396,0.009035171181924984
3,0.5,2,FBCCA,0.6,268.4179935465354,0.32352627347986224,0.25767258446325925,0.010248527972066768
3,0.5,2,TDCA,1.0,638.6313713808927,1.413155402671727,1.3376417700805376,0.27513596559900577
3,0.5,2,ImprovedTDCA,1.0,638.6313713808927,2.028159277764903,1.976801446741922,0.01335869248602739
3,0.5,2,TriBranchTDCA,1.0,638.6313713808927,2.2593446823851537,2.274365642806038,0.23571320309826227
3,0.5,3,CCA,0.3,88.90267709437161,0.10632607821575388,0.07070603382549479,9.890034998116803e-05
3,0.5,3,FBCCA,0.6,268.4179935465354,0.3309187867513105,0.28159437517516195,0.0041027279638923275
3,0.5,3,TDCA,0.975,602.5358529502963,1.4945356030043897,1.5086165370486944,0.023122995954880654
3,0.5,3,ImprovedTDCA,0.95,572.5513232193952,2.227225581066281,2.416373253353097,0.05548130678123986
3,0.5,3,TriBranchTDCA,0.975,602.5358529502963,2.4219413100501352,2.5367690244172563,0.21487158212819368
3,0.5,4,CCA,0.325,101.3454569549014,0.11101268467579672,0.06365087309124284,0.007030206336903211
3,0.5,4,FBCCA,0.575,251.0308667097265,0.33259301677776487,0.31153096394817714,0.03235151436426742
3,0.5,4,TDCA,1.0,638.6313713808927,1.456269719864815,1.4372341072626889,0.3472742167574898
3,0.5,4,ImprovedTDCA,1.0,638.6313713808927,2.1097504576678756,2.098103040196289,0.5610280955896814
3,0.5,4,TriBranchTDCA,1.0,638.6313713808927,2.341951822470446,2.3418592970847363,0.877038553833243
3,0.5,5,CCA,0.2,44.6013869892241,0.07565353209834844,0.06719796809175815,0.0007278923803311077
3,0.5,5,FBCCA,0.5,201.5072382547486,0.3356175297860565,0.23674953912493613,0.006387235355777232
3,0.5,5,TDCA,1.0,638.6313713808927,1.30383093904425,1.287645364136839,0.06073055339677769
3,0.5,5,ImprovedTDCA,0.975,602.5358529502963,1.937835660860257,1.8240409048939343,0.029833915001880484
3,0.5,5,TriBranchTDCA,1.0,638.6313713808927,2.1783949012456714,2.1458849160351345,0.1972385804393162
3,1.0,0,CCA,0.75,191.35796494276008,0.35806127880399874,0.3212656006789114,0.013311073521023342
3,1.0,0,FBCCA,0.95,286.2756616096976,1.2736671901841277,1.2815289360610396,0.1875395433635001
3,1.0,0,TDCA,0.95,286.2756616096976,2.9476653586949406,2.9700112862746018,0.5131828496467428
3,1.0,0,ImprovedTDCA,0.975,301.26792647514816,3.413923505243946,3.5303147786632456,0.08684300109004894
3,1.0,0,TriBranchTDCA,0.95,286.2756616096976,3.7663589207107306,3.8354634507720653,0.12424895382234391
3,1.0,1,CCA,0.75,191.35796494276008,0.40549697426747466,0.4086082130854818,0.0056787632190800075
3,1.0,1,FBCCA,0.95,286.2756616096976,1.394676994702304,1.4427681838267248,0.009221831929746127
3,1.0,1,TDCA,1.0,319.31568569044634,3.3387766406509556,3.3147879257540898,2.172092102955548
3,1.0,1,ImprovedTDCA,1.0,319.31568569044634,3.67412143696017,3.7278071005630653,2.125724272608957
3,1.0,1,TriBranchTDCA,1.0,319.31568569044634,4.020601687717997,3.985671895197242,2.481258401266781
3,1.0,2,CCA,0.825,223.6780122917947,0.4071303221019519,0.32911269795056297,0.005205973905536343
3,1.0,2,FBCCA,0.975,301.26792647514816,1.4809343988813253,1.5224778987131655,0.3112033673871153
3,1.0,2,TDCA,1.0,319.31568569044634,3.362283451404115,3.3568461839491857,2.1712806444722306
3,1.0,2,ImprovedTDCA,1.0,319.31568569044634,3.8181833456914296,3.8088821220053015,2.5112971230326915
3,1.0,2,TriBranchTDCA,1.0,319.31568569044634,4.1805538426514675,4.20734001797876,3.2669587191066634
3,1.0,3,CCA,0.75,191.35796494276008,0.36794131795167695,0.36782319229509497,0.0049470539500791055
3,1.0,3,FBCCA,0.95,286.2756616096976,1.3539546634891173,1.402287891609351,0.10113288096621664
3,1.0,3,TDCA,1.0,319.31568569044634,3.28063072289905,3.3946563150586164,1.4093211043378318
3,1.0,3,ImprovedTDCA,1.0,319.31568569044634,3.7232964986272608,3.7950369239866744,1.4362783144487627
3,1.0,3,TriBranchTDCA,1.0,319.31568569044634,4.107183723920622,4.238738282718149,1.8211859414119265
3,1.0,4,CCA,0.8,212.57517337365303,0.3194479746282,0.23580887598143307,0.028767229277299577
3,1.0,4,FBCCA,0.975,301.26792647514816,1.3639727831109263,1.3498322499997675,0.032580017483793355
3,1.0,4,TDCA,1.0,319.31568569044634,3.3572199454718636,3.505048120866741,2.0232845243802844
3,1.0,4,ImprovedTDCA,1.0,319.31568569044634,3.8122488785383624,3.819439468753825,2.5635166603118087
3,1.0,4,TriBranchTDCA,1.0,319.31568569044634,4.170383668440643,4.25035361852685,2.910200317214393
3,1.0,5,CCA,0.6,134.2089967732677,0.2906741058953414,0.20508384900255017,0.00986084781569696
3,1.0,5,FBCCA,0.875,247.0613024597991,1.1780765791547951,1.319119948554086,0.06352937386348767
3,1.0,5,TDCA,1.0,319.31568569044634,2.9543333695094285,3.1093909218678366,0.25018788848396056
3,1.0,5,ImprovedTDCA,1.0,319.31568569044634,3.3439792107544632,3.5637342410840183,0.4798441528166908
3,1.0,5,TriBranchTDCA,1.0,319.31568569044634,3.713242519501617,3.747110482717739,0.7581994796671778
3,2.0,0,CCA,0.975,150.63396323757408,1.5103634555282794,1.4489900752968645,0.19975796914644173
3,2.0,0,FBCCA,0.975,150.63396323757408,3.5140216223676206,3.6618059119482917,0.4607955512081894
3,2.0,0,TDCA,0.95,143.1378308048488,3.9061152443223848,4.0931856590005955,0.03371258406148825
3,2.0,0,ImprovedTDCA,0.975,150.63396323757408,4.728980208763081,5.005112423301344,0.27592171004600896
3,2.0,0,TriBranchTDCA,0.95,143.1378308048488,4.733547909263768,4.980659219741185,0.02532497447377491
3,2.0,1,CCA,0.925,136.23634153038591,1.496003484936968,1.4789951105407397,0.04605021583123925
3,2.0,1,FBCCA,0.975,150.63396323757408,3.1855623613129262,3.1703464393357144,0.13850290107986352
3,2.0,1,TDCA,1.0,159.65784284522317,3.9563846216647662,4.102971572773192,1.8088637069950546
3,2.0,1,ImprovedTDCA,1.0,159.65784284522317,4.697097139744786,4.893967640411086,2.353202086449905
3,2.0,1,TriBranchTDCA,1.0,159.65784284522317,4.806320861536724,4.851687981157143,2.668608819498555
3,2.0,2,CCA,0.95,143.1378308048488,1.4215753110603762,1.611584543724494,0.11155795022807302
3,2.0,2,FBCCA,1.0,159.65784284522317,3.508724221465603,3.8860536787945428,1.0577624504618521
3,2.0,2,TDCA,1.0,159.65784284522317,4.19866038426172,4.363547767431058,2.134386299305114
3,2.0,2,ImprovedTDCA,1.0,159.65784284522317,4.922141437129338,5.003520325755256,3.7292127075502517
3,2.0,2,TriBranchTDCA,1.0,159.65784284522317,5.02607003918784,5.077774363225657,3.4707444245267283
3,2.0,3,CCA,0.925,136.23634153038591,1.2796059146423553,1.282496261436471,0.0010160868696140746
3,2.0,3,FBCCA,1.0,159.65784284522317,3.3754840325738327,3.468221485763457,1.0336325568752742
3,2.0,3,TDCA,1.0,159.65784284522317,4.21775254322022,4.400605154027092,2.810080441071081
3,2.0,3,ImprovedTDCA,1.0,159.65784284522317,4.957146063298643,5.019385410555531,3.796770756535775
3,2.0,3,TriBranchTDCA,1.0,159.65784284522317,5.050708113841448,5.2039341229062135,3.9912712406614475
3,2.0,4,CCA,1.0,159.65784284522317,1.3363897368076394,1.2419655821856517,0.15189433176975875
3,2.0,4,FBCCA,1.0,159.65784284522317,3.46661667862893,3.7108176811981872,1.2955307073509794
3,2.0,4,TDCA,1.0,159.65784284522317,4.193221863101174,4.2474356198115,2.4389375676969225
3,2.0,4,ImprovedTDCA,1.0,159.65784284522317,4.88521105736838,4.937130998209403,3.3770705729601076
3,2.0,4,TriBranchTDCA,1.0,159.65784284522317,4.982699543675261,5.0355037357227825,3.350584902262395
3,2.0,5,CCA,0.825,111.83900614589734,1.1661577024066414,0.9200815436264165,0.010103220720782069
3,2.0,5,FBCCA,1.0,159.65784284522317,3.050012014220758,3.3541782125616577,0.2803914085240069
3,2.0,5,TDCA,1.0,159.65784284522317,3.8004300507763134,4.058435494778006,1.9143486581681977
3,2.0,5,ImprovedTDCA,1.0,159.65784284522317,4.5423755300829605,4.69742102096288,2.32804154070888
3,2.0,5,TriBranchTDCA,1.0,159.65784284522317,4.587791843712109,4.760270749578796,2.6064015359356625
3,4.0,0,CCA,1.0,79.82892142261159,3.4060107201011043,3.448541705156443,1.2527238725812322
3,4.0,0,FBCCA,1.0,79.82892142261159,5.130122748413139,5.360118791883943,1.913467193587798
3,4.0,0,TDCA,0.95,71.5689154024244,4.377348718485483,4.657092528363482,0.08037159956684459
3,4.0,0,ImprovedTDCA,1.0,79.82892142261159,5.094004311388072,5.372789334926804,0.510587841690548
3,4.0,0,TriBranchTDCA,0.975,75.31698161878704,4.986000406696551,5.308760918581381,0.47210731582418486
3,4.0,1,CCA,0.975,75.31698161878704,3.6367497222500687,3.771770408948906,0.7902020240142571
3,4.0,1,FBCCA,0.975,75.31698161878704,4.931743656593913,5.182175830327321,0.9318905635130257
3,4.0,1,TDCA,1.0,79.82892142261159,4.520951491229057,4.691786755020707,0.8139031832077481
3,4.0,1,ImprovedTDCA,1.0,79.82892142261159,5.195423425318137,5.391201650687027,2.412457239126632
3,4.0,1,TriBranchTDCA,1.0,79.82892142261159,5.173217601640344,5.291765770876285,2.4640532627403173
3,4.0,2,CCA,1.0,79.82892142261159,3.393761507555422,3.59678196634619,1.2007356158844686
3,4.0,2,FBCCA,1.0,79.82892142261159,5.162356607859325,5.243100389142766,3.0805590104107012
3,4.0,2,TDCA,1.0,79.82892142261159,4.727663815145793,4.730780218258921,3.332699828177727
3,4.0,2,ImprovedTDCA,1.0,79.82892142261159,5.299295756945286,5.3838715716505785,4.492889347705329
3,4.0,2,TriBranchTDCA,1.0,79.82892142261159,5.265487952529914,5.314895172221982,4.520934670753544
3,4.0,3,CCA,0.925,68.11817076519296,3.388720830956642,3.6700691414742503,0.5346396548647778
3,4.0,3,FBCCA,1.0,79.82892142261159,4.942973678334509,5.185651012700177,0.29182342096513736
3,4.0,3,TDCA,1.0,79.82892142261159,4.641806986683008,4.803401941876944,3.110216369819007
3,4.0,3,ImprovedTDCA,1.0,79.82892142261159,5.241845251228389,5.298531342383362,4.505051143040113
3,4.0,3,TriBranchTDCA,1.0,79.82892142261159,5.166505111681583,5.234059895122293,4.054548349743586
3,4.0,4,CCA,1.0,79.82892142261159,3.4424859868767053,3.594642935083045,0.9572400985591454
3,4.0,4,FBCCA,1.0,79.82892142261159,5.187563782361186,5.31133446740469,2.005432196789638
3,4.0,4,TDCA,1.0,79.82892142261159,4.6845402955237105,4.753608076314576,3.843055947205041
3,4.0,4,ImprovedTDCA,1.0,79.82892142261159,5.304511697745616,5.393856341034374,4.078126943426924
3,4.0,4,TriBranchTDCA,1.0,79.82892142261159,5.240770373776896,5.294483216441757,4.1891423160024
3,4.0,5,CCA,1.0,79.82892142261159,3.0118248937455587,3.12212233925416,0.3916623339633243
3,4.0,5,FBCCA,1.0,79.82892142261159,4.987229000295484,5.120116332506788,2.443436831486772
3,4.0,5,TDCA,1.0,79.82892142261159,4.428746393200319,4.475506126783856,3.1917394833181496
3,4.0,5,ImprovedTDCA,1.0,79.82892142261159,5.093277261869339,5.182698871754649,3.870395852717674
3,4.0,5,TriBranchTDCA,1.0,79.82892142261159,5.019095061622542,5.122933065695273,3.9102209721908103
4,0.3,0,CCA,0.075,9.723899662657054,0.08535993627916678,0.05352266767010638,0.0016942042290262194
4,0.3,0,FBCCA,0.05,2.8798059704541856,0.27560714724174007,0.226817760104568,0.0061037433612065595
4,0.3,0,TDCA,0.9,864.8784558823714,1.0688161835145136,1.0100325733597555,0.1446227764430974
4,0.3,0,ImprovedTDCA,0.95,954.2522053656586,1.2643899401163348,1.2692468266816785,0.006867155857213536
4,0.3,0,TriBranchTDCA,0.95,954.2522053656586,1.4554020777181904,1.5527042877444128,0.1144311034706087
4,0.3,1,CCA,0.1,19.21410086441142,0.06569007610456781,0.042338625990067214,0.0010537133727852588
4,0.3,1,FBCCA,0.1,19.21410086441142,0.1604165549993028,0.12412071583522466,0.002086987519403838
4,0.3,1,TDCA,0.95,954.2522053656586,1.1125099924261748,1.189819878377781,0.005363909313124804
4,0.3,1,ImprovedTDCA,0.95,954.2522053656586,1.1473686746348348,1.2154836323992617,0.0050182199539206
4,0.3,1,TriBranchTDCA,0.95,954.2522053656586,1.4800892988392613,1.4904491624333742,0.18185171533898314
4,0.3,2,CCA,0.125,30.727342036659877,0.06923740263991676,0.03481682250554552,0.002338445542250156
4,0.3,2,FBCCA,0.125,30.727342036659877,0.23242945275018742,0.18603314309117625,0.0005594413561387235
4,0.3,2,TDCA,0.95,954.2522053656586,1.0184845000639036,1.0344723318035436,0.09572499052716199
4,0.3,2,ImprovedTDCA,0.95,954.2522053656586,1.278652126844711,1.2993578014240816,0.08229309748148528
4,0.3,2,TriBranchTDCA,0.95,954.2522053656586,1.4056234324598118,1.4904590333312429,0.10909100590427112
4,0.3,3,CCA,0.05,2.8798059704541856,0.05980141193041096,0.036891082748006676,0.0016235656562895162
4,0.3,3,FBCCA,0.25,109.31966125630856,0.21505923740451607,0.17479595697490535,0.004550142403963342
4,0.3,3,TDCA,0.975,1004.2264215838272,1.1782147847618654,1.2712325684547814,0.03173440500790381
4,0.3,3,ImprovedTDCA,0.975,1004.2264215838272,1.481813270051203,1.5511471165087443,0.1520029263202458
4,0.3,3,TriBranchTDCA,1.0,1064.3856189681546,1.6427255782022911,1.7011789460498639,0.00791351639105864
4,0.3,4,CCA,0.1,19.21410086441142,0.0966135040592791,0.04555470526621319,0.0009685302273996221
4,0.3,4,FBCCA,0.15,43.899180827610174,0.2126803684450534,0.1379534592489382,0.0011554879847490707
4,0.3,4,TDCA,0.9,864.8784558823714,1.0555122511880448,1.0935214678645608,0.035711947131341626
4,0.3,4,ImprovedTDCA,0.95,954.2522053656586,1.1708430108469017,1.220060526481768,0.013444635803154803
4,0.3,4,TriBranchTDCA,0.925,908.2422768692395,1.4207142823663923,1.4904759455145942,0.08978363774486198
4,0.3,5,CCA,0.15,43.899180827610174,0.10241071260206853,0.0436464499423711,0.0008060510732821324
4,0.3,5,FBCCA,0.15,43.899180827610174,0.19232429705924947,0.1343765766087901,0.0016600294385031855
4,0.3,5,TDCA,0.9,864.8784558823714,1.036580809433047,1.0969466510926413,0.021948479504205753
4,0.3,5,ImprovedTDCA,0.925,908.2422768692395,1.2918202775306027,1.288018599704059,0.28308455561799883
4,0.3,5,TriBranchTDCA,0.925,908.2422768692395,1.4469006695704685,1.384789611473869,0.3106405851005376
4,0.5,0,CCA,0.3,88.90267709437161,0.08348452158219621,0.056736677163588434,0.004646866395290994
4,0.5,0,FBCCA,0.575,251.0308667097265,0.26457906806226605,0.19094991782598414,0.007967479966813018
4,0.5,0,TDCA,0.975,602.5358529502963,1.4871041900121282,1.5585478568860731,0.1800996044302723
4,0.5,0,ImprovedTDCA,0.975,602.5358529502963,1.9871518695999069,2.0314181293600893,0.4544625201758272
4,0.5,0,TriBranchTDCA,0.975,602.5358529502963,2.2225051047733415,2.1837663922932875,0.364726767124691
4,0.5,1,CCA,0.35,114.28183167016918,0.08369994481540355,0.05586368290571386,0.004254649049479697
4,0.5,1,FBCCA,0.4,141.56834029384152,0.2526759556665463,0.22092977677928283,0.0009199094238980798
4,0.5,1,TDCA,0.975,602.5358529502963,1.496501417997513,1.4963619557948649,0.20752507585634294
4,0.5,1,ImprovedTDCA,0.975,602.5358529502963,1.9559780585473632,2.1669839817808305,0.16922271785433862
4,0.5,1,TriBranchTDCA,1.0,638.6313713808927,2.065595739134318,2.202484764365868,0.05944346316742566
4,0.5,2,CCA,0.375,127.6941246208191,0.07651247506677712,0.0568885874136722,0.007481317600986914
4,0.5,2,FBCCA,0.45,170.66189046303805,0.25311139631719604,0.2207183677667217,0.0007182552776465734
4,0.5,2,TDCA,0.95,572.5513232193952,1.307417225997351,1.313826087004105,0.0640372046576414
4,0.5,2,ImprovedTDCA,1.0,638.6313713808927,1.783651274925178,1.6967441894615882,0.05507323016410526
4,0.5,2,TriBranchTDCA,0.975,602.5358529502963,1.9106536802055156,1.948710582150615,0.17314866271414076
4,0.5,3,CCA,0.375,127.6941246208191,0.09850777614873807,0.0637496006252859,0.00021991066498516787
4,0.5,3,FBCCA,0.5,201.5072382547486,0.3700676419394359,0.31789173298889284,9.92059672633161e-05
4,0.5,3,TDCA,1.0,638.6313713808927,1.4336389959112417,1.4721751745676626,0.3393449135219617
4,0.5,3,ImprovedTDCA,1.0,638.6313713808927,1.9117413335900166,1.956666736307455,0.4794250657750836
4,0.5,3,TriBranchTDCA,1.0,638.6313713808927,2.1225851627829906,2.2555707340165707,0.5778874278906141
4,0.5,4,CCA,0.3,88.90267709437161,0.1356450021193926,0.09525155027785659,0.0037084605291848316
4,0.5,4,FBCCA,0.4,141.56834029384152,0.3487008486589287,0.28225710452415553,0.009069373167647665
4,0.5,4,TDCA,0.95,572.5513232193952,1.4077471208250931,1.4944818087965417,0.16546459383117473
4,0.5,4,ImprovedTDCA,0.95,572.5513232193952,1.7815746948038853,1.9238914249217132,0.027611738812612252
4,0.5,4,TriBranchTDCA,0.95,572.5513232193952,1.9639919621430793,2.0046824003808483,0.19265245449837454
4,0.5,5,CCA,0.525,217.5799394261981,0.10476801665452991,0.08032897280225382,0.0048298102251513875
4,0.5,5,FBCCA,0.525,217.5799394261981,0.26932819663091545,0.21155857269166567,0.010815009937306108
4,0.5,5,TDCA,0.9,518.9270735294228,1.4292568218054797,1.5302150917231434,0.03141097894619094
4,0.5,5,ImprovedTDCA,0.925,544.9453661215437,1.8677355705624372,2.0107122350143034,0.3826833239951293
4,0.5,5,TriBranchTDCA,0.95,572.5513232193952,2.070152923814681,2.1025971694476193,0.2794772484441046
4,1.0,0,CCA,0.9,259.4635367647114,0.32115674686251483,0.3321671579267269,0.02061248274720695
4,1.0,0,FBCCA,0.9,259.4635367647114,0.886595007377706,0.9310813260330404,0.0033438799720273416
4,1.0,0,TDCA,0.975,301.26792647514816,2.4625553464356096,2.569738221056857,0.1756086675965398
4,1.0,0,ImprovedTDCA,0.975,301.26792647514816,2.8070645594430514,2.886722207064371,0.19128628543900916
4,1.0,0,TriBranchTDCA,0.975,301.26792647514816,3.519919611513842,3.616159392233482,0.07133786103721818
4,1.0,1,CCA,0.8,212.57517337365303,0.29848352230731956,0.2619888210453609,0.0022235474410603473
4,1.0,1,FBCCA,0.925,272.47268306077183,1.0256936454002468,0.9516202750157365,0.1779687641738419
4,1.0,1,TDCA,0.95,286.2756616096976,2.5124307562555375,2.756609267876182,0.0482856522470172
4,1.0,1,ImprovedTDCA,0.95,286.2756616096976,3.523712888091599,3.775072121938002,1.0901764244416858
4,1.0,1,TriBranchTDCA,0.95,286.2756616096976,3.5318451923929715,3.8713487303375267,0.6703652196016305
4,1.0,2,CCA,0.875,247.0613024597991,0.2975146361026744,0.2987729744589782,0.016331851398666997
4,1.0,2,FBCCA,0.975,301.26792647514816,1.0046568807082754,0.9190040663243446,0.14031524111262605
4,1.0,2,TDCA,1.0,319.31568569044634,2.4555001384743873,2.540000558381378,0.17255998118148863
4,1.0,2,ImprovedTDCA,1.0,319.31568569044634,2.5752435215619203,2.6421864937836634,0.22596724246765199
4,1.0,2,TriBranchTDCA,1.0,319.31568569044634,3.4160583892934184,3.545827660577988,0.5736309678968436
4,1.0,3,CCA,0.85,235.1566474404975,0.30674264578683097,0.2876488478240924,0.00478415209336891
4,1.0,3,FBCCA,0.925,272.47268306077183,1.023160205444583,1.0038550064406118,0.0017659577857753739
4,1.0,3,TDCA,1.0,319.31568569044634,2.716435022747899,2.9192984193290097,1.2019326721111714
4,1.0,3,ImprovedTDCA,1.0,319.31568569044634,3.313293840149794,3.3948548092322315,1.9274948586692828
4,1.0,3,TriBranchTDCA,1.0,319.31568569044634,3.832796614565774,3.950987546304803,2.269048148755049
4,1.0,4,CCA,0.85,235.1566474404975,0.3008583855328357,0.2889941447442361,0.005228737119795213
4,1.0,4,FBCCA,0.825,223.6780122917947,1.009657370154161,0.9476822305940036,0.05071474610178939
4,1.0,4,TDCA,0.95,286.2756616096976,2.497244413279197,2.745609276312349,0.043264957565150475
4,1.0,4,ImprovedTDCA,0.975,301.26792647514816,2.6068341097516265,2.86223214145652,0.01986246635809863
4,1.0,4,TriBranchTDCA,1.0,319.31568569044634,3.39508564883507,3.6557903802912453,0.6637163127330092
4,1.0,5,CCA,0.875,247.0613024597991,0.3075961299696434,0.3117187033158515,0.01596734344874573
4,1.0,5,FBCCA,0.925,272.47268306077183,1.0626608786804381,1.0378033660901895,0.011633930001389015
4,1.0,5,TDCA,0.95,286.2756616096976,2.66255625025475,2.8661451311609745,0.4495582742720352
4,1.0,5,ImprovedTDCA,0.95,286.2756616096976,3.043183190241094,3.2551367528190793,0.5025586021757089
4,1.0,5,TriBranchTDCA,0.975,301.26792647514816,3.6886689673895,3.919560732536671,0.11249076351955312
4,2.0,0,CCA,1.0,159.65784284522317,1.4433575665835132,1.4653881899478474,0.45907865681570126
4,2.0,0,FBCCA,1.0,159.65784284522317,2.7933555988340935,2.883928066903678,1.2859705756058633
4,2.0,0,TDCA,0.975,150.63396323757408,3.3092567198990253,3.296820222693679,0.053000151799632134
4,2.0,0,ImprovedTDCA,0.975,150.63396323757408,4.568530119926584,4.674971451864695,1.1085034253158832
4,2.0,0,TriBranchTDCA,0.975,150.63396323757408,4.469464769117475,4.5589871658950445,1.3330818736756282
4,2.0,1,CCA,0.95,143.1378308048488,1.4301498553642145,1.4242758255584098,0.08296659751244562
4,2.0,1,FBCCA,0.975,150.63396323757408,2.8191914780795635,2.520274463765225,0.7209791198874003
4,2.0,1,TDCA,0.975,150.63396323757408,3.315788174350671,3.5310707936885195,0.09871796469864713
4,2.0,1,ImprovedTDCA,1.0,159.65784284522317,4.455118630873237,4.709972706963173,0.6072412149442918
4,2.0,1,TriBranchTDCA,1.0,159.65784284522317,4.381852374211807,4.657927342460453,0.5944849868735191
4,2.0,2,CCA,1.0,159.65784284522317,1.3271485844712887,1.283139656866481,0.20418910814725377
4,2.0,2,FBCCA,1.0,159.65784284522317,2.889186390103794,2.756106119493746,1.4349170225295862
4,2.0,2,TDCA,1.0,159.65784284522317,3.3178946399161795,3.320485485617919,2.0196418559970803
4,2.0,2,ImprovedTDCA,1.0,159.65784284522317,4.59070052283995,4.637274264899304,3.6070464795620563
4,2.0,2,TriBranchTDCA,1.0,159.65784284522317,4.488397733212234,4.533805444420187,3.412533396613322
4,2.0,3,CCA,1.0,159.65784284522317,1.3322131915437379,1.3635712007481058,0.09511062817515148
4,2.0,3,FBCCA,1.0,159.65784284522317,2.82565533196242,2.850432989075081,1.18955122454537
4,2.0,3,TDCA,1.0,159.65784284522317,3.634570603541877,3.6622717067812047,2.1047228184720206
4,2.0,3,ImprovedTDCA,1.0,159.65784284522317,4.820215769755618,4.8471197883135035,3.9110737437884087
4,2.0,3,TriBranchTDCA,1.0,159.65784284522317,4.73761251470984,4.767691193133972,3.652055219945999
4,2.0,4,CCA,0.9,129.7317683823557,1.3418698517816974,1.4883511437123937,0.17591002961568014
4,2.0,4,FBCCA,0.975,150.63396323757408,2.729685233230672,2.8005515700086416,0.07571559865579935
4,2.0,4,TDCA,0.975,150.63396323757408,3.379117945200062,3.433776719968112,1.3549629595245807
4,2.0,4,ImprovedTDCA,0.975,150.63396323757408,4.690137740331272,4.877137252217598,1.3709796158054828
4,2.0,4,TriBranchTDCA,0.975,150.63396323757408,4.581586447558219,4.714908842637495,1.156003171760715
4,2.0,5,CCA,0.95,143.1378308048488,1.2752454138597957,1.292083199585164,0.47934936279951934
4,2.0,5,FBCCA,0.975,150.63396323757408,2.743037638485597,2.6409552029710146,0.3480226178336676
4,2.0,5,TDCA,0.95,143.1378308048488,3.443725445328309,3.6146245361830234,0.23663698847293002
4,2.0,5,ImprovedTDCA,1.0,159.65784284522317,4.4695662158547345,4.72338631908021,0.8327586719063551
4,2.0,5,TriBranchTDCA,1.0,159.65784284522317,4.578913119942214,4.831175990164789,0.9565288140984767
4,4.0,0,CCA,1.0,79.82892142261159,3.6689960062562306,3.8547896625509894,1.7921173639046848
4,4.0,0,FBCCA,1.0,79.82892142261159,4.968177254906417,5.03252774197346,3.4534058085560764
4,4.0,0,TDCA,0.975,75.31698161878704,3.9402041923548508,4.046222852092916,1.4552244060739394
4,4.0,0,ImprovedTDCA,1.0,79.82892142261159,4.831696564398956,4.928119034541263,0.08307885345762767
4,4.0,0,TriBranchTDCA,0.975,75.31698161878704,4.753419107877237,4.808535045654242,1.2616204045848205
4,4.0,1,CCA,0.975,75.31698161878704,3.8547853353451593,3.8703618997935516,1.0655190423848664
4,4.0,1,FBCCA,0.975,75.31698161878704,4.782007389409234,4.971721252776208,0.6235819278122325
4,4.0,1,TDCA,0.975,75.31698161878704,3.8920038480311248,3.9638134090232366,1.096646548109097
4,4.0,1,ImprovedTDCA,1.0,79.82892142261159,4.738948082987539,4.952193956794195,0.21849681709851776
4,4.0,1,TriBranchTDCA,0.975,75.31698161878704,4.646508268146772,4.82374613178433,0.7130100841346909
4,4.0,2,CCA,1.0,79.82892142261159,3.7867242727888333,3.924515956007981,1.3979661302712203
4,4.0,2,FBCCA,1.0,79.82892142261159,4.783251047808806,4.894299860692814,2.647612045041435
4,4.0,2,TDCA,1.0,79.82892142261159,3.9928684340097726,4.096605310243253,2.642250194369974
4,4.0,2,ImprovedTDCA,1.0,79.82892142261159,4.8856478567686095,4.948450862220758,3.984488895694965
4,4.0,2,TriBranchTDCA,1.0,79.82892142261159,4.795743984856481,4.866095048977059,3.766734681805736
4,4.0,3,CCA,1.0,79.82892142261159,3.671958808430489,3.8335237105916127,1.5697992537206074
4,4.0,3,FBCCA,1.0,79.82892142261159,4.840889901962119,5.017446640010765,3.311594567729044
4,4.0,3,TDCA,1.0,79.82892142261159,4.300400545932619,4.317389433767279,3.076515069094431
4,4.0,3,ImprovedTDCA,1.0,79.82892142261159,5.170002769832648,5.206083082740047,4.348417177214998
4,4.0,3,TriBranchTDCA,1.0,79.82892142261159,5.08768533535244,5.132135319428235,4.167403314433095
4,4.0,4,CCA,1.0,79.82892142261159,3.597541485682764,4.061813333601675,0.6167517620034988
4,4.0,4,FBCCA,1.0,79.82892142261159,4.462436571472794,4.733655299234104,1.2070629995952515
4,4.0,4,TDCA,1.0,79.82892142261159,3.939600441767392,4.06299888040615,0.6386364300040164
4,4.0,4,ImprovedTDCA,1.0,79.82892142261159,4.9732134859490955,5.0710311920833515,2.818931577186364
4,4.0,4,TriBranchTDCA,1.0,79.82892142261159,4.845389169368817,4.960557073547072,2.7847468424621615
4,4.0,5,CCA,0.975,75.31698161878704,3.7002929670617157,3.9822619426508736,0.3947122092792359
4,4.0,5,FBCCA,1.0,79.82892142261159,4.622652985108152,4.962580615237009,1.7073835071223042
4,4.0,5,TDCA,1.0,79.82892142261159,4.17942561832471,4.386281016235846,1.2015848143518184
4,4.0,5,ImprovedTDCA,1.0,79.82892142261159,5.070851964055931,5.210176364301166,2.4666446452241986
4,4.0,5,TriBranchTDCA,1.0,79.82892142261159,4.985813779926049,5.118465612493127,2.374500154757008
5,0.3,0,CCA,0.075,9.723899662657054,0.05770298924827819,0.03915995725473753,0.0005027460543076678
5,0.3,0,FBCCA,0.1,19.21410086441142,0.2411099253460009,0.17876717674584297,0.01125983388185059
5,0.3,0,TDCA,0.8,708.5839112455101,0.7997544519398747,0.7674947801101827,0.06956980448969308
5,0.3,0,ImprovedTDCA,0.8,708.5839112455101,0.8564658419491991,0.8838610763421618,0.08873005133632628
5,0.3,0,TriBranchTDCA,0.8,708.5839112455101,0.9585060409871173,1.0020941593520099,0.040750374361322006
5,0.3,1,CCA,0.0,7.30517519781877,0.04565826901303948,0.029085064245378933,0.0016395343460229306
5,0.3,1,FBCCA,0.075,9.723899662657054,0.22194324026622617,0.1573719459800722,0.0017088729374199474
5,0.3,1,TDCA,0.85,783.855491468325,0.7123928628249849,0.6952739228924404,0.07835542944435403
5,0.3,1,ImprovedTDCA,0.85,783.855491468325,0.8819207489594852,0.8397272636235329,0.20256883982927087
5,0.3,1,TriBranchTDCA,0.775,672.7039533260687,0.7882694061784148,0.7439804198178179,0.020278800139649444
5,0.3,2,CCA,0.075,9.723899662657054,0.082806250792991,0.022838172043754823,0.00017693586850842102
5,0.3,2,FBCCA,0.1,19.21410086441142,0.21114321757588753,0.11092628970718243,0.003043753816502459
5,0.3,2,TDCA,0.85,783.855491468325,0.6597857128091111,0.5209493015399393,0.006682942635216627
5,0.3,2,ImprovedTDCA,0.85,783.855491468325,0.7700565718586845,0.6875146230509275,0.008497116884785383
5,0.3,2,TriBranchTDCA,0.85,783.855491468325,0.8940510335787426,0.7464065265651058,0.016697103798276824
5,0.3,3,CCA,0.05,2.8798059704541856,0.059393983383773406,0.030716709759539884,0.00017620350817693087
5,0.3,3,FBCCA,0.125,30.727342036659877,0.22963292122574788,0.14164258786328188,0.0005187900100522835
5,0.3,3,TDCA,0.8,708.5839112455101,0.7745829867494872,0.7534731022457898,0.10974387802597341
5,0.3,3,ImprovedTDCA,0.85,783.855491468325,0.8352853440069907,0.8400222589809625,0.003962698515799445
5,0.3,3,TriBranchTDCA,0.825,745.5933743059824,0.9767486336662164,0.9383094432758011,0.05074488291647916
5,0.3,4,CCA,0.05,2.8798059704541856,0.07458618723982775,0.0241078464181137,0.0003230615125389136
5,0.3,4,FBCCA,0.025,0.0,0.1927415436412646,0.1237135050517022,0.0016009139145471973
5,0.3,4,TDCA,0.925,908.2422768692395,0.8133514320084061,0.7844945085985154,0.006186248654612703
5,0.3,4,ImprovedTDCA,0.85,783.855491468325,0.8465959558887926,0.8026246867987555,0.019983463239924504
5,0.3,4,TriBranchTDCA,0.875,823.537674865997,0.9646988019122583,0.9841302618587547,0.0023437220325175367
5,0.3,5,CCA,0.125,30.727342036659877,0.13297492274859402,0.03104075861866218,0.0019011810993820877
5,0.3,5,FBCCA,0.125,30.727342036659877,0.2905126452875437,0.19316073958293056,0.010576422601968005
5,0.3,5,TDCA,0.7,571.003305999599,0.73853585388049,0.6442121833693429,0.10672898119929863
5,0.3,5,ImprovedTDCA,0.725,603.9788612811258,0.7649111226003603,0.6978309584996015,0.021718858909573147
5,0.3,5,TriBranchTDCA,0.775,672.7039533260687,0.8294535962321647,0.7414944239727059,0.08025456182915347
5,0.5,0,CCA,0.125,18.436405221995926,0.0870639453578519,0.06522973570815016,0.003892034173532899
5,0.5,0,FBCCA,0.4,141.56834029384152,0.21050291937757254,0.14962681141641476,0.009449479293846208
5,0.5,0,TDCA,0.9,518.9270735294228,1.0071649038605135,0.9679156797683923,0.10497454308276044
5,0.5,0,ImprovedTDCA,0.95,572.5513232193952,1.3144971279949769,1.1961641876845532,0.029211283877998984
5,0.5,0,TriBranchTDCA,0.95,572.5513232193952,1.3661664928288981,1.243270363966686,0.10169987379778056
5,0.5,1,CCA,0.1,11.528460518646853,0.05459292403381226,0.04575286324675121,0.00732540501038037
5,0.5,1,FBCCA,0.2,44.6013869892241,0.243861574643285,0.1841720850733155,0.0017098971928759532
5,0.5,1,TDCA,0.925,544.9453661215437,1.0680248771539564,1.035407402186105,0.041037993789240446
5,0.5,1,ImprovedTDCA,0.975,602.5358529502963,1.3487963304726638,1.447182319687867,0.04077349471327363
5,0.5,1,TriBranchTDCA,0.975,602.5358529502963,1.3768474803901425,1.3768669426929596,0.03320848279053079
5,0.5,2,CCA,0.2,44.6013869892241,0.09738305520153785,0.047540848072338715,0.002853387465582946
5,0.5,2,FBCCA,0.3,88.90267709437161,0.3015410522833446,0.24406185783599788,0.01773558663831265
5,0.5,2,TDCA,0.95,572.5513232193952,1.0284903704422135,1.0298986961549819,0.008026312328593299
5,0.5,2,ImprovedTDCA,1.0,638.6313713808927,1.3890727223549462,1.311818701681474,0.02582189476662311
5,0.5,2,TriBranchTDCA,0.975,602.5358529502963,1.4339378335693744,1.4495469815960949,0.06835301424258455
5,0.5,3,CCA,0.1,11.528460518646853,0.07004265551984076,0.0633844000627275,0.00696435864011935
5,0.5,3,FBCCA,0.225,54.7858255507327,0.3113126809653623,0.20273437668239558,0.0012901363996502546
5,0.5,3,TDCA,0.875,494.1226049195982,1.056222851119622,1.0487028028812515,0.01872179352036918
5,0.5,3,ImprovedTDCA,0.85,470.313294880995,1.1733787316645565,1.0345041546592393,0.0600184825332053
5,0.5,3,TriBranchTDCA,0.95,572.5513232193952,1.3908936795542484,1.4083482663613127,0.0010567947565665037
5,0.5,4,CCA,0.125,18.436405221995926,0.11824957495502293,0.06739850108010403,0.003413929734090493
5,0.5,4,FBCCA,0.325,101.3454569549014,0.3701821666196949,0.2980446540480681,0.0012812586945316617
5,0.5,4,TDCA,0.95,572.5513232193952,1.0860355419501713,1.0575335888015784,0.1139162311447599
5,0.5,4,ImprovedTDCA,0.95,572.5513232193952,1.45306836260387,1.4515486968088223,0.12724568732689212
5,0.5,4,TriBranchTDCA,0.975,602.5358529502963,1.514999498846832,1.6449940114472117,0.013085901937200717
5,0.5,5,CCA,0.1,11.528460518646853,0.08038894337152397,0.06563265210248204,0.001889386103852031
5,0.5,5,FBCCA,0.175,35.09465151233407,0.2812957061865084,0.2526791231222052,0.008393816972395163
5,0.5,5,TDCA,0.85,470.313294880995,0.9254937746978037,1.0074409385200793,0.001103639406767165
5,0.5,5,ImprovedTDCA,0.825,447.3560245835894,1.0803671931461487,1.2832326444911168,0.0007880311327617129
5,0.5,5,TriBranchTDCA,0.85,470.313294880995,1.216817086701674,1.1854218352022605,0.09797716199722428
5,1.0,0,CCA,0.725,181.1936583843377,0.21665832781708594,0.17096258067153736,0.0026864513264888146
5,1.0,0,FBCCA,0.925,272.47268306077183,0.8348968581908631,0.6654675287241711,0.040386725061909434
5,1.0,0,TDCA,1.0,319.31568569044634,2.250261078198103,2.3715973402025994,0.843706100912532
5,1.0,0,ImprovedTDCA,1.0,319.31568569044634,3.088588540224647,3.1786509941912002,1.0104454814411712
5,1.0,0,TriBranchTDCA,1.0,319.31568569044634,3.1600856413531933,3.2441095251371674,1.3422816422784978
5,1.0,1,CCA,0.35,57.14091583508459,0.15761232962810623,0.10235277692707223,0.000347113559659995
5,1.0,1,FBCCA,0.9,259.4635367647114,0.7185167264394631,0.6602999144394939,0.00020654387997787182
5,1.0,1,TDCA,1.0,319.31568569044634,2.2608185518310933,2.240254252162756,0.7301914028707568
5,1.0,1,ImprovedTDCA,1.0,319.31568569044634,2.9086064342849163,2.853888396798717,1.764199368183542
5,1.0,1,TriBranchTDCA,1.0,319.31568569044634,3.089063645054177,3.1777374571804407,1.676370235537957
5,1.0,2,CCA,0.575,125.51543335486325,0.23404585300449168,0.14879427012517654,0.004407364695131921
5,1.0,2,FBCCA,0.95,286.2756616096976,0.8485072687343213,0.7292479427255452,0.03226836001517963
5,1.0,2,TDCA,1.0,319.31568569044634,2.3096581665508538,2.293038387046405,0.5525241787968111
5,1.0,2,ImprovedTDCA,1.0,319.31568569044634,3.085584233446906,3.0917116823121225,1.7441911791367213
5,1.0,2,TriBranchTDCA,1.0,319.31568569044634,3.2606253409271972,3.1382555718463796,1.6032128079882122
5,1.0,3,CCA,0.525,108.78996971309905,0.20852714228812613,0.16639905077944217,0.003659570263459422
5,1.0,3,FBCCA,0.875,247.0613024597991,0.8990228180435631,0.8524668006757248,0.015538518108409338
5,1.0,3,TDCA,1.0,319.31568569044634,2.141056675887394,2.2927677899100836,0.540350841594299
5,1.0,3,ImprovedTDCA,1.0,319.31568569044634,2.9448568630056164,3.0482664500315524,1.6690423991001164
5,1.0,3,TriBranchTDCA,1.0,319.31568569044634,3.156794866909204,3.206147612031539,1.6353771203697305
5,1.0,4,CCA,0.6,134.2089967732677,0.2540547341516198,0.19854178639460585,0.0007319077219087866
5,1.0,4,FBCCA,0.85,235.1566474404975,0.8755766951704228,0.7153125670671285,0.010092843776163818
5,1.0,4,TDCA,1.0,319.31568569044634,2.207286963102887,2.261232301094845,0.13668267406251733
5,1.0,4,ImprovedTDCA,1.0,319.31568569044634,2.9100229652971157,3.009225686826362,0.6776604897723804
5,1.0,4,TriBranchTDCA,1.0,319.31568569044634,3.0963938891304976,3.110924852323482,0.5684783301256338
5,1.0,5,CCA,0.5,100.7536191273743,0.2293244317320898,0.20599013243193176,0.003249570155025694
5,1.0,5,FBCCA,0.825,223.6780122917947,0.8252372611469276,0.6498239492775231,0.019556487973983572
5,1.0,5,TDCA,1.0,319.31568569044634,2.0797591086402916,2.12041052435616,0.6251729393550143
5,1.0,5,ImprovedTDCA,0.975,301.26792647514816,2.6308060983413757,2.7137153028519014,0.00798899893245908
5,1.0,5,TriBranchTDCA,1.0,319.31568569044634,2.7866006709561844,2.8713809996360284,0.4970587202972885
5,2.0,0,CCA,1.0,159.65784284522317,1.2085132242212335,1.263350863722626,0.14316118118283105
5,2.0,0,FBCCA,1.0,159.65784284522317,2.730060505362239,2.6326811215604096,0.5887711208770456
5,2.0,0,TDCA,1.0,159.65784284522317,3.4201392836251885,3.396712120558642,1.9804774436596968
5,2.0,0,ImprovedTDCA,1.0,159.65784284522317,4.555371592152707,4.570293471837927,3.690934836278325
5,2.0,0,TriBranchTDCA,1.0,159.65784284522317,4.502522064625348,4.570907714538685,3.5263413953250997
5,2.0,1,CCA,0.975,150.63396323757408,1.0088721847450117,1.0245972707424071,0.053156301400467676
5,2.0,1,FBCCA,1.0,159.65784284522317,2.7804753330582157,2.732201427222199,1.309485855991134
5,2.0,1,TDCA,1.0,159.65784284522317,3.395544581877272,3.404271286168819,1.7325367785331653
5,2.0,1,ImprovedTDCA,1.0,159.65784284522317,4.57539741211304,4.687007583576924,3.5304662796365482
5,2.0,1,TriBranchTDCA,1.0,159.65784284522317,4.518694743381987,4.505937364873643,3.5256279484209028
5,2.0,2,CCA,0.975,150.63396323757408,1.0599956209244035,1.0561554010402818,0.024019798369995238
5,2.0,2,FBCCA,0.975,150.63396323757408,2.814850669699477,2.8097167384622663,1.248774356587345
5,2.0,2,TDCA,0.975,150.63396323757408,3.2945873130323955,3.415997233214509,0.23404779125111697
5,2.0,2,ImprovedTDCA,1.0,159.65784284522317,4.4532577945898195,4.591514150745072,0.384023588696782
5,2.0,2,TriBranchTDCA,0.975,150.63396323757408,4.351377417130647,4.532069228627889,0.2567198524731027
5,2.0,3,CCA,1.0,159.65784284522317,1.0984716069342944,1.0722866285129857,0.08004333332800284
5,2.0,3,FBCCA,1.0,159.65784284522317,2.734527313072334,2.6662998158786113,1.1969002890587457
5,2.0,3,TDCA,1.0,159.65784284522317,3.335745497835019,3.290701840302835,1.8504319578499169
5,2.0,3,ImprovedTDCA,1.0,159.65784284522317,4.503253969953664,4.545148194884362,3.5973858066069506
5,2.0,3,TriBranchTDCA,1.0,159.65784284522317,4.450966657661773,4.484351995207593,3.4095146133762655
5,2.0,4,CCA,0.975,150.63396323757408,1.0622136974045713,1.009696565166282,0.1745594609541099
5,2.0,4,FBCCA,1.0,159.65784284522317,2.767780252378771,2.770905006697731,0.8436050297468447
5,2.0,4,TDCA,1.0,159.65784284522317,3.2968767361872877,3.271342262570215,1.619638352705776
5,2.0,4,ImprovedTDCA,1.0,159.65784284522317,4.464095576799545,4.5789187171390475,3.1117645267170877
5,2.0,4,TriBranchTDCA,1.0,159.65784284522317,4.3707606771943235,4.531457763581089,2.7022273147307567
5,2.0,5,CCA,0.975,150.63396323757408,1.0175845115395663,0.9740857575715773,0.1914530528756746
5,2.0,5,FBCCA,1.0,159.65784284522317,2.701458432462184,2.7315469497764906,1.0846541487414778
5,2.0,5,TDCA,1.0,159.65784284522317,3.228798966422162,3.028126698535372,2.236949968166921
5,2.0,5,ImprovedTDCA,1.0,159.65784284522317,4.398109023147603,4.488602977843058,3.0005353540914452
5,2.0,5,TriBranchTDCA,1.0,159.65784284522317,4.295102154118381,4.3194411673997735,2.8959249314386426
5,4.0,0,CCA,1.0,79.82892142261159,3.866151622162009,4.000118308368222,2.594628691797563
5,4.0,0,FBCCA,1.0,79.82892142261159,5.145370589327664,5.2503572367138425,3.482061551158659
5,4.0,0,TDCA,1.0,79.82892142261159,4.36297487039045,4.464796532136937,3.1600032511116596
5,4.0,0,ImprovedTDCA,1.0,79.82892142261159,5.206321433247031,5.248727434999465,4.389474524626214
5,4.0,0,TriBranchTDCA,1.0,79.82892142261159,5.082862166235674,5.1426281065884645,4.360728864748004
5,4.0,1,CCA,1.0,79.82892142261159,3.399984467213237,3.487004231618805,1.9636224002332852
5,4.0,1,FBCCA,1.0,79.82892142261159,4.9632954339912825,5.085572905292383,3.063503204935228
5,4.0,1,TDCA,1.0,79.82892142261159,4.47048577300545,4.4865197068294655,3.776709002507811
5,4.0,1,ImprovedTDCA,1.0,79.82892142261159,5.191381910817228,5.243049801721558,4.550327621987005
5,4.0,1,TriBranchTDCA,1.0,79.82892142261159,5.129742514996229,5.144972757296752,4.524939897948103
5,4.0,2,CCA,1.0,79.82892142261159,3.633221124131283,3.7377295010048766,2.0965264950897
5,4.0,2,FBCCA,1.0,79.82892142261159,5.035024250280157,5.244763064930934,2.896028120733054
5,4.0,2,TDCA,1.0,79.82892142261159,4.3981415888290005,4.504858483849582,0.9250628069294815
5,4.0,2,ImprovedTDCA,1.0,79.82892142261159,5.222627145613452,5.285115767895114,3.9129064035730408
5,4.0,2,TriBranchTDCA,1.0,79.82892142261159,5.106545302859433,5.267857506159592,2.771411852611978
5,4.0,3,CCA,1.0,79.82892142261159,3.3829517980195702,3.3697113867516455,1.980156722396238
5,4.0,3,FBCCA,1.0,79.82892142261159,4.99453547283421,5.088850854933324,3.439765345714015
5,4.0,3,TDCA,1.0,79.82892142261159,4.449108828164692,4.4759638330187155,3.719881518469884
5,4.0,3,ImprovedTDCA,1.0,79.82892142261159,5.204362498399453,5.2188274656537175,4.307196647503382
5,4.0,3,TriBranchTDCA,1.0,79.82892142261159,5.153476379581697,5.192960913311754,4.411891731035329
5,4.0,4,CCA,1.0,79.82892142261159,3.4084091470951754,3.396341603723495,2.0940012976000757
5,4.0,4,FBCCA,1.0,79.82892142261159,4.987631595740799,5.044599620967592,3.8531558923832656
5,4.0,4,TDCA,1.0,79.82892142261159,4.4385118478968035,4.440339770884911,3.2595503520044256
5,4.0,4,ImprovedTDCA,1.0,79.82892142261159,5.1867642298243,5.287554762424682,4.157608366355068
5,4.0,4,TriBranchTDCA,1.0,79.82892142261159,5.094183927670978,5.154078855878744,4.07435650814214
5,4.0,5,CCA,1.0,79.82892142261159,3.321346894199297,3.4575726408624643,1.3813273180816128
5,4.0,5,FBCCA,1.0,79.82892142261159,4.867638213846571,4.907980741507377,2.9886822039192062
5,4.0,5,TDCA,1.0,79.82892142261159,4.439669468346301,4.3597630910770295,3.3617285735202493
5,4.0,5,ImprovedTDCA,1.0,79.82892142261159,5.14566017762291,5.249068999274723,3.987603086242803
5,4.0,5,TriBranchTDCA,1.0,79.82892142261159,5.056170944540691,5.087109185394839,4.031286794054648
6,0.3,0,CCA,0.025,0.0,0.10037520069603931,0.061956220620557056,0.004470033606228441
6,0.3,0,FBCCA,0.05,2.8798059704541856,0.29586509733561595,0.24634615952941352,0.0033454156552130687
6,0.3,0,TDCA,0.7,571.003305999599,0.5981080506714251,0.5915028657569177,0.011208172143514439
6,0.3,0,ImprovedTDCA,0.775,672.7039533260687,0.6513135121098923,0.6596047416202021,0.036541706303305777
6,0.3,0,TriBranchTDCA,0.725,603.9788612811258,0.7656454354458374,0.763537967487442,0.005052567135989339
6,0.3,1,CCA,0.05,2.8798059704541856,0.08097719318721149,0.040782307287831165,0.000590936844732548
6,0.3,1,FBCCA,0.05,2.8798059704541856,0.26387716368207964,0.2152735231933387,0.008265980998508837
6,0.3,1,TDCA,0.7,571.003305999599,0.4667520441690147,0.4432680830543789,0.00547121628407421
6,0.3,1,ImprovedTDCA,0.725,603.9788612811258,0.5490442040412427,0.521990222380925,0.012426651199642702
6,0.3,1,TriBranchTDCA,0.6,447.363322577559,0.6437958623617356,0.5632166554420837,0.03904468212361456
6,0.3,2,CCA,0.1,19.21410086441142,0.118730132207469,0.07299658148870203,0.0020680793799097152
6,0.3,2,FBCCA,0.1,19.21410086441142,0.19821225838745468,0.13672525037742345,0.007999496367541381
6,0.3,2,TDCA,0.5,335.84539709124766,0.348772009992589,0.27980485157803825,0.003284650575012371
6,0.3,2,ImprovedTDCA,0.575,418.38477784954415,0.4003335528956152,0.2730488870635459,0.012174631061391938
6,0.3,2,TriBranchTDCA,0.45,284.4364841050634,0.5210627485960689,0.44601111421024886,0.014669360461832426
6,0.3,3,CCA,0.05,2.8798059704541856,0.08464633902269363,0.04912609815283597,0.0002540400222341699
6,0.3,3,FBCCA,0.025,0.0,0.25043308111019835,0.1663022570171664,5.3113332078469355e-05
6,0.3,3,TDCA,0.675,538.8872502451933,0.647816270713208,0.6424802882989965,0.003978945106823062
6,0.3,3,ImprovedTDCA,0.75,637.8598831425336,0.7053124632220668,0.6299869557497113,0.08861970518907958
6,0.3,3,TriBranchTDCA,0.65,507.5938525820171,0.8076741314130406,0.6542845250190403,0.01702765171541687
6,0.3,4,CCA,0.0,7.30517519781877,0.11454590493914188,0.04494854153007466,8.762079417157231e-05
6,0.3,4,FBCCA,0.05,2.8798059704541856,0.19126787871922213,0.19649885057675498,0.0054233936281746775
6,0.3,4,TDCA,0.625,477.0936519778108,0.4694517783369793,0.3684220670043896,0.02363919897592215
6,0.3,4,ImprovedTDCA,0.65,507.5938525820171,0.5276699789363224,0.45609497336502824,0.033422145134709424
6,0.3,4,TriBranchTDCA,0.725,603.9788612811258,0.6071460163936436,0.4534354342380468,0.014711788785343405
6,0.3,5,CCA,0.025,0.0,0.14277629933975056,0.06686110458393546,0.007589097141406098
6,0.3,5,FBCCA,0.025,0.0,0.2565976181923075,0.194113426167417,0.007983745381836993
6,0.3,5,TDCA,0.525,362.6332323769969,0.42633152201499874,0.257362866540069,0.003585229854180305
6,0.3,5,ImprovedTDCA,0.575,418.38477784954415,0.4957576907296083,0.35827971609470277,0.0020532463532494383
6,0.3,5,TriBranchTDCA,0.65,507.5938525820171,0.6021786644333198,0.4341514916136141,0.044966705993763956
6,0.5,0,CCA,0.1,11.528460518646853,0.1281179032019632,0.07803816065369185,0.0033149280281694615
6,0.5,0,FBCCA,0.225,54.7858255507327,0.27675458741637227,0.19367163433236112,0.009371131033873326
6,0.5,0,TDCA,0.925,544.9453661215437,0.8858315558654898,0.8217773583452764,0.13706822773365746
6,0.5,0,ImprovedTDCA,0.925,544.9453661215437,1.211224107667108,1.0574191723625237,0.06733791884215945
6,0.5,0,TriBranchTDCA,0.9,518.9270735294228,1.1941390520440858,1.2304141835507112,0.017178205055984552
6,0.5,1,CCA,0.1,11.528460518646853,0.12047343136555203,0.08017248505849994,0.004225995566239371
6,0.5,1,FBCCA,0.125,18.436405221995926,0.3020414872174531,0.25553886974169626,0.00525085683391513
6,0.5,1,TDCA,0.775,403.6223719956412,0.7380881203658376,0.6328691199119175,0.029308622997902045
6,0.5,1,ImprovedTDCA,0.9,518.9270735294228,0.9365316850620312,1.0412519040451622,0.006282420385027798
6,0.5,1,TriBranchTDCA,0.875,494.1226049195982,0.9124315678168656,0.9283659501901358,0.0071373570863497715
6,0.5,2,CCA,0.05,1.7278835822725114,0.19352937400133394,0.08612619659508614,0.002907371981425433
6,0.5,2,FBCCA,0.1,11.528460518646853,0.2815423958885708,0.2484461839986737,0.0038707435379587984
6,0.5,2,TDCA,0.725,362.3873167686754,0.646216661911672,0.6685718869762718,0.018821336431118496
6,0.5,2,ImprovedTDCA,0.75,382.71592988552015,0.8289880297657491,0.7710339574455555,0.011154662298172635
6,0.5,2,TriBranchTDCA,0.8,425.15034674730606,0.6878517907725351,0.6479751341766802,0.013910083958857733
6,0.5,3,CCA,0.1,11.528460518646853,0.09913023223197528,0.06726363278082459,0.0023510773660619932
6,0.5,3,FBCCA,0.3,88.90267709437161,0.3112255754472203,0.26213860450128734,0.0002953306316477722
6,0.5,3,TDCA,0.875,494.1226049195982,0.8122662264696192,0.7686015996832533,0.05355103671141004
6,0.5,3,ImprovedTDCA,0.925,544.9453661215437,1.024242210419818,0.9328481240523504,0.06082328690486882
6,0.5,3,TriBranchTDCA,0.875,494.1226049195982,1.0234790125895417,1.009732479682388,0.02484610884894156
6,0.5,4,CCA,0.1,11.528460518646853,0.10660457379324621,0.08122435426887442,0.010897626579452036
6,0.5,4,FBCCA,0.275,76.975596950114,0.19562138461195866,0.16060572822612218,0.010580135945072566
6,0.5,4,TDCA,0.825,447.3560245835894,0.7841036617442356,0.8146233929850543,0.01163580180038526
6,0.5,4,ImprovedTDCA,0.9,518.9270735294228,0.9129956902921694,0.909386656342405,0.014841321861890133
6,0.5,4,TriBranchTDCA,0.925,544.9453661215437,1.0887041440949663,1.125798341476464,0.0019392224982790474
6,0.5,5,CCA,0.025,0.0,0.16418212461302267,0.1078218296954323,0.0031032879803041258
6,0.5,5,FBCCA,0.1,11.528460518646853,0.2844994384765279,0.20018529162066012,0.001226958530788469
6,0.5,5,TDCA,0.875,494.1226049195982,0.6918173504242324,0.6697402138979037,0.02656971416144316
6,0.5,5,ImprovedTDCA,0.775,403.6223719956412,0.8521269284985319,0.7653065143280683,0.11315785686494673
6,0.5,5,TriBranchTDCA,0.85,470.313294880995,0.9263264072997694,0.8462599074200088,0.055382923434243114
6,1.0,0,CCA,0.675,161.66617507355798,0.27058881444924665,0.23716430887506712,0.01664762500987127
6,1.0,0,FBCCA,0.875,247.0613024597991,0.8406441848623327,0.7537836041419581,0.009792295013173469
6,1.0,0,TDCA,1.0,319.31568569044634,2.27181830465605,2.281832779466023,0.269981978490196
6,1.0,0,ImprovedTDCA,1.0,319.31568569044634,3.0229313501855146,3.106226710467481,1.1628288129794715
6,1.0,0,TriBranchTDCA,1.0,319.31568569044634,2.8938683315310163,2.955712687928203,1.1593622036454194
6,1.0,1,CCA,0.4,70.78417014692076,0.1972835438096409,0.1640219955510771,0.02381908913055919
6,1.0,1,FBCCA,0.75,191.35796494276008,0.6173491392661136,0.5578322365392585,0.012766567435505749
6,1.0,1,TDCA,1.0,319.31568569044634,1.8226201859869753,1.9720080813515148,0.2556112625743303
6,1.0,1,ImprovedTDCA,1.0,319.31568569044634,2.561998998640726,2.6580914878163835,0.8696985187180599
6,1.0,1,TriBranchTDCA,1.0,319.31568569044634,2.4564644423570865,2.500947592480069,0.7709431279685477
6,1.0,2,CCA,0.2,22.30069349461205,0.1924930127767119,0.1740075006886116,0.00426439916902277
6,1.0,2,FBCCA,0.425,77.94681338510304,0.5064070986809079,0.38737585800219587,0.00606175948823795
6,1.0,2,TDCA,0.975,301.26792647514816,1.8244836114076677,1.9146560026222197,0.3239011543288772
6,1.0,2,ImprovedTDCA,0.95,286.2756616096976,2.277669505371603,2.5869156409408336,0.2822180034411792
6,1.0,2,TriBranchTDCA,0.975,301.26792647514816,2.322714385354559,2.339170934034735,0.36457666874567796
6,1.0,3,CCA,0.25,32.795898376892566,0.20783056508072278,0.14664843493242774,0.0020895157550031573
6,1.0,3,FBCCA,0.55,117.04335854469258,0.5336183767319003,0.41592823887440367,0.02970724150092341
6,1.0,3,TDCA,0.975,301.26792647514816,2.138240527106709,2.1994334638032305,0.4878716469219375
6,1.0,3,ImprovedTDCA,0.975,301.26792647514816,2.7791960005602085,2.560866942723233,0.2795365651819477
6,1.0,3,TriBranchTDCA,0.975,301.26792647514816,2.741190111065039,2.8319639254628197,0.6854761228638102
6,1.0,4,CCA,0.425,77.94681338510304,0.24992670208361414,0.17001017099777682,0.011035606128871889
6,1.0,4,FBCCA,0.7,171.30099179987968,0.574017396848579,0.3988621613232064,0.06295905809596669
6,1.0,4,TDCA,1.0,319.31568569044634,1.888945965997061,1.8237766304508423,0.4651191552946603
6,1.0,4,ImprovedTDCA,1.0,319.31568569044634,2.586497834995156,2.7882364297845905,1.0144718514990352
6,1.0,4,TriBranchTDCA,1.0,319.31568569044634,2.559114189582229,2.5841695040191803,0.828043760134384
6,1.0,5,CCA,0.375,63.84706231040955,0.2156636324180882,0.15356101287844748,0.004351660995082662
6,1.0,5,FBCCA,0.5,100.7536191273743,0.5261907144119202,0.30322573507763906,0.0009669285578430831
6,1.0,5,TDCA,0.975,301.26792647514816,1.9211457180102465,2.13897823937056,0.22577780396561442
6,1.0,5,ImprovedTDCA,0.95,286.2756616096976,2.3639044893358503,2.407023331060674,0.6343828900886379
6,1.0,5,TriBranchTDCA,1.0,319.31568569044634,2.4579065001812466,2.5744340526679226,0.11234397704309762
6,2.0,0,CCA,0.825,111.83900614589734,0.8304258928503593,0.7490851830453085,0.08264191211858973
6,2.0,0,FBCCA,1.0,159.65784284522317,2.2525915778721144,2.385824469775888,0.12299290421485187
6,2.0,0,TDCA,1.0,159.65784284522317,2.9395484219232406,2.969109859835571,1.695753738972633
6,2.0,0,ImprovedTDCA,1.0,159.65784284522317,4.158716600604869,4.249936301845087,2.4318593361073515
6,2.0,0,TriBranchTDCA,1.0,159.65784284522317,3.977443084910541,4.045129768049833,2.2324868141396106
6,2.0,1,CCA,0.75,95.67898247138004,0.7264715511631336,0.7587210929274955,0.01382678307193208
6,2.0,1,FBCCA,1.0,159.65784284522317,2.117380049866613,2.1680410954346887,0.40254771614246465
6,2.0,1,TDCA,1.0,159.65784284522317,2.8409160737342853,2.8321684924639094,1.3966395691930393
6,2.0,1,ImprovedTDCA,1.0,159.65784284522317,3.9360960469205617,4.022600764369516,2.546571753195321
6,2.0,1,TriBranchTDCA,1.0,159.65784284522317,3.8586791548321813,3.896871393208154,2.1394309968242076
6,2.0,2,CCA,0.875,123.53065122989955,0.8852605304783143,0.7390501994058759,0.08014590011912182
6,2.0,2,FBCCA,0.9,129.7317683823557,1.897815702442419,1.9157551243108333,0.07436865048664476
6,2.0,2,TDCA,0.975,150.63396323757408,2.7775735610076002,2.7538783882605107,0.19278668564096346
6,2.0,2,ImprovedTDCA,0.975,150.63396323757408,3.639958493600632,3.7650790817895166,1.7419896158306005
6,2.0,2,TriBranchTDCA,0.975,150.63396323757408,3.7015970208926823,3.75775237864018,1.2081299412705069
6,2.0,3,CCA,0.825,111.83900614589734,0.8238256064531893,0.7705806851826282,0.010627365235097663
6,2.0,3,FBCCA,0.975,150.63396323757408,1.9933600177100257,1.8982904259753333,0.23767145937283773
6,2.0,3,TDCA,1.0,159.65784284522317,2.9769211902980715,2.974850481521264,1.0688527700242734
6,2.0,3,ImprovedTDCA,1.0,159.65784284522317,3.9202782214427883,4.022395337228069,1.6146455273977023
6,2.0,3,TriBranchTDCA,1.0,159.65784284522317,3.8901240984036463,3.9390734684993784,2.310404300612886
6,2.0,4,CCA,0.95,143.1378308048488,0.9173908221962386,0.9090225251049215,0.04340039775200388
6,2.0,4,FBCCA,1.0,159.65784284522317,2.187993468937454,2.3320054975109388,0.2141736331434827
6,2.0,4,TDCA,1.0,159.65784284522317,3.1047882994488143,3.042923149632971,1.9616970356385564
6,2.0,4,ImprovedTDCA,1.0,159.65784284522317,3.9354499751258443,3.994757567958453,2.3841492693919974
6,2.0,4,TriBranchTDCA,1.0,159.65784284522317,3.954891123429465,3.9047680380027465,2.9876630624375604
6,2.0,5,CCA,0.9,129.7317683823557,0.9359133848750169,0.9008127667976245,0.0006687648581209515
6,2.0,5,FBCCA,0.975,150.63396323757408,1.7635056917269776,1.8273588311499998,0.0028315855732792272
6,2.0,5,TDCA,1.0,159.65784284522317,2.9836370440502415,3.0500785978046627,1.568924151483702
6,2.0,5,ImprovedTDCA,1.0,159.65784284522317,3.7744156150229857,3.7709169145321932,2.288041217006461
6,2.0,5,TriBranchTDCA,1.0,159.65784284522317,3.751642597529176,3.8290757378289433,2.125449394239553
6,4.0,0,CCA,1.0,79.82892142261159,3.4035503677432066,3.5992225148586416,0.9221191596849878
6,4.0,0,FBCCA,1.0,79.82892142261159,4.615242087948067,4.708112959280362,3.5777296115089774
6,4.0,0,TDCA,1.0,79.82892142261159,4.272496701280774,4.362952972054856,2.620785761673804
6,4.0,0,ImprovedTDCA,1.0,79.82892142261159,4.845689338939154,4.95942557216725,4.0147906136486435
6,4.0,0,TriBranchTDCA,1.0,79.82892142261159,4.628751826238165,4.716681167125001,3.6756250457819535
6,4.0,1,CCA,1.0,79.82892142261159,2.712585087086663,2.7062532569316917,0.047035492075595986
6,4.0,1,FBCCA,1.0,79.82892142261159,4.1181443671885365,4.098940793940279,2.423686795321447
6,4.0,1,TDCA,1.0,79.82892142261159,4.19020243008538,4.205646950643352,2.6859934315023444
6,4.0,1,ImprovedTDCA,1.0,79.82892142261159,4.615949328069074,4.7076050452974085,3.2936742454693237
6,4.0,1,TriBranchTDCA,1.0,79.82892142261159,4.550258938246789,4.603259941416889,3.081742696115512
6,4.0,2,CCA,1.0,79.82892142261159,3.2511217594339556,3.4190306749933277,1.1871202052557197
6,4.0,2,FBCCA,1.0,79.82892142261159,3.8942065040410254,3.974835720897919,1.9424963022242334
6,4.0,2,TDCA,0.975,75.31698161878704,4.11181762519401,4.332181513726776,2.0993153097825377
6,4.0,2,ImprovedTDCA,0.975,75.31698161878704,4.391133764659399,4.629671062374697,1.539483826731959
6,4.0,2,TriBranchTDCA,0.975,75.31698161878704,4.49322829392474,4.5720791475753515,2.8810954737585712
6,4.0,3,CCA,0.975,75.31698161878704,2.9711154692909516,3.303637691849815,0.4030925809188659
6,4.0,3,FBCCA,1.0,79.82892142261159,4.161212113930836,4.1777395240825275,2.8255334307624547
6,4.0,3,TDCA,1.0,79.82892142261159,4.32141220022816,4.3687492050496335,2.820906710656608
6,4.0,3,ImprovedTDCA,1.0,79.82892142261159,4.7030611085643015,4.7808361238494825,3.359611580338011
6,4.0,3,TriBranchTDCA,1.0,79.82892142261159,4.683584968018198,4.751192122020937,3.909608763866051
6,4.0,4,CCA,1.0,79.82892142261159,3.310900990174889,3.6709198393061957,0.503932504904796
6,4.0,4,FBCCA,1.0,79.82892142261159,4.210438945836122,4.37898264992789,1.7925872877400697
6,4.0,4,TDCA,1.0,79.82892142261159,4.3755163657537235,4.384654987434823,3.587305391496396
6,4.0,4,ImprovedTDCA,1.0,79.82892142261159,4.766018725972484,4.887038860479139,3.276135506690901
6,4.0,4,TriBranchTDCA,1.0,79.82892142261159,4.741934453832957,4.747366310536611,4.044615898021547
6,4.0,5,CCA,0.975,75.31698161878704,3.205278195983117,3.466489364756346,0.02047644156784667
6,4.0,5,FBCCA,1.0,79.82892142261159,3.9821934128977703,4.147130382404848,2.4269775199846113
6,4.0,5,TDCA,1.0,79.82892142261159,4.101495024916966,4.109071848206422,2.1121052435247036
6,4.0,5,ImprovedTDCA,1.0,79.82892142261159,4.5363386535175,4.713013379050269,3.1012090050300216
6,4.0,5,TriBranchTDCA,1.0,79.82892142261159,4.452656101037698,4.5947285473917425,2.967675102662364
7,0.3,0,CCA,0.025,0.0,0.11650383853674715,0.061872618816365854,0.0005721486745797755
7,0.3,0,FBCCA,0.05,2.8798059704541856,0.2300345524239848,0.1920255326148157,0.007645909156714703
7,0.3,0,TDCA,0.55,390.1445284823086,0.5313105236296864,0.39867332024762037,0.018573870761229738
7,0.3,0,ImprovedTDCA,0.6,447.363322577559,0.610041038397178,0.4172768783644005,0.04677492667317651
7,0.3,0,TriBranchTDCA,0.7,571.003305999599,0.6694099681077693,0.5354060512425088,0.008510798394949504
7,0.3,1,CCA,0.075,9.723899662657054,0.07584226189106258,0.036498644344797326,0.00011662950071644751
7,0.3,1,FBCCA,0.1,19.21410086441142,0.18681286094574662,0.12170721320053912,0.0026160851247367667
7,0.3,1,TDCA,0.675,538.8872502451933,0.6519674665981345,0.6704896866834282,0.0057224935389750264
7,0.3,1,ImprovedTDCA,0.7,571.003305999599,0.7236030045044268,0.6742336824927371,0.028685746444167437
7,0.3,1,TriBranchTDCA,0.7,571.003305999599,0.9050843183023339,0.7093921149376216,0.0414023353107309
7,0.3,2,CCA,0.05,2.8798059704541856,0.08950548765889481,0.044993148404539385,0.0035307774747361798
7,0.3,2,FBCCA,0.05,2.8798059704541856,0.18236254095571044,0.13982673341679297,0.00487954134546742
7,0.3,2,TDCA,0.625,477.0936519778108,0.5570879920262601,0.40806224201121344,0.012879520085575358
7,0.3,2,ImprovedTDCA,0.65,507.5938525820171,0.6070098302801064,0.3611095729188015,0.03214411714844534
7,0.3,2,TriBranchTDCA,0.65,507.5938525820171,0.7129732786241153,0.5236805276338403,0.02891269351167125
7,0.3,3,CCA,0.05,2.8798059704541856,0.08487987639637265,0.02598417266417774,0.0007250665204217022
7,0.3,3,FBCCA,0.1,19.21410086441142,0.2278737590697102,0.1607311093428183,0.0035446637131735237
7,0.3,3,TDCA,0.65,507.5938525820171,0.7024969283987346,0.6666504138403946,0.009476692649326157
7,0.3,3,ImprovedTDCA,0.7,571.003305999599,0.7768842110560119,0.669247786582209,0.07453967370451386
7,0.3,3,TriBranchTDCA,0.75,637.8598831425336,0.8495090666231034,0.8268365720270163,0.01598306044513631
7,0.3,4,CCA,0.025,0.0,0.03587461435179752,0.02184561802139462,0.001360665563755914
7,0.3,4,FBCCA,0.0,7.30517519781877,0.1637974158904869,0.1314331924811668,0.005521799801837091
7,0.3,4,TDCA,0.425,259.8227112836768,0.4310767296511534,0.335629780093996,0.004867542423552695
7,0.3,4,ImprovedTDCA,0.55,390.1445284823086,0.4688914646316055,0.3034616557279466,0.0024441619760340316
7,0.3,4,TriBranchTDCA,0.5,335.84539709124766,0.562360017995586,0.3728716065911156,0.008503975843118239
7,0.3,5,CCA,0.0,7.30517519781877,0.08405950208490612,0.03704308600364892,0.002429916642716412
7,0.3,5,FBCCA,0.025,0.0,0.20295588721143729,0.16560356729671,0.002937890088322792
7,0.3,5,TDCA,0.625,477.0936519778108,0.491312734199483,0.4015873996369921,0.006798081211967899
7,0.3,5,ImprovedTDCA,0.725,603.9788612811258,0.5564039809045178,0.4336427947509436,0.005386498086768388
7,0.3,5,TriBranchTDCA,0.625,477.0936519778108,0.5850259057789398,0.46758361448507235,0.006923391057945594
7,0.5,0,CCA,0.125,18.436405221995926,0.17498831683303234,0.09761323376305697,0.0006289998319319867
7,0.5,0,FBCCA,0.15,26.339508496566104,0.3502306677372758,0.2631447384702713,0.0021368952963460863
7,0.5,0,TDCA,0.875,494.1226049195982,0.898011745700385,0.8243373379266935,0.01132106138525435
7,0.5,0,ImprovedTDCA,0.85,470.313294880995,1.1263406825836697,1.0510393053921319,0.09431136146191843
7,0.5,0,TriBranchTDCA,0.9,518.9270735294228,1.1785474712422417,1.1547652711618661,0.07505974556652606
7,0.5,1,CCA,0.175,35.09465151233407,0.10169670269205408,0.07702111185808624,0.01601357213417698
7,0.5,1,FBCCA,0.275,76.975596950114,0.32604336199803136,0.2495628833043122,0.01323850314588082
7,0.5,1,TDCA,0.8,425.15034674730606,0.8051084222477922,0.8517671248360456,0.01454501348910986
7,0.5,1,ImprovedTDCA,0.825,447.3560245835894,1.0863106887822385,1.015183138035738,0.038838063275171475
7,0.5,1,TriBranchTDCA,0.775,403.6223719956412,1.0730191241166547,1.000472260094219,0.04017431738998534
7,0.5,2,CCA,0.175,35.09465151233407,0.1379915989388083,0.0688150806612613,0.0014376718611344153
7,0.5,2,FBCCA,0.175,35.09465151233407,0.30120307202134766,0.20765974311767743,0.0022431363209887145
7,0.5,2,TDCA,0.775,403.6223719956412,0.9844253605633903,1.1044365406614038,0.013338322754930854
7,0.5,2,ImprovedTDCA,0.85,470.313294880995,1.198312724412525,1.2167778681037977,0.006100924690779497
7,0.5,2,TriBranchTDCA,0.85,470.313294880995,1.2590773915058235,1.3369954835069426,0.046761962150111636
7,0.5,3,CCA,0.1,11.528460518646853,0.09198692822370662,0.0392582032137031,0.002584471716839065
7,0.5,3,FBCCA,0.3,88.90267709437161,0.23122894137063965,0.21312128045205458,0.014955094867880492
7,0.5,3,TDCA,0.8,425.15034674730606,0.9172193410954446,0.9646205055877752,0.007190402195514922
7,0.5,3,ImprovedTDCA,0.925,544.9453661215437,1.204421757937236,1.085717769339539,0.007431994703384515
7,0.5,3,TriBranchTDCA,0.9,518.9270735294228,1.2948313932329385,1.3978807116614116,0.004811259569033721
7,0.5,4,CCA,0.025,0.0,0.07991159276523926,0.049019698473867224,0.0020030245702693517
7,0.5,4,FBCCA,0.1,11.528460518646853,0.24797303800209497,0.16525399755603154,0.0033120512039799266
7,0.5,4,TDCA,0.75,382.71592988552015,0.8623063165561268,0.8690770552834031,0.07088411472341316
7,0.5,4,ImprovedTDCA,0.775,403.6223719956412,0.9426863800902495,0.906018268356575,0.031074983847059423
7,0.5,4,TriBranchTDCA,0.775,403.6223719956412,1.0794289154700232,0.9582185001015894,0.012522278180481461
7,0.5,5,CCA,0.025,0.0,0.08784546208852356,0.0531922137499804,0.0004530842048195982
7,0.5,5,FBCCA,0.1,11.528460518646853,0.19097333811524891,0.1425900402532616,0.006471240934083244
7,0.5,5,TDCA,0.825,447.3560245835894,0.956539336891041,0.8492492397663152,0.008964799553932368
7,0.5,5,ImprovedTDCA,0.825,447.3560245835894,1.060894330802619,0.9205100407676949,0.03241502288370013
7,0.5,5,TriBranchTDCA,0.825,447.3560245835894,1.1938865235760252,1.1153413875166618,0.015529769752907097
7,1.0,0,CCA,0.45,85.33094523151902,0.3507718294294339,0.28757855158207035,0.009836772728676113
7,1.0,0,FBCCA,0.65,152.27815577460512,0.8224843444943282,0.7186126219991295,0.019040258072243077
7,1.0,0,TDCA,0.975,301.26792647514816,1.9438532497639174,1.848571226607508,0.20076642030531522
7,1.0,0,ImprovedTDCA,1.0,319.31568569044634,2.5442102149567276,2.577506030469282,0.15902795342743925
7,1.0,0,TriBranchTDCA,1.0,319.31568569044634,2.5398046901426694,2.5533084235161057,0.6356293117691285
7,1.0,1,CCA,0.55,117.04335854469258,0.33941380304704305,0.26782226256201214,0.006694162906161871
7,1.0,1,FBCCA,0.8,212.57517337365303,0.9997847656513763,1.0341819882951158,0.05700867770157636
7,1.0,1,TDCA,0.975,301.26792647514816,2.0405879112263476,2.1583576287812267,0.058469753868080954
7,1.0,1,ImprovedTDCA,0.95,286.2756616096976,2.7863257980577862,3.1077468901418106,0.10876676899105076
7,1.0,1,TriBranchTDCA,0.975,301.26792647514816,2.737655675660272,2.9692805839004572,0.00822546083401443
7,1.0,2,CCA,0.425,77.94681338510304,0.2590906965267027,0.1835493497197388,0.0037982138356129624
7,1.0,2,FBCCA,0.725,181.1936583843377,0.8379599193969944,0.7016628465632011,0.09443673189609303
7,1.0,2,TDCA,1.0,319.31568569044634,2.0182078318836174,2.0528353966388875,0.705299434541313
7,1.0,2,ImprovedTDCA,1.0,319.31568569044634,2.5904258264225346,2.638326174526246,0.057870661983822735
7,1.0,2,TriBranchTDCA,1.0,319.31568569044634,2.6421250549025004,2.6704362342502006,0.2841183630700801
7,1.0,3,CCA,0.325,50.6727284774507,0.23574542430043205,0.1973034435396649,0.006002838319220771
7,1.0,3,FBCCA,0.7,171.30099179987968,0.8514352932264779,0.7347228919134586,0.021536544448093498
7,1.0,3,TDCA,0.975,301.26792647514816,2.2019744260697864,2.2200579057654615,0.112706933799543
7,1.0,3,ImprovedTDCA,1.0,319.31568569044634,2.8080804231335574,3.0104666102134408,0.6699889071966956
7,1.0,3,TriBranchTDCA,0.975,301.26792647514816,2.849610108925576,3.065495284277119,0.1701525677795257
7,1.0,4,CCA,0.25,32.795898376892566,0.17136540026202043,0.1256447785804643,0.009009911709989105
7,1.0,4,FBCCA,0.575,125.51543335486325,0.599802421638777,0.5032425999398584,0.030529370878852546
7,1.0,4,TDCA,0.95,286.2756616096976,1.8820316624815348,2.043772822733469,0.2699255386540531
7,1.0,4,ImprovedTDCA,0.975,301.26792647514816,2.3324922901526017,2.4717402051121278,0.06546660785757519
7,1.0,4,TriBranchTDCA,0.95,286.2756616096976,2.3777476061387697,2.3887677043291955,0.12154539156299915
7,1.0,5,CCA,0.375,63.84706231040955,0.2255745897819358,0.15624726308024284,0.002780848567040417
7,1.0,5,FBCCA,0.75,191.35796494276008,0.6185706514634312,0.4858930973751856,0.008990079065642975
7,1.0,5,TDCA,0.975,301.26792647514816,2.059733188079245,2.0058065161468477,0.23969836691529922
7,1.0,5,ImprovedTDCA,0.975,301.26792647514816,2.60336557442345,2.7406971727921983,0.3903556356677833
7,1.0,5,TriBranchTDCA,0.95,286.2756616096976,2.647538656938599,2.908639960868553,0.06361486335808708
7,2.0,0,CCA,0.75,95.67898247138004,0.9182544612435202,0.9204130813388967,0.013621250377463756
7,2.0,0,FBCCA,0.875,123.53065122989955,2.1886074052043822,2.2666971145223416,0.02383633097099036
7,2.0,0,TDCA,0.975,150.63396323757408,2.931816522361751,3.005740713311921,0.1446545271249613
7,2.0,0,ImprovedTDCA,0.975,150.63396323757408,3.8781605469189784,4.1953809404201845,0.6134387420712968
7,2.0,0,TriBranchTDCA,1.0,159.65784284522317,3.7603615863006956,4.009274913466926,0.5009982280800567
7,2.0,1,CCA,0.825,111.83900614589734,1.1219069638812165,1.1488806965512572,0.01463572860653617
7,2.0,1,FBCCA,0.975,150.63396323757408,2.6353654735313055,2.8565648287011323,0.35832938244786794
7,2.0,1,TDCA,0.975,150.63396323757408,2.9520540177082926,2.9274756144977583,0.7903668112493645
7,2.0,1,ImprovedTDCA,1.0,159.65784284522317,3.874906999628456,3.968324296127212,0.3026804222691464
7,2.0,1,TriBranchTDCA,0.975,150.63396323757408,3.7682586531378623,3.8434680595920687,0.2386262009296285
7,2.0,2,CCA,0.575,62.757716677431624,0.7335065489628314,0.5135275506469825,0.0056069128107196775
7,2.0,2,FBCCA,0.925,136.23634153038591,2.1014662593428923,2.0585860548866584,0.02730108152736399
7,2.0,2,TDCA,1.0,159.65784284522317,3.0611049877873002,3.0854585905771486,0.35340614044251195
7,2.0,2,ImprovedTDCA,0.975,150.63396323757408,3.6529751805647983,3.7224791508508415,0.553494167263078
7,2.0,2,TriBranchTDCA,1.0,159.65784284522317,3.77770410058491,3.9393192592408335,0.11388753819030084
7,2.0,3,CCA,0.6,67.10449838663385,0.7064636437964703,0.555495744092176,0.006931571124006108
7,2.0,3,FBCCA,0.875,123.53065122989955,1.8988500338650247,1.952772264377669,0.03287536225528287
7,2.0,3,TDCA,1.0,159.65784284522317,3.100366447479387,3.093885208287627,1.8757552134081545
7,2.0,3,ImprovedTDCA,1.0,159.65784284522317,3.619102232453264,4.007207622624724,0.8411247113365623
7,2.0,3,TriBranchTDCA,1.0,159.65784284522317,3.815171483506891,4.023239510623402,2.1529622115883744
7,2.0,4,CCA,0.45,42.66547261575951,0.5441818416514116,0.3682781077620545,0.0011217804944259058
7,2.0,4,FBCCA,0.675,80.83308753677899,1.499290744242882,1.1169347727175247,0.010065795605267436
7,2.0,4,TDCA,1.0,159.65784284522317,2.876517111789796,2.916027668454728,1.5630884169409764
7,2.0,4,ImprovedTDCA,1.0,159.65784284522317,3.2296783325661096,3.4271986386926985,0.09222613502787658
7,2.0,4,TriBranchTDCA,1.0,159.65784284522317,3.4984683686844003,3.563790616890585,0.8610334938602899
7,2.0,5,CCA,0.475,46.46688152825617,0.6025109114234934,0.45689950531588686,0.0057135292444683294
7,2.0,5,FBCCA,0.9,129.7317683823557,1.6349281321313556,1.4783674618879674,0.10034016152585012
7,2.0,5,TDCA,1.0,159.65784284522317,2.9560452813681026,2.953766262025858,1.6130639920313314
7,2.0,5,ImprovedTDCA,1.0,159.65784284522317,3.4743754933994118,3.465109383526549,1.5018916090510013
7,2.0,5,TriBranchTDCA,1.0,159.65784284522317,3.777480458518326,3.8161473166327733,2.121166802374016
7,4.0,0,CCA,0.975,75.31698161878704,2.7754013608946044,2.776451241309664,1.215416177067175
7,4.0,0,FBCCA,0.975,75.31698161878704,3.659823151898634,3.84782894243465,0.46464012804484867
7,4.0,0,TDCA,1.0,79.82892142261159,4.1591092440367685,4.333199794646953,0.7484080802523283
7,4.0,0,ImprovedTDCA,1.0,79.82892142261159,4.508471938986739,4.583059378617124,1.1544295790487715
7,4.0,0,TriBranchTDCA,1.0,79.82892142261159,4.61976567632872,4.741116142331837,1.013948334040136
7,4.0,1,CCA,0.975,75.31698161878704,2.6715368648013134,2.9291571100929885,0.16837275416974995
7,4.0,1,FBCCA,1.0,79.82892142261159,4.182346445869608,4.362557265043852,1.2514149333570619
7,4.0,1,TDCA,0.975,75.31698161878704,4.090141527049956,4.176334057590905,2.350459837546656
7,4.0,1,ImprovedTDCA,0.975,75.31698161878704,4.629868930691513,4.849275597678176,0.24234151591130004
7,4.0,1,TriBranchTDCA,0.975,75.31698161878704,4.565875860189397,4.656908520622301,1.75670692974683
7,4.0,2,CCA,0.9,64.86588419117786,2.1396413937889744,2.190600750546033,0.10185294742781092
7,4.0,2,FBCCA,1.0,79.82892142261159,3.827760264707213,3.883476331131366,0.18130222775244986
7,4.0,2,TDCA,1.0,79.82892142261159,4.186474107183434,4.321188958334174,2.417485698680205
7,4.0,2,ImprovedTDCA,1.0,79.82892142261159,4.6175323740242575,4.653990825633727,3.0125456278412255
7,4.0,2,TriBranchTDCA,1.0,79.82892142261159,4.629925306815614,4.7415786830271545,2.7716955209309484
7,4.0,3,CCA,0.95,71.5689154024244,1.9016656914995096,1.802015900203385,0.13391726119762914
7,4.0,3,FBCCA,1.0,79.82892142261159,3.9600022622238455,3.9154058880042473,2.4126214674817787
7,4.0,3,TDCA,1.0,79.82892142261159,4.102743158044097,4.06220512204505,2.488716145765162
7,4.0,3,ImprovedTDCA,1.0,79.82892142261159,4.616354354082569,4.637717934260973,3.226090459598256
7,4.0,3,TriBranchTDCA,1.0,79.82892142261159,4.619746178633282,4.616496537336962,3.320222499025491
7,4.0,4,CCA,0.8,53.14379334341326,1.4887521042515277,1.4963894157278717,0.036159461136842985
7,4.0,4,FBCCA,1.0,79.82892142261159,3.2544847103789314,3.5843585888903315,0.05048050083704814
7,4.0,4,TDCA,1.0,79.82892142261159,4.030367277951739,4.038244159694102,2.8962773541210454
7,4.0,4,ImprovedTDCA,1.0,79.82892142261159,4.233630734024755,4.2257948727014885,2.3779559590583332
7,4.0,4,TriBranchTDCA,1.0,79.82892142261159,4.396433019709332,4.503640696029404,3.302901357727028
7,4.0,5,CCA,0.8,53.14379334341326,1.6109175531807025,1.6458007653166722,0.061321597927294746
7,4.0,5,FBCCA,0.975,75.31698161878704,3.4649903330734064,3.7160489657415847,0.18926730256926794
7,4.0,5,TDCA,1.0,79.82892142261159,3.9223985151343848,3.9998211708387075,0.46323302883231543
7,4.0,5,ImprovedTDCA,1.0,79.82892142261159,4.39747304441475,4.601919364833758,1.554163972854492
7,4.0,5,TriBranchTDCA,1.0,79.82892142261159,4.450412845900376,4.503418590660481,1.1432712945314054
8,0.3,0,CCA,0.025,0.0,0.14719621733905258,0.09663134594210399,0.00217903432722788
8,0.3,0,FBCCA,0.075,9.723899662657054,0.22236693074116154,0.17006701456996587,0.008361755982494667
8,0.3,0,TDCA,0.675,538.8872502451933,0.5608009660952152,0.45894178835235644,0.04634664153080381
8,0.3,0,ImprovedTDCA,0.7,571.003305999599,0.6679495237211184,0.4846134544542413,0.005554322134022627
8,0.3,0,TriBranchTDCA,0.7,571.003305999599,0.7728823952739052,0.631137004037252,0.03827424869206797
8,0.3,1,CCA,0.025,0.0,0.1466368030512657,0.08492388071914114,0.0014508224620461974
8,0.3,1,FBCCA,0.1,19.21410086441142,0.2648772489954779,0.21391577358964986,0.0017902021599160989
8,0.3,1,TDCA,0.6,447.363322577559,0.5879848788411347,0.5384085110290966,0.022857776982088573
8,0.3,1,ImprovedTDCA,0.65,507.5938525820171,0.6108186990465468,0.47113473302331454,0.008711592138578528
8,0.3,1,TriBranchTDCA,0.55,390.1445284823086,0.6489599638397372,0.5000318839396006,0.005192130130844186
8,0.3,2,CCA,0.025,0.0,0.12605752858310879,0.09279943793278578,0.0016627394739643364
8,0.3,2,FBCCA,0.075,9.723899662657054,0.15678050678659852,0.11580627853091763,0.0015234699961741427
8,0.3,2,TDCA,0.75,637.8598831425336,0.6027306277980378,0.3863022786949586,0.041593691375217734
8,0.3,2,ImprovedTDCA,0.65,507.5938525820171,0.6543762063491247,0.4725506802838555,0.021583668765262853
8,0.3,2,TriBranchTDCA,0.7,571.003305999599,0.772780771810455,0.7077047990301765,0.03852958704380294
8,0.3,3,CCA,0.0,7.30517519781877,0.1250633807870361,0.07362965455205317,0.0007400297925301835
8,0.3,3,FBCCA,0.075,9.723899662657054,0.2264068557805246,0.1860885825588725,0.008925592090478718
8,0.3,3,TDCA,0.725,603.9788612811258,0.6495054361045989,0.534131906243481,0.0037114577730039677
8,0.3,3,ImprovedTDCA,0.775,672.7039533260687,0.7660963444401065,0.5958204601249336,0.014898608542743386
8,0.3,3,TriBranchTDCA,0.8,708.5839112455101,0.778197346947396,0.613120852023379,0.05714260576921215
8,0.3,4,CCA,0.075,9.723899662657054,0.14554748336438425,0.05415515654629288,0.001656441966533917
8,0.3,4,FBCCA,0.05,2.8798059704541856,0.20261422288872605,0.13788663184819672,0.007637596450456474
8,0.3,4,TDCA,0.675,538.8872502451933,0.610085287100485,0.4470801277985209,0.028435240842495713
8,0.3,4,ImprovedTDCA,0.65,507.5938525820171,0.6625074923995032,0.4998598778309832,0.003529582933800235
8,0.3,4,TriBranchTDCA,0.75,637.8598831425336,0.7553239627599522,0.7056052400211253,0.003976208667257897
8,0.3,5,CCA,0.05,2.8798059704541856,0.1304621338190336,0.04127232059177566,0.000241261188320685
8,0.3,5,FBCCA,0.0,7.30517519781877,0.2534953161527329,0.15776885872134672,0.0015808096146860962
8,0.3,5,TDCA,0.7,571.003305999599,0.5522754344895201,0.5336794817261538,0.05389153111785294
8,0.3,5,ImprovedTDCA,0.725,603.9788612811258,0.6317438175282686,0.5754278118418219,0.03620452121325424
8,0.3,5,TriBranchTDCA,0.8,708.5839112455101,0.6312849879130862,0.516205876857485,0.009928669886977826
8,0.5,0,CCA,0.1,11.528460518646853,0.11870006305455053,0.05551635725594828,0.004276116779446504
8,0.5,0,FBCCA,0.075,5.834339797594232,0.3481824200789658,0.24560196094438058,0.014061774946744876
8,0.5,0,TDCA,0.8,425.15034674730606,0.7890360532377471,0.6975330830791547,0.08569720337500364
8,0.5,0,ImprovedTDCA,0.75,382.71592988552015,0.9405019274197356,0.8388476630970237,0.010884468809368553
8,0.5,0,TriBranchTDCA,0.875,494.1226049195982,1.1049734298085936,0.9448700612606922,0.05956296880150269
8,0.5,1,CCA,0.05,1.7278835822725114,0.13970602821547828,0.08838251380279005,0.007463696881664372
8,0.5,1,FBCCA,0.025,0.0,0.24728302503574948,0.15988863855236102,0.010121114317682922
8,0.5,1,TDCA,0.825,447.3560245835894,0.7385258333378999,0.6379153861831578,0.028151357369020857
8,0.5,1,ImprovedTDCA,0.775,403.6223719956412,0.8912891121844485,0.8365909766792587,0.004240850149048292
8,0.5,1,TriBranchTDCA,0.775,403.6223719956412,0.8257176286122505,0.809793057342043,0.0011844502920150823
8,0.5,2,CCA,0.15,26.339508496566104,0.1966014475395021,0.10219112921933926,0.0014986458990517981
8,0.5,2,FBCCA,0.075,5.834339797594232,0.2689759704670515,0.18918866539347623,0.02196445721603779
8,0.5,2,TDCA,0.85,470.313294880995,0.8776796321312089,0.8498289282883793,0.000675351269310509
8,0.5,2,ImprovedTDCA,0.85,470.313294880995,0.9605711154316685,0.9601649089302203,0.002866368884594017
8,0.5,2,TriBranchTDCA,0.825,447.3560245835894,1.0633905463310456,1.0555305430958963,0.05169226297862162
8,0.5,3,CCA,0.1,11.528460518646853,0.1180627167453581,0.09468904646283094,0.00080502457792897
8,0.5,3,FBCCA,0.0,4.383105118691262,0.25169228635315355,0.1846499384106003,0.0015763631906478004
8,0.5,3,TDCA,0.85,470.313294880995,0.9604424656724003,0.8248773523697803,0.020138373717332847
8,0.5,3,ImprovedTDCA,0.825,447.3560245835894,1.10183393432944,1.0250384722813184,0.025949742345352966
8,0.5,3,TriBranchTDCA,0.925,544.9453661215437,1.0841183784473003,1.0421135377748987,0.03625398334225016
8,0.5,4,CCA,0.125,18.436405221995926,0.20400656488780972,0.12133318276947347,0.005015404896035802
8,0.5,4,FBCCA,0.175,35.09465151233407,0.26981653515146675,0.16470224794444865,0.0002735515299032709
8,0.5,4,TDCA,0.85,470.313294880995,0.86782395087798,0.8347203117351057,0.011940861300249628
8,0.5,4,ImprovedTDCA,0.875,494.1226049195982,0.9827608136890233,1.0148112789111274,0.07498321218993365
8,0.5,4,TriBranchTDCA,0.775,403.6223719956412,0.99270759113727,0.9624017754242669,0.02910518542642171
8,0.5,5,CCA,0.075,5.834339797594232,0.08896533355209793,0.06288394542072362,0.0025296151813243295
8,0.5,5,FBCCA,0.075,5.834339797594232,0.2659569749362779,0.24511931319873137,0.013870454555659384
8,0.5,5,TDCA,0.825,447.3560245835894,0.8341023841873124,0.8606411483533084,0.012813996824094787
8,0.5,5,ImprovedTDCA,0.85,470.313294880995,0.9776603204401887,0.8469118843871271,0.12875646081413494
8,0.5,5,TriBranchTDCA,0.85,470.313294880995,1.0800402701221663,0.9984129685352652,0.0912427507122957
8,1.0,0,CCA,0.125,9.218202610997963,0.2193611268645002,0.17520924432067897,0.006858477500218063
8,1.0,0,FBCCA,0.3,44.451338547185806,0.4694775650279722,0.38540795076654943,0.009229081762315072
8,1.0,0,TDCA,1.0,319.31568569044634,1.512970450127129,1.5266690358209112,0.19403960731400205
8,1.0,0,ImprovedTDCA,1.0,319.31568569044634,1.7960008349368182,1.7887248674023852,0.2140774441273745
8,1.0,0,TriBranchTDCA,1.0,319.31568569044634,1.9076545647232592,1.9139509952864293,0.337350016429647
8,1.0,1,CCA,0.225,27.39291277536635,0.22435312070890215,0.1800528994927969,0.012056336840828852
8,1.0,1,FBCCA,0.25,32.795898376892566,0.43946663350586734,0.3154177672331244,0.007635898082973824
8,1.0,1,TDCA,0.95,286.2756616096976,1.636329742400246,1.575124782605737,0.06687169078795163
8,1.0,1,ImprovedTDCA,0.9,259.4635367647114,1.8898401127016249,2.009585797532151,0.17616712255165057
8,1.0,1,TriBranchTDCA,0.925,272.47268306077183,2.0590677146119836,2.133388749060735,0.08627920150663826
8,1.0,2,CCA,0.225,27.39291277536635,0.20136157058928794,0.16181256263992194,0.0045227327735295475
8,1.0,2,FBCCA,0.4,70.78417014692076,0.603056546205402,0.5498335435852004,0.007188499211987942
8,1.0,2,TDCA,0.975,301.26792647514816,1.873200215215443,1.9278651837802154,0.4044406440493562
8,1.0,2,ImprovedTDCA,0.975,301.26792647514816,2.1615519341865195,2.361278555738913,0.5821260328716658
8,1.0,2,TriBranchTDCA,0.975,301.26792647514816,2.1572321074539587,2.211612807509052,0.3017418265768481
8,1.0,3,CCA,0.475,92.93376305651233,0.1719534296687673,0.14314714418820618,0.0012213200730606388
8,1.0,3,FBCCA,0.45,85.33094523151902,0.5225081967070385,0.40174276616957516,0.0022925608350923277
8,1.0,3,TDCA,0.975,301.26792647514816,1.8425866889738836,1.9400791439478207,0.21256140844604365
8,1.0,3,ImprovedTDCA,0.975,301.26792647514816,2.208043574592557,2.248745622605675,0.457034134609247
8,1.0,3,TriBranchTDCA,0.975,301.26792647514816,2.2293445159305083,2.130350379045593,0.20149743180212254
8,1.0,4,CCA,0.15,13.169754248283052,0.2355411012773303,0.17473858371333395,0.009756420334179339
8,1.0,4,FBCCA,0.425,77.94681338510304,0.4577107406247354,0.3043591336131003,0.005172170776504448
8,1.0,4,TDCA,0.975,301.26792647514816,1.919560172150073,1.8783451312712534,0.10699401233756434
8,1.0,4,ImprovedTDCA,0.975,301.26792647514816,2.227132864840537,2.2077712464640733,0.08483466267741968
8,1.0,4,TriBranchTDCA,0.975,301.26792647514816,2.1519482423398864,2.212689734690497,0.02928971141438952
8,1.0,5,CCA,0.275,38.487798475057,0.22595245687601087,0.1965855207725189,0.014317939639219457
8,1.0,5,FBCCA,0.35,57.14091583508459,0.4616837133231407,0.26192832761304086,0.0009457707464595178
8,1.0,5,TDCA,1.0,319.31568569044634,1.714887273836976,1.8105557085029154,0.04549202414011999
8,1.0,5,ImprovedTDCA,0.975,301.26792647514816,1.9835176834179986,2.0620338270664624,0.09647704613936847
8,1.0,5,TriBranchTDCA,0.975,301.26792647514816,2.165531786381538,2.2139314971573234,0.012247794515773736
8,2.0,0,CCA,0.45,42.66547261575951,0.5550902392072411,0.3549059811079305,0.007619074004279192
8,2.0,0,FBCCA,0.575,62.757716677431624,0.9443131242811887,0.6046218896290944,0.05594933324866025
8,2.0,0,TDCA,1.0,159.65784284522317,2.3025931576865437,2.4545463991089953,0.33779350285306764
8,2.0,0,ImprovedTDCA,1.0,159.65784284522317,2.4955551608610826,2.477543485132042,0.2055846956163201
8,2.0,0,TriBranchTDCA,1.0,159.65784284522317,2.746844663014448,2.802194463635927,0.9490459446039057
8,2.0,1,CCA,0.425,38.97340669255152,0.40719466382201636,0.32958690727664064,0.008530705233525948
8,2.0,1,FBCCA,0.725,90.59682919216885,1.0041407264824023,0.943879539674983,0.0055658942057483785
8,2.0,1,TDCA,1.0,159.65784284522317,2.4009662757036496,2.435719443184005,0.8146251245749392
8,2.0,1,ImprovedTDCA,1.0,159.65784284522317,2.536532053849613,2.7515331301368677,0.11675689125419542
8,2.0,1,TriBranchTDCA,1.0,159.65784284522317,2.8756948235186655,2.8729364964902437,0.9631703440843848
8,2.0,2,CCA,0.75,95.67898247138004,0.5990137889213003,0.4080576009213055,0.006976647030367378
8,2.0,2,FBCCA,0.875,123.53065122989955,1.3760188424934419,1.408408995248452,0.0005071456218139758
8,2.0,2,TDCA,0.975,150.63396323757408,2.473747407056601,2.4913586722432997,0.20417101263049364
8,2.0,2,ImprovedTDCA,1.0,159.65784284522317,3.038396502917707,3.147077571302664,0.9933788547104601
8,2.0,2,TriBranchTDCA,0.975,150.63396323757408,3.0465279378936367,2.974449867371427,0.0016491691076143677
8,2.0,3,CCA,0.525,54.39498485654953,0.5583488652011847,0.32677149968768826,0.005912423226159369
8,2.0,3,FBCCA,0.725,90.59682919216885,1.2184856294772959,1.041645434966128,0.10241707171123027
8,2.0,3,TDCA,0.975,150.63396323757408,2.406434110945546,2.429161824948099,0.6044929325367079
8,2.0,3,ImprovedTDCA,0.975,150.63396323757408,2.762871551122481,2.998858678786031,0.09354173535548727
8,2.0,3,TriBranchTDCA,0.975,150.63396323757408,3.0080327240395905,3.1126897048877185,0.6762439500329105
8,2.0,4,CCA,0.525,54.39498485654953,0.518923192464545,0.37126943558269276,0.03265028638590328
8,2.0,4,FBCCA,0.725,90.59682919216885,1.040256140270151,0.7615410866275395,0.006768219493071381
8,2.0,4,TDCA,1.0,159.65784284522317,2.6143429504344047,2.407491633334285,1.6963556074339574
8,2.0,4,ImprovedTDCA,1.0,159.65784284522317,2.8271959517911265,3.147947174015491,0.7698714073945894
8,2.0,4,TriBranchTDCA,1.0,159.65784284522317,3.045226591092315,3.0055135092314273,1.3739247300407356
8,2.0,5,CCA,0.425,38.97340669255152,0.5554549363266196,0.39897916132083533,0.025160018718874966
8,2.0,5,FBCCA,0.725,90.59682919216885,1.0589334725492616,0.7728927545716708,0.021804254236523768
8,2.0,5,TDCA,1.0,159.65784284522317,2.3294114026678177,2.379530808959216,1.0721969847260358
8,2.0,5,ImprovedTDCA,0.975,150.63396323757408,2.7144702785527635,2.8748250130374577,0.06587717824601347
8,2.0,5,TriBranchTDCA,1.0,159.65784284522317,2.891454807961879,2.8984848953759004,1.444572846627482
8,4.0,0,CCA,0.8,53.14379334341326,1.6033501860487598,1.5005835962065823,0.0217267371809009
8,4.0,0,FBCCA,0.925,68.11817076519296,2.4240580613512774,2.492289821721238,0.034252563212259446
8,4.0,0,TDCA,1.0,79.82892142261159,3.397729638163638,3.3547695620087286,1.9601892468268247
8,4.0,0,ImprovedTDCA,1.0,79.82892142261159,3.635665590989118,3.845378193285994,1.4857394035978304
8,4.0,0,TriBranchTDCA,1.0,79.82892142261159,3.7754758812938243,3.847838852486536,2.2884382967015027
8,4.0,1,CCA,0.675,40.416543768389495,1.5647483039771577,1.3039435251358904,0.0700042553534086
8,4.0,1,FBCCA,0.825,55.91950307294867,2.252741539355833,2.436236355503649,0.09546293692827623
8,4.0,1,TDCA,1.0,79.82892142261159,3.210841336744174,3.1119435086547558,1.3703915986873203
8,4.0,1,ImprovedTDCA,1.0,79.82892142261159,3.3684621294203305,3.325514019655527,1.516581931581944
8,4.0,1,TriBranchTDCA,1.0,79.82892142261159,3.6304259765704665,3.6813275928410922,1.321938289284192
8,4.0,2,CCA,0.925,68.11817076519296,1.7993772980766807,1.8183272261466294,0.04269597358944077
8,4.0,2,FBCCA,0.975,75.31698161878704,2.8685644344377943,2.5537301564239208,0.7753558556450733
8,4.0,2,TDCA,0.975,75.31698161878704,3.4701830308929464,3.513130146672049,2.29416752892908
8,4.0,2,ImprovedTDCA,1.0,79.82892142261159,3.5663159359895706,3.5862426281613304,0.01555231047830663
8,4.0,2,TriBranchTDCA,0.975,75.31698161878704,3.8094510941101047,3.969341677387947,1.871456327237705
8,4.0,3,CCA,0.875,61.765325614949774,1.670354696270865,1.57931635661845,0.0028547181057572146
8,4.0,3,FBCCA,0.975,75.31698161878704,2.398700072996296,2.405478823355181,0.12588621379843934
8,4.0,3,TDCA,0.975,75.31698161878704,3.3630871607256823,3.448801533772045,1.0760952638178884
8,4.0,3,ImprovedTDCA,0.975,75.31698161878704,3.483067519764917,3.6637726625890066,0.7661505718094537
8,4.0,3,TriBranchTDCA,0.975,75.31698161878704,3.725425812948494,3.841066470917546,1.3906041435129686
8,4.0,4,CCA,0.825,55.91950307294867,1.757567984259572,1.516824337108626,0.03354779708416045
8,4.0,4,FBCCA,0.975,75.31698161878704,2.7307873293825273,2.50371359236253,0.035343595904566705
8,4.0,4,TDCA,1.0,79.82892142261159,3.364726460889551,3.2513335881568572,1.6528651482216148
8,4.0,4,ImprovedTDCA,1.0,79.82892142261159,3.650067292458439,3.6274515480958556,1.919472722847058
8,4.0,4,TriBranchTDCA,1.0,79.82892142261159,3.6494748162865336,3.715466524940105,1.7981730286625521
8,4.0,5,CCA,0.875,61.765325614949774,1.6411250535175192,1.5604203829295276,0.011255034423236498
8,4.0,5,FBCCA,0.975,75.31698161878704,2.685030513586195,2.8251339059912324,0.08501784822659575
8,4.0,5,TDCA,1.0,79.82892142261159,3.3185144479658435,3.1475064449294883,2.231811046620353
8,4.0,5,ImprovedTDCA,1.0,79.82892142261159,3.623978848504575,3.535504034035723,2.128702777217874
8,4.0,5,TriBranchTDCA,1.0,79.82892142261159,3.724854746514862,3.701676907567559,2.7010074726935125
9,0.3,0,CCA,0.125,30.727342036659877,0.10605843966125028,0.054573383646047136,0.0027417840398578086
9,0.3,0,FBCCA,0.025,0.0,0.20145236107080405,0.17245153071310637,0.0020596616625101483
9,0.3,0,TDCA,0.475,309.77921018837446,0.48191340745485645,0.3898489040827864,0.03849221791591706
9,0.3,0,ImprovedTDCA,0.525,362.6332323769969,0.5364298070585205,0.44938371007168876,0.004797839253492864
9,0.3,0,TriBranchTDCA,0.45,284.4364841050634,0.5290171070345802,0.47949246167436776,0.0017216921702405408
9,0.3,1,CCA,0.05,2.8798059704541856,0.11489636003749384,0.06372502680245185,0.00316418889197001
9,0.3,1,FBCCA,0.15,43.899180827610174,0.266605043884052,0.2135717768669232,0.0035540663532440675
9,0.3,1,TDCA,0.6,447.363322577559,0.5480614861907167,0.42048128771157367,0.005934011690914787
9,0.3,1,ImprovedTDCA,0.65,507.5938525820171,0.6019494431734722,0.505110732108829,0.010776708787271438
9,0.3,1,TriBranchTDCA,0.65,507.5938525820171,0.6599642117462057,0.5262969612161559,0.0010493596031777574
9,0.3,2,CCA,0.0,7.30517519781877,0.08174421871842626,0.04588253399198483,0.0002571053740914042
9,0.3,2,FBCCA,0.05,2.8798059704541856,0.22101339152835514,0.13842641265399136,0.002364888878086724
9,0.3,2,TDCA,0.575,418.38477784954415,0.5892364668715622,0.5429000759675938,0.02011602814223279
9,0.3,2,ImprovedTDCA,0.6,447.363322577559,0.5617923727153975,0.3875322544687376,0.008972535906365264
9,0.3,2,TriBranchTDCA,0.575,418.38477784954415,0.7299438501399708,0.6399387662129511,0.0038635726887190636
9,0.3,3,CCA,0.0,7.30517519781877,0.04522700593689318,0.02569982222688083,0.002558816853121204
9,0.3,3,FBCCA,0.025,0.0,0.22731171448088466,0.1672163741252538,0.01259153311252903
9,0.3,3,TDCA,0.6,447.363322577559,0.4684852288312026,0.2695436631061925,0.003951646832685229
9,0.3,3,ImprovedTDCA,0.65,507.5938525820171,0.6028264313748128,0.4835054936852997,0.0054390920780420515
9,0.3,3,TriBranchTDCA,0.525,362.6332323769969,0.5431806281092537,0.4829124895781922,0.018430359257050277
9,0.3,4,CCA,0.1,19.21410086441142,0.059053787672852964,0.04580673448375927,0.0033427263480345637
9,0.3,4,FBCCA,0.025,0.0,0.18803534399089808,0.13940962999039996,0.0017295454230803475
9,0.3,4,TDCA,0.65,507.5938525820171,0.545981619651073,0.29509817735629007,0.003042316276490098
9,0.3,4,ImprovedTDCA,0.675,538.8872502451933,0.630387465252902,0.4786783436948563,0.01971954652566854
9,0.3,4,TriBranchTDCA,0.65,507.5938525820171,0.7227696964428848,0.5686728339114336,0.000823390157029813
9,0.3,5,CCA,0.05,2.8798059704541856,0.10010626459636604,0.039144628470996756,0.00023680515436907967
9,0.3,5,FBCCA,0.0,7.30517519781877,0.20440585790107385,0.11945191575741876,2.3408343512443253e-06
9,0.3,5,TDCA,0.55,390.1445284823086,0.5615608550777592,0.4712184327568816,0.026321164268045427
9,0.3,5,ImprovedTDCA,0.525,362.6332323769969,0.5478394869482465,0.39062151561488734,0.020835749742991183
9,0.3,5,TriBranchTDCA,0.45,284.4364841050634,0.5978768635919434,0.4187289746876681,0.017093128555293102
9,0.5,0,CCA,0.05,1.7278835822725114,0.188933398311839,0.10633771000833059,0.000865015329966301
9,0.5,0,FBCCA,0.1,11.528460518646853,0.2626869330931848,0.25631306154641575,0.0038628978132764225
9,0.5,0,TDCA,0.525,217.5799394261981,0.6498452292032294,0.547010099667024,0.023600344026672104
9,0.5,0,ImprovedTDCA,0.5,201.5072382547486,0.6143758122406215,0.5701746270611826,0.04171514084350392
9,0.5,0,TriBranchTDCA,0.65,304.55631154921025,0.7179976959781651,0.5819860526884064,0.0075728654501801
9,0.5,1,CCA,0.075,5.834339797594232,0.1449986268346705,0.07513766334706151,0.004446005301810274
9,0.5,1,FBCCA,0.125,18.436405221995926,0.34783580460659813,0.2563690552114475,0.0011523326368720888
9,0.5,1,TDCA,0.675,323.33235014711596,0.6262714006096763,0.5643987000545818,0.009386121048807983
9,0.5,1,ImprovedTDCA,0.75,382.71592988552015,0.7507312830270771,0.6686710534937017,0.009461588151297828
9,0.5,1,TriBranchTDCA,0.8,425.15034674730606,0.9929661393907363,0.9584619984301055,0.014257928198582182
9,0.5,2,CCA,0.125,18.436405221995926,0.11590297035632946,0.06412656134473183,0.0012905804324323533
9,0.5,2,FBCCA,0.275,76.975596950114,0.35603334871348524,0.28228387262488597,0.00031322251559018355
9,0.5,2,TDCA,0.775,403.6223719956412,0.76132499530152,0.6772160615680469,0.010500864227873663
9,0.5,2,ImprovedTDCA,0.775,403.6223719956412,0.8101134641609278,0.5784096892870974,0.015316369737647717
9,0.5,2,TriBranchTDCA,0.85,470.313294880995,1.0370419837503575,0.8804442412769524,0.059287637829257944
9,0.5,3,CCA,0.1,11.528460518646853,0.1284429597984867,0.07674446457795159,0.005241200854046779
9,0.5,3,FBCCA,0.175,35.09465151233407,0.2957043109818647,0.21775921059787118,0.00523745796303654
9,0.5,3,TDCA,0.725,362.3873167686754,0.8425352594363484,0.5938065572115169,0.0217549042490357
9,0.5,3,ImprovedTDCA,0.75,382.71592988552015,0.8359724232994417,0.5809788671456169,0.0828649197155773
9,0.5,3,TriBranchTDCA,0.7,342.60198359975936,0.9367737017567904,0.7810317463066462,0.027189669616804357
9,0.5,4,CCA,0.225,54.7858255507327,0.09723935185607696,0.05326431387868091,0.00291265076288294
9,0.5,4,FBCCA,0.15,26.339508496566104,0.26310209137472507,0.19520167361429153,0.009226241449532102
9,0.5,4,TDCA,0.75,382.71592988552015,0.7577302694248015,0.5838203066225964,0.00010925287511653892
9,0.5,4,ImprovedTDCA,0.775,403.6223719956412,0.9487001745816788,0.814432021219941,0.03294004908841952
9,0.5,4,TriBranchTDCA,0.775,403.6223719956412,0.9043840241141796,0.7924499194677357,0.09709320054641823
9,0.5,5,CCA,0.15,26.339508496566104,0.12130072619764662,0.06200996210189602,0.0001702851424529861
9,0.5,5,FBCCA,0.225,54.7858255507327,0.27251035685743336,0.23398157446839007,0.012019942091578528
9,0.5,5,TDCA,0.6,268.4179935465354,0.7933808309581527,0.5747095377520666,0.006611911005322657
9,0.5,5,ImprovedTDCA,0.675,323.33235014711596,0.8087837473293409,0.5514185989104546,0.009829760348423644
9,0.5,5,TriBranchTDCA,0.75,382.71592988552015,0.9365751130289606,0.7097751197573776,0.0010495578795386429
9,1.0,0,CCA,0.35,57.14091583508459,0.24898383477521682,0.18757875662063073,0.0018289121410308695
9,1.0,0,FBCCA,0.65,152.27815577460512,0.5754610526301095,0.40309760462872335,0.0010328510830717175
9,1.0,0,TDCA,0.975,301.26792647514816,1.4356481560302097,1.488925080378786,0.030084371247685926
9,1.0,0,ImprovedTDCA,0.975,301.26792647514816,2.12924720947821,2.3581050780419117,0.11359388908842072
9,1.0,0,TriBranchTDCA,0.975,301.26792647514816,2.086326310625545,2.3449060321970565,0.03973554692616865
9,1.0,1,CCA,0.55,117.04335854469258,0.31932880276276165,0.22921063208072345,0.0057462775402765676
9,1.0,1,FBCCA,0.625,143.12809559334323,0.6772370214096741,0.6177419911966173,0.019310548564999586
9,1.0,1,TDCA,0.9,259.4635367647114,1.4873589457396466,1.5700610566915938,0.04191553582883767
9,1.0,1,ImprovedTDCA,0.9,259.4635367647114,2.2037329118364952,2.4479585452900148,0.2000171384923517
9,1.0,1,TriBranchTDCA,0.9,259.4635367647114,2.1893043913867793,2.3854090651065913,0.008721359531127515
9,1.0,2,CCA,0.475,92.93376305651233,0.20133635272117195,0.16325856498668145,0.009084100893578695
9,1.0,2,FBCCA,0.725,181.1936583843377,0.6391316471293715,0.5469781128533323,0.005878114739121809
9,1.0,2,TDCA,1.0,319.31568569044634,1.6504084270283144,1.6862270590394834,0.13228725163534705
9,1.0,2,ImprovedTDCA,1.0,319.31568569044634,2.108157756759096,2.1493086973459086,0.009960369163946492
9,1.0,2,TriBranchTDCA,0.95,286.2756616096976,2.1396706514058534,2.262945441187177,0.007658771616557036
9,1.0,3,CCA,0.45,85.33094523151902,0.28321914616962146,0.165421636113128,0.0005161359858598669
9,1.0,3,FBCCA,0.725,181.1936583843377,0.6936193021604278,0.5815917732324791,0.006528426886400318
9,1.0,3,TDCA,0.925,272.47268306077183,1.6743873315633586,1.6360531310463124,0.017560820812906996
9,1.0,3,ImprovedTDCA,0.975,301.26792647514816,2.306266996939751,2.362725339184949,0.18895518823737478
9,1.0,3,TriBranchTDCA,0.95,286.2756616096976,2.2389852371568986,2.3779999941404664,0.2053402962594768
9,1.0,4,CCA,0.55,117.04335854469258,0.20691961095057324,0.1356001690877191,0.013675263449363317
9,1.0,4,FBCCA,0.725,181.1936583843377,0.5681042112683704,0.4959189905976862,0.01749959839803994
9,1.0,4,TDCA,0.925,272.47268306077183,1.7537031450195826,1.8006916350020175,0.009977983236450827
9,1.0,4,ImprovedTDCA,0.95,286.2756616096976,2.3668564141828266,2.517282509815593,0.43053937862335
9,1.0,4,TriBranchTDCA,0.95,286.2756616096976,2.38196838243511,2.5942625517734736,0.5202981044382624
9,1.0,5,CCA,0.5,100.7536191273743,0.23394830787968307,0.19138839573094324,0.0058896249266040535
9,1.0,5,FBCCA,0.675,161.66617507355798,0.5945654941168848,0.4837006171158853,0.014886607149253273
9,1.0,5,TDCA,0.875,247.0613024597991,1.5122070893009492,1.4374912499966621,0.06679482105426171
9,1.0,5,ImprovedTDCA,0.975,301.26792647514816,2.1964439853602533,2.2971540252444496,0.08243326582411736
9,1.0,5,TriBranchTDCA,0.95,286.2756616096976,2.0341129800670337,1.9777665156330035,0.14962004091398828
9,2.0,0,CCA,0.65,76.13907788730256,0.7683670097244908,0.6803362282162675,0.021847459825750537
9,2.0,0,FBCCA,0.9,129.7317683823557,1.6110652873142743,1.6336689966230482,0.042123277940408155
9,2.0,0,TDCA,0.975,150.63396323757408,2.2992428973101076,2.2869809937134273,0.24288459194102496
9,2.0,0,ImprovedTDCA,1.0,159.65784284522317,3.1731766128926404,3.2161173807119168,0.01051237042455222
9,2.0,0,TriBranchTDCA,1.0,159.65784284522317,3.0208301812883738,3.2183278750239883,0.7374833444251521
9,2.0,1,CCA,0.6,67.10449838663385,0.6389464367948529,0.4377793433530035,0.010135288762660455
9,2.0,1,FBCCA,0.775,100.9055929989103,1.6423127648935818,1.6267060642206972,0.010439321562072834
9,2.0,1,TDCA,0.925,136.23634153038591,2.4308383302595784,2.7212267004124326,0.13059566208775442
9,2.0,1,ImprovedTDCA,0.975,150.63396323757408,3.0421643751977463,3.2681909560799705,0.18086609797753672
9,2.0,1,TriBranchTDCA,1.0,159.65784284522317,3.0544296032451492,3.384465680331414,0.32238254947121847
9,2.0,2,CCA,0.575,62.757716677431624,0.6758682140468648,0.5296949503764217,0.005614555420968337
9,2.0,2,FBCCA,0.9,129.7317683823557,1.6827627591822616,1.5680689460037487,0.16236184961227584
9,2.0,2,TDCA,1.0,159.65784284522317,2.513396453030026,2.6959711905074917,0.41360099080451196
9,2.0,2,ImprovedTDCA,0.975,150.63396323757408,3.1925307670985474,3.297169103197651,0.2766150212330012
9,2.0,2,TriBranchTDCA,0.975,150.63396323757408,3.0792108404063994,3.385912330879007,0.012313717797632684
9,2.0,3,CCA,0.55,58.52167927234629,0.6341192771379803,0.47723560668655873,0.0039794827277011
9,2.0,3,FBCCA,0.9,129.7317683823557,1.7726133501515213,1.8400208809948093,0.004036337337425255
9,2.0,3,TDCA,0.975,150.63396323757408,2.534087402251294,2.5866879187094933,0.3405918709881195
9,2.0,3,ImprovedTDCA,1.0,159.65784284522317,3.120620644184709,3.3379226253164,0.6411333908974526
9,2.0,3,TriBranchTDCA,0.975,150.63396323757408,2.9934325321190296,2.997575338682634,0.46695412778980305
9,2.0,4,CCA,0.675,80.83308753677899,0.8094702104632308,0.6128321888201962,0.009166621645738005
9,2.0,4,FBCCA,0.925,136.23634153038591,1.932765177914917,1.9257920347821365,0.008360203288150903
9,2.0,4,TDCA,0.975,150.63396323757408,2.6610331111107017,2.7966251589967186,0.25733049904232574
9,2.0,4,ImprovedTDCA,0.95,143.1378308048488,3.5739354924310462,3.92665775313955,0.18471326734646443
9,2.0,4,TriBranchTDCA,0.975,150.63396323757408,3.397457348738959,3.650785659087073,0.14335451758654472
9,2.0,5,CCA,0.75,95.67898247138004,0.7418003106895918,0.5129977121117276,0.07937392531317444
9,2.0,5,FBCCA,0.95,143.1378308048488,1.8480557873213734,1.8278310499095936,0.1573148289664088
9,2.0,5,TDCA,0.975,150.63396323757408,2.4086822643616976,2.745757979018131,0.055458053995337764
9,2.0,5,ImprovedTDCA,0.975,150.63396323757408,3.45073959582501,3.5858570133319088,0.1502383756720409
9,2.0,5,TriBranchTDCA,0.975,150.63396323757408,3.207199987963192,3.508881373629117,0.27604489452448844
9,4.0,0,CCA,0.825,55.91950307294867,2.164333023986071,2.522592043258488,0.0037421820444616394
9,4.0,0,FBCCA,1.0,79.82892142261159,3.426286423528319,3.9000171349779715,0.4433245386139206
9,4.0,0,TDCA,1.0,79.82892142261159,3.322559914308775,3.3993571884339926,0.5892791172074063
9,4.0,0,ImprovedTDCA,1.0,79.82892142261159,4.0675699865847275,4.263339927962846,1.8877908958651228
9,4.0,0,TriBranchTDCA,1.0,79.82892142261159,3.9179054532461683,4.043413184894856,2.108972491976441
9,4.0,1,CCA,0.7,42.82524794996992,1.540339293525085,1.1660129088602302,0.0010987646645328475
9,4.0,1,FBCCA,0.95,71.5689154024244,3.2092709511076514,3.4750970582550247,0.054823156048648514
9,4.0,1,TDCA,0.975,75.31698161878704,3.1224817728723484,3.382670876089575,0.21977519407248103
9,4.0,1,ImprovedTDCA,0.95,71.5689154024244,3.788068460183684,4.105693962742912,1.1933651914318015
9,4.0,1,TriBranchTDCA,0.95,71.5689154024244,3.7002802641005603,3.9013726246124567,0.5253405517030925
9,4.0,2,CCA,0.775,50.45279649945515,1.8173663123798107,1.474848437890416,0.03189090353020729
9,4.0,2,FBCCA,0.975,75.31698161878704,3.667267895523021,3.8546122752392478,1.173389671648633
9,4.0,2,TDCA,1.0,79.82892142261159,3.4733393197097997,3.6472879155650704,0.4758893318492996
9,4.0,2,ImprovedTDCA,0.975,75.31698161878704,4.180193354156707,4.393525937984636,0.11701063055622463
9,4.0,2,TriBranchTDCA,1.0,79.82892142261159,3.949468381572969,4.072186061649088,0.0959751022688482
9,4.0,3,CCA,0.625,35.78202389833581,1.5882704706594857,1.5335404816362097,0.024283551305561257
9,4.0,3,FBCCA,1.0,79.82892142261159,3.264486295902394,3.2002839333032966,0.7513192136050146
9,4.0,3,TDCA,1.0,79.82892142261159,3.389853683255761,3.3960850443192143,1.2969610360273236
9,4.0,3,ImprovedTDCA,1.0,79.82892142261159,3.9856414661706436,4.056782533757831,1.388965926754906
9,4.0,3,TriBranchTDCA,1.0,79.82892142261159,3.9584475221912854,4.100777852173361,1.254442057353557
9,4.0,4,CCA,0.85,58.78916186012437,1.9728165866587766,1.9900059657640472,0.01718061190072362
9,4.0,4,FBCCA,1.0,79.82892142261159,3.7380333423302354,3.998168612178565,0.3237191966798436
9,4.0,4,TDCA,1.0,79.82892142261159,3.4613911629798566,3.6376447400689775,0.39235642786115
9,4.0,4,ImprovedTDCA,1.0,79.82892142261159,4.146748422173512,4.346475724706561,0.8863959906423196
9,4.0,4,TriBranchTDCA,1.0,79.82892142261159,3.964525541092416,4.330681645214827,1.2139192663973888
9,4.0,5,CCA,0.825,55.91950307294867,1.9930306972707228,2.157175265173863,0.18028441883493862
9,4.0,5,FBCCA,1.0,79.82892142261159,3.3754316742034334,3.5827793183475594,0.06338999717314708
9,4.0,5,TDCA,0.975,75.31698161878704,3.392364410916349,3.52498391198945,0.171228606571173
9,4.0,5,ImprovedTDCA,0.975,75.31698161878704,3.9593917761923594,4.023875205741991,0.2349788841446976
9,4.0,5,TriBranchTDCA,0.975,75.31698161878704,3.9325786201553954,4.0892577139571635,0.28284098258252643
10,0.3,0,CCA,0.025,0.0,0.07455085160221456,0.05353411210347769,0.00041795088686558124
10,0.3,0,FBCCA,0.0,7.30517519781877,0.21242990950240595,0.1811730519439465,0.0018125299978550835
10,0.3,0,TDCA,0.725,603.9788612811258,0.6870884097569443,0.5554435532100827,0.04706825696058714
10,0.3,0,ImprovedTDCA,0.725,603.9788612811258,0.7831429804962842,0.696194857340519,0.013319498770236304
10,0.3,0,TriBranchTDCA,0.725,603.9788612811258,0.857433483546233,0.7352048294036064,0.04377549280539461
10,0.3,1,CCA,0.0,7.30517519781877,0.11984621829894078,0.04762338702065805,0.0019095480438175993
10,0.3,1,FBCCA,0.05,2.8798059704541856,0.2105661034325801,0.16027774103311643,0.002856151165464116
10,0.3,1,TDCA,0.55,390.1445284823086,0.548681428265346,0.4186164873372883,0.0014768420031341378
10,0.3,1,ImprovedTDCA,0.575,418.38477784954415,0.5888290837617497,0.4570582705613584,0.006257217572561924
10,0.3,1,TriBranchTDCA,0.65,507.5938525820171,0.7112922876904302,0.5557465090329264,0.03621552239556203
10,0.3,2,CCA,0.0,7.30517519781877,0.12094607107573396,0.05412064039524411,0.00029721472586863307
10,0.3,2,FBCCA,0.125,30.727342036659877,0.19917728031759258,0.09920235616090067,0.006216441466662559
10,0.3,2,TDCA,0.725,603.9788612811258,0.6546820300525825,0.6047263036462964,0.005362471374713351
10,0.3,2,ImprovedTDCA,0.75,637.8598831425336,0.7772215755634111,0.6944704729733144,0.0024739699961280337
10,0.3,2,TriBranchTDCA,0.7,571.003305999599,0.8400830704426756,0.6427786061931811,0.0025632948087697116
10,0.3,3,CCA,0.075,9.723899662657054,0.14091801907595236,0.09882427015398265,0.005107196098352196
10,0.3,3,FBCCA,0.1,19.21410086441142,0.2464365485807111,0.1674498730369176,0.03129787946051876
10,0.3,3,TDCA,0.775,672.7039533260687,0.6210922780618261,0.49035305871167156,0.0001629479957503399
10,0.3,3,ImprovedTDCA,0.825,745.5933743059824,0.7326851703690431,0.6608926630645218,0.00566271171801036
10,0.3,3,TriBranchTDCA,0.7,571.003305999599,0.8163414908030304,0.830205185491873,0.015764186590776053
10,0.3,4,CCA,0.075,9.723899662657054,0.10596884172170373,0.07391805929403095,0.007014340288979515
10,0.3,4,FBCCA,0.075,9.723899662657054,0.20411386903697198,0.16341374540403686,0.004480953867002757
10,0.3,4,TDCA,0.75,637.8598831425336,0.7449294246174412,0.6112912339552129,0.02124722580649019
10,0.3,4,ImprovedTDCA,0.7,571.003305999599,0.7680723992347842,0.5175007650810861,0.023636408530224085
10,0.3,4,TriBranchTDCA,0.65,507.5938525820171,0.953937451847886,0.9019424949861758,0.014137673829597297
10,0.3,5,CCA,0.05,2.8798059704541856,0.11373057355573449,0.05923987788204477,0.000654465621049205
10,0.3,5,FBCCA,0.025,0.0,0.20801855263471522,0.1601676609260264,0.002482720802302607
10,0.3,5,TDCA,0.65,507.5938525820171,0.6875545191852119,0.5354024436005625,0.026315395302265232
10,0.3,5,ImprovedTDCA,0.725,603.9788612811258,0.8114932518710489,0.6270658950035447,0.04571650594879384
10,0.3,5,TriBranchTDCA,0.675,538.8872502451933,0.8018740811737031,0.6040177476332788,0.012842115096433293
10,0.5,0,CCA,0.125,18.436405221995926,0.16985058106879522,0.10144448457942101,0.0026180127856592073
10,0.5,0,FBCCA,0.15,26.339508496566104,0.33014455767393935,0.2444840053240417,0.013575943262182477
10,0.5,0,TDCA,0.8,425.15034674730606,0.8997884566463391,0.7228712659371525,0.09760982887774672
10,0.5,0,ImprovedTDCA,0.825,447.3560245835894,1.1023555168343733,0.90557227125225,0.006816487871948329
10,0.5,0,TriBranchTDCA,0.8,425.15034674730606,1.24030167221427,1.2146581953789217,0.0008957790413843814
10,0.5,1,CCA,0.05,1.7278835822725114,0.1491863344822703,0.12556490595137637,0.00041464239553601345
10,0.5,1,FBCCA,0.2,44.6013869892241,0.2714172889092311,0.22648567365767136,0.0007545492799498899
10,0.5,1,TDCA,0.7,342.60198359975936,0.816574089265673,0.7101016903509393,0.06507645349250568
10,0.5,1,ImprovedTDCA,0.725,362.3873167686754,0.9950771717173368,0.8520171738204592,0.00833690508493845
10,0.5,1,TriBranchTDCA,0.775,403.6223719956412,1.0686213419855224,0.7118154853609943,0.07784088357377072
10,0.5,2,CCA,0.05,1.7278835822725114,0.1255036918049617,0.08381681897889759,0.00013685484335401732
10,0.5,2,FBCCA,0.1,11.528460518646853,0.34264322082519627,0.2633294812590017,0.012210280001864193
10,0.5,2,TDCA,0.85,470.313294880995,0.999928412638809,0.8482069527569205,0.03151730635507821
10,0.5,2,ImprovedTDCA,0.925,544.9453661215437,1.2449784492187566,1.1368844346520863,0.12081712262109656
10,0.5,2,TriBranchTDCA,0.875,494.1226049195982,1.2098916151950359,1.1432678737552888,0.07008005764426484
10,0.5,3,CCA,0.175,35.09465151233407,0.12677326092184393,0.06597258719334587,0.0010623585573332761
10,0.5,3,FBCCA,0.125,18.436405221995926,0.3235936523361152,0.3086197253881823,0.006308836425311437
10,0.5,3,TDCA,0.95,572.5513232193952,0.9266838869494565,0.8929585754276917,0.004101073453169457
10,0.5,3,ImprovedTDCA,1.0,638.6313713808927,1.2775123501834424,1.219222442087457,0.16560718067436442
10,0.5,3,TriBranchTDCA,0.925,544.9453661215437,1.308799740791242,1.40672488099382,0.03625350654882631
10,0.5,4,CCA,0.25,65.59179675378513,0.15221129117589843,0.10932920524429801,9.207862925308952e-05
10,0.5,4,FBCCA,0.175,35.09465151233407,0.25909989821507645,0.1809324749853044,0.009435245193483155
10,0.5,4,TDCA,0.775,403.6223719956412,0.8677227040417499,0.8427810781033906,0.023984064589120058
10,0.5,4,ImprovedTDCA,0.825,447.3560245835894,1.0545390430969162,1.048942967050503,0.06759542877497848
10,0.5,4,TriBranchTDCA,0.825,447.3560245835894,1.263079770901675,1.2653132370760847,0.04559835382539967
10,0.5,5,CCA,0.075,5.834339797594232,0.1317998611483963,0.09001960413127752,0.001997429284369412
10,0.5,5,FBCCA,0.175,35.09465151233407,0.34862521862301943,0.32484252891662746,0.013839038368533618
10,0.5,5,TDCA,0.775,403.6223719956412,0.9560938289530714,0.7119693177178149,0.07836392685653504
10,0.5,5,ImprovedTDCA,0.85,470.313294880995,1.158926899783858,0.9796495073434225,0.01141982117521434
10,0.5,5,TriBranchTDCA,0.85,470.313294880995,1.2057674723106242,0.9693510872347078,0.0435572160790858
10,1.0,0,CCA,0.525,108.78996971309905,0.3139271760078471,0.2704218739096682,0.008942879698434325
10,1.0,0,FBCCA,0.6,134.2089967732677,0.8024126272200316,0.7415137387490003,0.0009760438822490336
10,1.0,0,TDCA,0.975,301.26792647514816,2.1745126303762197,2.1889133919201296,0.015649325322597996
10,1.0,0,ImprovedTDCA,1.0,319.31568569044634,2.749608870915009,2.7877721313895467,0.6639024371782747
10,1.0,0,TriBranchTDCA,1.0,319.31568569044634,2.8661003415055917,2.9050018064310414,0.5307352729875836
10,1.0,1,CCA,0.4,70.78417014692076,0.2723690331504573,0.1891407667897793,0.015638985198707545
10,1.0,1,FBCCA,0.775,201.8111859978206,0.77612964353166,0.6358776209510479,0.013367928095102233
10,1.0,1,TDCA,0.925,272.47268306077183,1.6218848729236097,1.7175824335505443,0.13240424791618666
10,1.0,1,ImprovedTDCA,0.95,286.2756616096976,2.3389880694157674,2.4385390313458144,0.16222413817681902
10,1.0,1,TriBranchTDCA,0.95,286.2756616096976,2.358596384124977,2.3376783051359222,0.006203543299801995
10,1.0,2,CCA,0.5,100.7536191273743,0.279766250169782,0.18419089922430998,0.001109758238391212
10,1.0,2,FBCCA,0.775,201.8111859978206,0.7393884477450342,0.6264955952835225,0.01863218395616606
10,1.0,2,TDCA,1.0,319.31568569044634,2.097655788113348,2.1702038002747175,0.6631592888510136
10,1.0,2,ImprovedTDCA,0.975,301.26792647514816,2.751429351765188,2.8035208989578138,0.15190682920534426
10,1.0,2,TriBranchTDCA,1.0,319.31568569044634,2.7757725018125567,2.8397380420515055,0.6320456205491705
10,1.0,3,CCA,0.5,100.7536191273743,0.21559948474018972,0.18416010442645603,0.022002726832222708
10,1.0,3,FBCCA,0.675,161.66617507355798,0.542097687772436,0.4897786859249771,0.006479659775121771
10,1.0,3,TDCA,1.0,319.31568569044634,2.0632678457551332,2.0362744976191243,1.028465871610251
10,1.0,3,ImprovedTDCA,1.0,319.31568569044634,2.7094327312125404,2.5603206704794284,1.154672648869362
10,1.0,3,TriBranchTDCA,1.0,319.31568569044634,2.7969021324008336,2.8902958260726823,1.2424926339495976
10,1.0,4,CCA,0.475,92.93376305651233,0.24333798694526831,0.13361142745539833,0.003928574712981803
10,1.0,4,FBCCA,0.6,134.2089967732677,0.7381703879975867,0.5761663871190401,0.011205419343985223
10,1.0,4,TDCA,0.95,286.2756616096976,1.9125992141101107,1.9082437672249841,0.03854742499459407
10,1.0,4,ImprovedTDCA,0.95,286.2756616096976,2.444492940569657,2.6222773074446906,0.4205695207062705
10,1.0,4,TriBranchTDCA,0.95,286.2756616096976,2.4792695900477106,2.724440266529462,0.03787593306811132
10,1.0,5,CCA,0.525,108.78996971309905,0.22359378688272175,0.17173444095673296,0.008280797135084672
10,1.0,5,FBCCA,0.675,161.66617507355798,0.6221190077851393,0.6707922411091172,0.0088975653247938
10,1.0,5,TDCA,0.975,301.26792647514816,2.1146146623862867,2.237674414654829,0.3318189514859893
10,1.0,5,ImprovedTDCA,0.975,301.26792647514816,2.548916547505701,3.0201594578168933,0.15054264541691653
10,1.0,5,TriBranchTDCA,0.975,301.26792647514816,2.752025843260357,3.002935447501348,0.8365805853805184
10,2.0,0,CCA,0.95,143.1378308048488,1.2674453555635368,1.3413592643026933,0.09335745583454047
10,2.0,0,FBCCA,1.0,159.65784284522317,2.496067199087624,2.6305986825597074,0.3499453328827751
10,2.0,0,TDCA,1.0,159.65784284522317,2.9963252633692528,3.1935886074611575,1.5418974115369126
10,2.0,0,ImprovedTDCA,1.0,159.65784284522317,4.22490685747047,4.204529939102745,2.387006274941821
10,2.0,0,TriBranchTDCA,1.0,159.65784284522317,4.07780635451996,4.074741338307048,2.784522268039658
10,2.0,1,CCA,0.825,111.83900614589734,1.1043775203519055,0.9912909770708589,0.08625961391961612
10,2.0,1,FBCCA,0.925,136.23634153038591,2.1421526657036933,2.1496930816542106,0.07735890190101014
10,2.0,1,TDCA,0.95,143.1378308048488,2.5173441708510955,2.706411556539716,0.02698160623997481
10,2.0,1,ImprovedTDCA,1.0,159.65784284522317,3.660999449195505,3.9047988048039186,0.47037926143833575
10,2.0,1,TriBranchTDCA,0.95,143.1378308048488,3.6135599586045855,3.9466934692421884,0.09833908990675821
10,2.0,2,CCA,0.975,150.63396323757408,1.0159499306619697,1.022333855530425,0.03961617119694516
10,2.0,2,FBCCA,1.0,159.65784284522317,2.1833447894253957,2.249666290223437,0.3527241836845194
10,2.0,2,TDCA,1.0,159.65784284522317,2.9484064054973302,2.9920400550552855,1.5565852821737964
10,2.0,2,ImprovedTDCA,1.0,159.65784284522317,4.047799154067706,4.214883966754015,2.681275865216913
10,2.0,2,TriBranchTDCA,1.0,159.65784284522317,3.893251029088515,3.9877013144038647,2.4628344326339233
10,2.0,3,CCA,0.95,143.1378308048488,1.0468929258962867,1.1183158673328009,0.052817975638466574
10,2.0,3,FBCCA,0.975,150.63396323757408,2.166839031669905,2.119553095590618,0.7161469618103458
10,2.0,3,TDCA,1.0,159.65784284522317,2.957601244213614,2.988950434381199,1.9768698925608312
10,2.0,3,ImprovedTDCA,1.0,159.65784284522317,3.9742268856090632,4.143549833086371,2.249085449321849
10,2.0,3,TriBranchTDCA,1.0,159.65784284522317,3.9140701011078507,3.8822141883466674,2.610261412878009
10,2.0,4,CCA,0.975,150.63396323757408,1.134215187148556,1.1260576465487913,0.12420052219733035
10,2.0,4,FBCCA,1.0,159.65784284522317,2.283596432291867,2.341740568066711,0.7098642241314903
10,2.0,4,TDCA,1.0,159.65784284522317,2.7463887117672785,2.786963284329976,1.445684995163115
10,2.0,4,ImprovedTDCA,1.0,159.65784284522317,3.8952847286745174,3.97718908742092,2.19150529925831
10,2.0,4,TriBranchTDCA,1.0,159.65784284522317,3.805225411511926,3.897773918456446,2.4416426250483454
10,2.0,5,CCA,0.925,136.23634153038591,1.0486875876185002,1.0435899743789754,0.18143698914450956
10,2.0,5,FBCCA,0.975,150.63396323757408,2.1979545766394075,2.3098324963996935,0.0013521986180391465
10,2.0,5,TDCA,0.95,143.1378308048488,3.0055008658457556,3.1667124337299244,0.026576714156718584
10,2.0,5,ImprovedTDCA,0.975,150.63396323757408,4.092054167378992,4.41970677453321,0.2145462988164195
10,2.0,5,TriBranchTDCA,0.95,143.1378308048488,4.029063958413869,4.303763157667612,0.06330905388088537
10,4.0,0,CCA,1.0,79.82892142261159,4.016736154248593,4.292509022430132,1.112579825350489
10,4.0,0,FBCCA,1.0,79.82892142261159,4.775037295817535,4.763304988854654,3.653338246933382
10,4.0,0,TDCA,1.0,79.82892142261159,3.9224435759569913,3.9123375236339433,2.5596181715223194
10,4.0,0,ImprovedTDCA,1.0,79.82892142261159,4.996293131361978,5.036652224309465,4.1371864391431235
10,4.0,0,TriBranchTDCA,1.0,79.82892142261159,4.674481015295927,4.6885710964083245,3.4932008611222796
10,4.0,1,CCA,0.975,75.31698161878704,2.975293077121631,3.119916846518718,0.057908748426365175
10,4.0,1,FBCCA,1.0,79.82892142261159,3.9063740940600433,4.003738090932218,1.2537067676138824
10,4.0,1,TDCA,0.975,75.31698161878704,3.7010398004738247,3.8397640299150404,0.2000158316591687
10,4.0,1,ImprovedTDCA,1.0,79.82892142261159,4.483242784846567,4.706416856779873,0.4839448277075631
10,4.0,1,TriBranchTDCA,1.0,79.82892142261159,4.3856586472090076,4.5246646638857,0.1803998890669325
10,4.0,2,CCA,0.975,75.31698161878704,3.40406229242089,3.8187943044238875,0.77406000302781
10,4.0,2,FBCCA,1.0,79.82892142261159,4.514373501233979,4.620725051615847,2.750576102891061
10,4.0,2,TDCA,1.0,79.82892142261159,3.9367909677387694,3.768208652494294,2.7231263240907264
10,4.0,2,ImprovedTDCA,1.0,79.82892142261159,4.829608180273913,4.8861180215280795,3.556387648373951
10,4.0,2,TriBranchTDCA,1.0,79.82892142261159,4.563406708109946,4.5561942281739,3.5605411561844
10,4.0,3,CCA,1.0,79.82892142261159,3.587199043926687,3.672927282090785,0.7874357466619593
10,4.0,3,FBCCA,1.0,79.82892142261159,4.536256465411723,4.65750063725843,2.780626049144449
10,4.0,3,TDCA,1.0,79.82892142261159,3.7931303028025374,3.8199486215333485,2.4041305108387863
10,4.0,3,ImprovedTDCA,1.0,79.82892142261159,4.68162696695755,4.742510548504601,3.5342284436816893
10,4.0,3,TriBranchTDCA,1.0,79.82892142261159,4.46757514302398,4.541889353438924,3.01040668833512
10,4.0,4,CCA,1.0,79.82892142261159,3.3939565492682817,3.4547266904448306,0.2766262269912274
10,4.0,4,FBCCA,1.0,79.82892142261159,4.377487700882497,4.494218340231639,2.344953852960314
10,4.0,4,TDCA,1.0,79.82892142261159,3.6803847976947024,3.67811417341506,2.598249258602221
10,4.0,4,ImprovedTDCA,1.0,79.82892142261159,4.57870167835528,4.741685572724823,3.0535656161767046
10,4.0,4,TriBranchTDCA,1.0,79.82892142261159,4.346934767219833,4.437825840534643,3.2714232872125524
10,4.0,5,CCA,1.0,79.82892142261159,3.8521570552928552,3.9984664682369306,1.3785698628189382
10,4.0,5,FBCCA,1.0,79.82892142261159,4.72338132737986,4.740874306328679,3.0613450114557104
10,4.0,5,TDCA,0.95,71.5689154024244,3.8840336015446453,4.137226716715299,0.010672933893988601
10,4.0,5,ImprovedTDCA,0.975,75.31698161878704,4.735137339162151,5.04852999031268,0.08049967854274609
10,4.0,5,TriBranchTDCA,0.975,75.31698161878704,4.49508526354912,4.713837595770418,0.523962558143434
11,0.3,0,CCA,0.0,7.30517519781877,0.15343488769791191,0.08006418725034092,0.0065998561747362405
11,0.3,0,FBCCA,0.025,0.0,0.2705107362537026,0.22743418624154277,0.002944314175058249
11,0.3,0,TDCA,0.15,43.899180827610174,0.43715746797509575,0.38438267853326535,0.027802715896477093
11,0.3,0,ImprovedTDCA,0.275,128.29266158352334,0.4395262995507454,0.32577184051227404,0.012947447086727015
11,0.3,0,TriBranchTDCA,0.2,74.33564498204018,0.40702461358836645,0.2656580385172713,0.0053763463451403926
11,0.3,1,CCA,0.075,9.723899662657054,0.13602985814872587,0.09309215319339936,0.0022742300881801736
11,0.3,1,FBCCA,0.05,2.8798059704541856,0.2917131532364324,0.22092581093495411,0.011745783409636834
11,0.3,1,TDCA,0.225,91.30970925122118,0.3148545970838546,0.2322069432739443,0.013274200116760504
11,0.3,1,ImprovedTDCA,0.125,30.727342036659877,0.3123342907816111,0.2153045267478041,0.0100218996939756
11,0.3,1,TriBranchTDCA,0.125,30.727342036659877,0.4622446358870599,0.4020697189751242,0.040514468019645866
11,0.3,2,CCA,0.0,7.30517519781877,0.16507568994754793,0.11630524425977196,0.004233301678520984
11,0.3,2,FBCCA,0.05,2.8798059704541856,0.23410609775739144,0.17520462182458152,0.005112525431284265
11,0.3,2,TDCA,0.125,30.727342036659877,0.28586916901031545,0.19176768280945544,0.0009980355936882734
11,0.3,2,ImprovedTDCA,0.175,58.49108585389011,0.3083431150549513,0.22256349746726345,0.0004382963986535593
11,0.3,2,TriBranchTDCA,0.15,43.899180827610174,0.43163761109169235,0.3907599950874192,0.0027084366907568214
11,0.3,3,CCA,0.025,0.0,0.1283525849806669,0.08580322368310433,0.0017222302952368818
11,0.3,3,FBCCA,0.025,0.0,0.34073185009475465,0.24974661015048272,0.004464991936073748
11,0.3,3,TDCA,0.15,43.899180827610174,0.28925003900830565,0.2233443331110928,0.0019466006536583702
11,0.3,3,ImprovedTDCA,0.2,74.33564498204018,0.2885590929163981,0.23630219051101664,0.005262429520560996
11,0.3,3,TriBranchTDCA,0.125,30.727342036659877,0.41746915531700673,0.37808141711708476,0.03296796665984214
11,0.3,4,CCA,0.05,2.8798059704541856,0.13569616602469128,0.07441809185590731,0.0005146167349732167
11,0.3,4,FBCCA,0.025,0.0,0.2654631879018841,0.17640475565459035,0.004909395806376393
11,0.3,4,TDCA,0.225,91.30970925122118,0.35992900375073716,0.3402147495330883,0.009865988542828052
11,0.3,4,ImprovedTDCA,0.275,128.29266158352334,0.3341680669567409,0.23455463463319115,0.005480426378586367
11,0.3,4,TriBranchTDCA,0.25,109.31966125630856,0.4116690522978188,0.2813064586892078,0.021552852522644717
11,0.3,5,CCA,0.025,0.0,0.11986277747248156,0.08417041340538345,0.0008030694265939164
11,0.3,5,FBCCA,0.05,2.8798059704541856,0.2379283043867387,0.1690283209094703,0.012386198811355165
11,0.3,5,TDCA,0.075,9.723899662657054,0.3608933984203144,0.31992383986488115,0.009176450075732312
11,0.3,5,ImprovedTDCA,0.075,9.723899662657054,0.3769100191833399,0.2676588257536693,0.018213677893649027
11,0.3,5,TriBranchTDCA,0.1,19.21410086441142,0.3550779712503879,0.2530112667166232,0.014009773980896645
11,0.5,0,CCA,0.05,1.7278835822725114,0.2582274105991746,0.1437201579798646,0.007138829433576799
11,0.5,0,FBCCA,0.125,18.436405221995926,0.3767518469908008,0.2361333064205502,0.0007363775168347519
11,0.5,0,TDCA,0.4,141.56834029384152,0.4025529138415166,0.37067991574344195,0.0031064505079905214
11,0.5,0,ImprovedTDCA,0.425,155.89362677020608,0.5246897726215083,0.3009754097342582,0.02216484014445652
11,0.5,0,TriBranchTDCA,0.375,127.6941246208191,0.5474015782324162,0.4750991226006731,0.0015609599873209756
11,0.5,1,CCA,0.05,1.7278835822725114,0.2687312567355098,0.20547200201113658,0.01007810438922796
11,0.5,1,FBCCA,0.05,1.7278835822725114,0.31220012506706735,0.26518695050417596,0.009816351717677474
11,0.5,1,TDCA,0.25,65.59179675378513,0.468372476776587,0.4203457454584535,0.018072733276438324
11,0.5,1,ImprovedTDCA,0.275,76.975596950114,0.3576641133190225,0.3552302366979886,0.0024531519335588836
11,0.5,1,TriBranchTDCA,0.2,44.6013869892241,0.33198571579084885,0.2707396071685715,0.004774242059059075
11,0.5,2,CCA,0.025,0.0,0.25400318033291563,0.1462208622341492,0.0049915072325930065
11,0.5,2,FBCCA,0.025,0.0,0.33909577462962787,0.2421872362633659,0.022127529132005996
11,0.5,2,TDCA,0.275,76.975596950114,0.4118814762191998,0.2801025552840901,0.014871550112093956
11,0.5,2,ImprovedTDCA,0.4,141.56834029384152,0.46625512853381723,0.30957388415124387,0.01310178759141789
11,0.5,2,TriBranchTDCA,0.425,155.89362677020608,0.43697954377816056,0.33595343462597804,0.004117294262469873
11,0.5,3,CCA,0.1,11.528460518646853,0.25055452734294326,0.16712865634240626,0.0074340426868557685
11,0.5,3,FBCCA,0.05,1.7278835822725114,0.33803231764042296,0.2670033399118821,0.006765301729698248
11,0.5,3,TDCA,0.275,76.975596950114,0.3950849256614465,0.26970110100993183,0.001738660820080895
11,0.5,3,ImprovedTDCA,0.25,65.59179675378513,0.4370149642152847,0.2550412100728865,0.0010977773009843705
11,0.5,3,TriBranchTDCA,0.3,88.90267709437161,0.5041496465148366,0.3313722130475928,0.007113695647934071
11,0.5,4,CCA,0.025,0.0,0.2714258634183718,0.15068744863635164,0.0021002516705395102
11,0.5,4,FBCCA,0.0,4.383105118691262,0.32795278339505957,0.2817548224947879,0.01591324075199063
11,0.5,4,TDCA,0.275,76.975596950114,0.3979586414199771,0.3266984208306052,0.007689853623473297
11,0.5,4,ImprovedTDCA,0.35,114.28183167016918,0.41857194325697505,0.28467412898681477,0.00024774885648071177
11,0.5,4,TriBranchTDCA,0.3,88.90267709437161,0.5632455562692953,0.4534675862987171,0.01848355881252184
11,0.5,5,CCA,0.1,11.528460518646853,0.16774570804160177,0.11321555743445644,0.0037785778505194934
11,0.5,5,FBCCA,0.175,35.09465151233407,0.3099967532977275,0.14792240426354453,0.0023735283264576523
11,0.5,5,TDCA,0.3,88.90267709437161,0.33904889634602303,0.2222622607855198,0.006820491311961829
11,0.5,5,ImprovedTDCA,0.375,127.6941246208191,0.4298502897888197,0.3260541456034911,0.0008426999724036044
11,0.5,5,TriBranchTDCA,0.325,101.3454569549014,0.4651031401238618,0.33466548610495694,0.02621632231603921
11,1.0,0,CCA,0.1,5.764230259323426,0.3065969941715213,0.2359462090852884,0.007066470335584274
11,1.0,0,FBCCA,0.275,38.487798475057,0.5240082365149741,0.4553836992085376,0.005359495389810842
11,1.0,0,TDCA,0.75,191.35796494276008,0.7863777627269626,0.6463399511581206,0.025012483116491957
11,1.0,0,ImprovedTDCA,0.775,201.8111859978206,1.0614193656830868,1.1480857170110874,0.004328634473469872
11,1.0,0,TriBranchTDCA,0.825,223.6780122917947,0.9454608942980395,0.863297566401479,0.006519880635735387
11,1.0,1,CCA,0.1,5.764230259323426,0.3257234551043192,0.20242038467664725,0.0025589694005581087
11,1.0,1,FBCCA,0.125,9.218202610997963,0.3502952913624612,0.24422983559771738,0.010860862182764386
11,1.0,1,TDCA,0.65,152.27815577460512,0.6463074363870135,0.511841542022837,0.020410881208023035
11,1.0,1,ImprovedTDCA,0.65,152.27815577460512,0.7959395043102871,0.6521294424610978,0.0010296096010935507
11,1.0,1,TriBranchTDCA,0.725,181.1936583843377,0.7364224928564528,0.4888890266263387,0.01634335336042181
11,1.0,2,CCA,0.1,5.764230259323426,0.339951716861571,0.27165074587569915,0.013979140706675164
11,1.0,2,FBCCA,0.275,38.487798475057,0.4644123131959386,0.3638912167554559,0.01232441185181088
11,1.0,2,TDCA,0.7,171.30099179987968,0.8137501087604854,0.6920502691218999,0.14016249112741708
11,1.0,2,ImprovedTDCA,0.75,191.35796494276008,1.1263096848762264,1.1225291463901814,0.0619769162960524
11,1.0,2,TriBranchTDCA,0.725,181.1936583843377,1.0200870289901167,0.9200987628228369,0.010811313525918465
11,1.0,3,CCA,0.15,13.169754248283052,0.34471976896652834,0.2645068144785361,0.0010720621399913366
11,1.0,3,FBCCA,0.175,17.547325756167034,0.5052026064718962,0.3612450222528344,0.015987883830290706
11,1.0,3,TDCA,0.85,235.1566474404975,0.7022434914138636,0.7344019944859802,0.010315039486414879
11,1.0,3,ImprovedTDCA,0.775,201.8111859978206,0.9379339482188296,0.7387873748121376,0.08017076349067254
11,1.0,3,TriBranchTDCA,0.675,161.66617507355798,0.7155300136676109,0.6516807967571475,0.0006320615241381944
11,1.0,4,CCA,0.05,0.8639417911362557,0.31300845607657785,0.2184376328496238,0.007791096999749891
11,1.0,4,FBCCA,0.125,9.218202610997963,0.4233667118609089,0.3185986378341821,0.0029521913231471686
11,1.0,4,TDCA,0.75,191.35796494276008,0.7765358591428233,0.5689391883482439,0.0009387780941296775
11,1.0,4,ImprovedTDCA,0.8,212.57517337365303,0.9892521973740097,0.9160235399422183,0.04727667465636376
11,1.0,4,TriBranchTDCA,0.825,223.6780122917947,0.8418565252114446,0.7235522194554558,0.06093516810120958
11,1.0,5,CCA,0.125,9.218202610997963,0.3482701002622,0.25773949003460317,0.002761270939395377
11,1.0,5,FBCCA,0.175,17.547325756167034,0.524209789745964,0.4092486301664694,0.011672311999106011
11,1.0,5,TDCA,0.55,117.04335854469258,0.5525230739501346,0.4251036690695317,0.0012259478417828706
11,1.0,5,ImprovedTDCA,0.675,161.66617507355798,0.7510598001031515,0.6711780248639709,0.008880364250046124
11,1.0,5,TriBranchTDCA,0.65,152.27815577460512,0.65261973456446,0.5580679078321482,0.014789657218111207
11,2.0,0,CCA,0.325,25.33636423872535,0.5933603005803452,0.6353785352393624,0.005960309813172859
11,2.0,0,FBCCA,0.575,62.757716677431624,0.8204050961671445,0.5749329269164396,0.011806400198338896
11,2.0,0,TDCA,1.0,159.65784284522317,1.6538366426003503,1.5077085154594805,0.23548640455147418
11,2.0,0,ImprovedTDCA,0.975,150.63396323757408,2.250362520444628,2.212805019987113,0.6557403527365051
11,2.0,0,TriBranchTDCA,1.0,159.65784284522317,2.171900479635925,2.244145446571429,0.3329248439514392
11,2.0,1,CCA,0.3,22.225669273592903,0.6349192105669441,0.4998825819952155,0.004877579033284896
11,2.0,1,FBCCA,0.475,46.46688152825617,1.0154130376578618,0.804598865788088,0.04403717337689406
11,2.0,1,TDCA,0.875,123.53065122989955,1.339045073704876,1.3372494192985538,0.02885430260524191
11,2.0,1,ImprovedTDCA,0.85,117.57832372024875,1.9856097830817547,1.9560952164548726,0.04715648572930409
11,2.0,1,TriBranchTDCA,0.95,143.1378308048488,1.7098616955801778,1.8820833345212185,0.02015176778180061
11,2.0,2,CCA,0.25,16.397949188446283,0.6123040007939962,0.5766656731402121,0.009080444340124227
11,2.0,2,FBCCA,0.55,58.52167927234629,1.0832605651308538,0.8211990454109521,0.0215391626150363
11,2.0,2,TDCA,0.925,136.23634153038591,1.5718189451311517,1.5494743581484078,0.007224798884253758
11,2.0,2,ImprovedTDCA,0.95,143.1378308048488,2.1511123376371626,2.1439220047218046,0.13572100679366805
11,2.0,2,TriBranchTDCA,0.95,143.1378308048488,1.8891162858719226,1.9366927342186484,0.08888112950054206
11,2.0,3,CCA,0.3,22.225669273592903,0.5722438730484712,0.5035482728862508,0.0009477911407285156
11,2.0,3,FBCCA,0.55,58.52167927234629,0.7904919753430809,0.6374530113201378,0.02085586222685043
11,2.0,3,TDCA,0.95,143.1378308048488,1.3613842589162264,1.5472576647119825,0.07929947867596354
11,2.0,3,ImprovedTDCA,0.95,143.1378308048488,1.9973553037027139,2.2805590170190233,0.21371152169057472
11,2.0,3,TriBranchTDCA,0.975,150.63396323757408,1.7757332382135786,2.0188144775002854,0.03528609150117923
11,2.0,4,CCA,0.3,22.225669273592903,0.5766278801267346,0.4745183103534323,0.011475240937809605
11,2.0,4,FBCCA,0.525,54.39498485654953,0.9844402273319453,0.9877720178994682,0.04935186630160393
11,2.0,4,TDCA,1.0,159.65784284522317,1.7120337986518455,1.5963089089150981,0.299416967367248
11,2.0,4,ImprovedTDCA,0.975,150.63396323757408,2.228878438209674,2.4154050150646844,0.09940869400583852
11,2.0,4,TriBranchTDCA,1.0,159.65784284522317,2.070871700677305,2.148714690891392,0.15904045619695184
11,2.0,5,CCA,0.45,42.66547261575951,0.6233208961882664,0.46711333984620795,0.03246072229208985
11,2.0,5,FBCCA,0.475,46.46688152825617,0.9129497286150183,0.5725407852287241,0.023712570957429735
11,2.0,5,TDCA,0.925,136.23634153038591,1.2761264682921234,1.245094620076669,0.05390974692505934
11,2.0,5,ImprovedTDCA,0.925,136.23634153038591,1.8837823839343788,1.8062366005391706,0.006890175633669227
11,2.0,5,TriBranchTDCA,0.95,143.1378308048488,1.6250488141865127,1.488960421620815,0.18878743132870524
11,4.0,0,CCA,0.85,58.78916186012437,1.5235422804717067,1.436453539249515,0.076913115743801
11,4.0,0,FBCCA,0.925,68.11817076519296,2.322162798069853,2.401813161629689,0.035090201770339835
11,4.0,0,TDCA,1.0,79.82892142261159,2.97955719186059,3.030866174664364,1.8646212928914603
11,4.0,0,ImprovedTDCA,1.0,79.82892142261159,3.092250761265416,3.3394706183296186,0.3720574983188101
11,4.0,0,TriBranchTDCA,1.0,79.82892142261159,3.278784004714999,3.312085995930454,2.055983620164727
11,4.0,1,CCA,0.85,58.78916186012437,2.032703241683324,1.9479957782348447,0.11634757013897978
11,4.0,1,FBCCA,0.925,68.11817076519296,2.4245811170502143,2.5295979237723216,0.1603622336715671
11,4.0,1,TDCA,1.0,79.82892142261159,2.7360186777538664,2.860742202038441,0.4559939761582592
11,4.0,1,ImprovedTDCA,0.975,75.31698161878704,3.2022114753235487,3.305900386890004,0.4672061595272683
11,4.0,1,TriBranchTDCA,1.0,79.82892142261159,2.986132892836141,3.0106220810088256,0.522244665605136
11,4.0,2,CCA,0.8,53.14379334341326,1.5301794936898774,1.3471427421537134,0.001452785590454031
11,4.0,2,FBCCA,0.925,68.11817076519296,2.9079651923184513,2.8124033224970457,0.3342989459459047
11,4.0,2,TDCA,1.0,79.82892142261159,3.1422481037036705,3.1730354324908516,1.044637686888938
11,4.0,2,ImprovedTDCA,1.0,79.82892142261159,3.81220438989657,4.095356984253822,0.9969194765836904
11,4.0,2,TriBranchTDCA,1.0,79.82892142261159,3.3644226992161763,3.4009084631859112,1.5966034831147218
11,4.0,3,CCA,0.95,71.5689154024244,2.1011489764371314,1.7910344024867466,0.06151255417992729
11,4.0,3,FBCCA,1.0,79.82892142261159,3.2190683984051676,3.4962466540196706,0.5070824946382704
11,4.0,3,TDCA,1.0,79.82892142261159,3.247942478092175,3.3737783280131017,0.9718545072547851
11,4.0,3,ImprovedTDCA,1.0,79.82892142261159,4.021685603271473,4.155665879003352,2.2214876288921226
11,4.0,3,TriBranchTDCA,1.0,79.82892142261159,3.567948112682277,3.6008890084296574,0.8778758782307863
11,4.0,4,CCA,0.85,58.78916186012437,1.7122220787396532,1.350533869360302,0.03676387699894934
11,4.0,4,FBCCA,0.875,61.765325614949774,2.6193940204340818,2.390802600971094,0.06070186442235803
11,4.0,4,TDCA,1.0,79.82892142261159,3.0508759654030464,3.0373265793320634,1.4898734499680986
11,4.0,4,ImprovedTDCA,1.0,79.82892142261159,3.21740309075427,3.3539986654285805,0.4951414707209403
11,4.0,4,TriBranchTDCA,1.0,79.82892142261159,3.301082082294216,3.262518505821399,1.5590898337911718
11,4.0,5,CCA,0.8,53.14379334341326,2.02230507153514,1.9286067527241983,0.3646555896291801
11,4.0,5,FBCCA,0.925,68.11817076519296,2.727340789847886,2.9316296845945757,0.3750153947133432
11,4.0,5,TDCA,0.975,75.31698161878704,3.1671430003265293,3.0885564946404047,0.46208065812128485
11,4.0,5,ImprovedTDCA,0.975,75.31698161878704,3.5418434871388045,3.7465000027685873,0.11378457284500199
11,4.0,5,TriBranchTDCA,0.975,75.31698161878704,3.427176822855036,3.38340059919251,0.24306774495276717
12,0.3,0,CCA,0.025,0.0,0.1392833856673426,0.0856817388892368,0.0056832531016950405
12,0.3,0,FBCCA,0.05,2.8798059704541856,0.24507831634653005,0.20503541175856,0.004574399199297252
12,0.3,0,TDCA,0.7,571.003305999599,0.5530356183609014,0.4264370895255519,0.06189952635727369
12,0.3,0,ImprovedTDCA,0.625,477.0936519778108,0.5420567749923404,0.48690543531717057,0.06969134078169081
12,0.3,0,TriBranchTDCA,0.575,418.38477784954415,0.6143106638909099,0.4890580363782929,0.008294833777964028
12,0.3,1,CCA,0.05,2.8798059704541856,0.1642760033136367,0.08060900107026181,0.0043093339831068445
12,0.3,1,FBCCA,0.075,9.723899662657054,0.3200794171593412,0.2792422377273741,0.0037978614106737307
12,0.3,1,TDCA,0.55,390.1445284823086,0.4916254023105312,0.38876177021323,0.0004060194322277333
12,0.3,1,ImprovedTDCA,0.575,418.38477784954415,0.5826638326779557,0.45366638146584803,0.01231345703036224
12,0.3,1,TriBranchTDCA,0.525,362.6332323769969,0.6296379454526885,0.5412991192047343,0.003264562710662222
12,0.3,2,CCA,0.025,0.0,0.18201765158313174,0.08983285608083769,0.0028213628741418084
12,0.3,2,FBCCA,0.05,2.8798059704541856,0.18670640936382155,0.1287818936873607,0.005937966361486247
12,0.3,2,TDCA,0.6,447.363322577559,0.4009256122272058,0.3189995552289139,0.0015196822248908504
12,0.3,2,ImprovedTDCA,0.525,362.6332323769969,0.4924088605815273,0.3705492604536056,0.046010558818077696
12,0.3,2,TriBranchTDCA,0.625,477.0936519778108,0.6184612906273219,0.5167166133933386,0.006786710267622453
12,0.3,3,CCA,0.05,2.8798059704541856,0.1754658295138953,0.09085379912280644,0.0014373236580746962
12,0.3,3,FBCCA,0.075,9.723899662657054,0.25303914802300076,0.1623930478524669,0.0020283023456562077
12,0.3,3,TDCA,0.625,477.0936519778108,0.6218216617103135,0.5675397434067472,0.00993653819853435
12,0.3,3,ImprovedTDCA,0.625,477.0936519778108,0.7038569772997494,0.6349720367868638,0.033195700091485536
12,0.3,3,TriBranchTDCA,0.625,477.0936519778108,0.7493096632958953,0.636617289035983,0.04148981718633449
12,0.3,4,CCA,0.05,2.8798059704541856,0.2013962422287654,0.14650512721188724,0.006855467303432006
12,0.3,4,FBCCA,0.025,0.0,0.23002735361234375,0.17725797179405944,0.02284102350968653
12,0.3,4,TDCA,0.625,477.0936519778108,0.4668198182874663,0.38619822023048356,0.006759882187007182
12,0.3,4,ImprovedTDCA,0.625,477.0936519778108,0.480313005973692,0.3581906989196295,0.002875356405736662
12,0.3,4,TriBranchTDCA,0.6,447.363322577559,0.5327813224792575,0.41222072469697757,0.012039718927840948
12,0.3,5,CCA,0.05,2.8798059704541856,0.12389908108785992,0.0698650055443546,0.0010465555987084763
12,0.3,5,FBCCA,0.1,19.21410086441142,0.2826172155432044,0.16543971167872984,0.02135585125330386
12,0.3,5,TDCA,0.55,390.1445284823086,0.4623023002131735,0.33776099468016574,0.013706201985806299
12,0.3,5,ImprovedTDCA,0.65,507.5938525820171,0.49825490023442487,0.3572799490296428,0.03316846961917852
12,0.3,5,TriBranchTDCA,0.675,538.8872502451933,0.6122626403979776,0.4934479784450134,0.021582725512271583
12,0.5,0,CCA,0.175,35.09465151233407,0.12259623504656467,0.07417974435724761,0.012467310347063165
12,0.5,0,FBCCA,0.25,65.59179675378513,0.36990892594652525,0.32014599892402873,0.0038858520861029255
12,0.5,0,TDCA,0.925,544.9453661215437,0.6881349190174092,0.6621211111122318,0.0057205059148701665
12,0.5,0,ImprovedTDCA,0.9,518.9270735294228,0.988293666735774,0.8184347679537449,0.07638206832638161
12,0.5,0,TriBranchTDCA,0.9,518.9270735294228,1.0228707594240007,0.9961039266531648,0.012858203793767675
12,0.5,1,CCA,0.075,5.834339797594232,0.22829319906139584,0.1342279499266924,0.001707012561204646
12,0.5,1,FBCCA,0.25,65.59179675378513,0.3618227991381523,0.24546203047697734,0.003036150163556517
12,0.5,1,TDCA,0.875,494.1226049195982,0.7587495416595822,0.6551465527411304,0.055428666118701564
12,0.5,1,ImprovedTDCA,0.925,544.9453661215437,0.7982205519398118,0.682424359451762,0.06063066212986756
12,0.5,1,TriBranchTDCA,0.875,494.1226049195982,0.9752785362872718,0.928050917364631,0.029366213004465624
12,0.5,2,CCA,0.2,44.6013869892241,0.16069267272968685,0.10613356797926943,5.132437276134105e-05
12,0.5,2,FBCCA,0.225,54.7858255507327,0.385642665164389,0.23354973587167716,0.0349972731233994
12,0.5,2,TDCA,0.875,494.1226049195982,0.7270295696333001,0.5385018243346524,0.014026601463406507
12,0.5,2,ImprovedTDCA,0.875,494.1226049195982,1.0136444916352332,0.8926433710248771,0.026747011396641263
12,0.5,2,TriBranchTDCA,0.9,518.9270735294228,1.1038652018963748,0.9753243826020952,0.010522893465310101
12,0.5,3,CCA,0.075,5.834339797594232,0.3085400436900113,0.20121484524731525,0.0024145171998630754
12,0.5,3,FBCCA,0.225,54.7858255507327,0.3365700154233352,0.20738751593114646,0.008286615605615388
12,0.5,3,TDCA,0.825,447.3560245835894,0.736940541933146,0.8098983908925802,0.009616066340541796
12,0.5,3,ImprovedTDCA,0.9,518.9270735294228,0.9701373928711158,1.0294551814888864,0.04484398128278322
12,0.5,3,TriBranchTDCA,0.9,518.9270735294228,1.0996743834313663,1.2089312745247882,0.002846864030662255
12,0.5,4,CCA,0.175,35.09465151233407,0.2133688525208787,0.18919171471652452,0.0024965607365028397
12,0.5,4,FBCCA,0.175,35.09465151233407,0.453087294827285,0.4032393542990709,0.009906252517156933
12,0.5,4,TDCA,0.825,447.3560245835894,0.7585762128403115,0.8256134524458467,0.04410544229735125
12,0.5,4,ImprovedTDCA,0.825,447.3560245835894,0.9026622360331199,0.7966407640760996,0.033611683130136516
12,0.5,4,TriBranchTDCA,0.8,425.15034674730606,0.8955915580495242,0.8342471819982715,0.04429390164381575
12,0.5,5,CCA,0.125,18.436405221995926,0.1864944326896821,0.0931860986026447,0.003185229412444812
12,0.5,5,FBCCA,0.2,44.6013869892241,0.35990540060537457,0.3009548205043273,0.01353060957036778
12,0.5,5,TDCA,0.85,470.313294880995,0.7738658598988213,0.7516631356544754,0.03697681468687275
12,0.5,5,ImprovedTDCA,0.875,494.1226049195982,0.8700702913960725,0.7445646076807384,0.04682887315486406
12,0.5,5,TriBranchTDCA,0.975,602.5358529502963,1.0938236141876223,0.886776808402748,0.07102114684149918
12,1.0,0,CCA,0.875,247.0613024597991,0.3518556445535883,0.2871714247238,0.01475350267381037
12,1.0,0,FBCCA,0.9,259.4635367647114,0.8971277492866612,0.9081358592390436,0.055494575605648855
12,1.0,0,TDCA,1.0,319.31568569044634,1.955636600434957,2.053045524528031,0.014376666868298749
12,1.0,0,ImprovedTDCA,1.0,319.31568569044634,3.018991716810682,2.9697905182749365,1.6545256029075743
12,1.0,0,TriBranchTDCA,1.0,319.31568569044634,3.0157813352344034,2.940566899617006,1.0425029505523558
12,1.0,1,CCA,0.6,134.2089967732677,0.4356166390817517,0.3740008162437376,0.01773007113473435
12,1.0,1,FBCCA,0.775,201.8111859978206,1.0324116044352796,1.1737709904910834,0.049732758316628045
12,1.0,1,TDCA,0.95,286.2756616096976,1.9226574053919325,1.9556945936986048,0.057900840840664713
12,1.0,1,ImprovedTDCA,0.975,301.26792647514816,2.785801303688385,3.0110681454465706,0.19555443940366501
12,1.0,1,TriBranchTDCA,0.975,301.26792647514816,2.7352790638330204,2.9217015530715402,0.13390095875040853
12,1.0,2,CCA,0.6,134.2089967732677,0.35471269499397984,0.35612967762067393,0.0008969230331326017
12,1.0,2,FBCCA,0.825,223.6780122917947,0.7709041754660053,0.6601449802625778,0.04109759872831509
12,1.0,2,TDCA,1.0,319.31568569044634,1.905760153014581,1.7882146629999274,0.31375633934392155
12,1.0,2,ImprovedTDCA,1.0,319.31568569044634,2.847118878226728,3.10192983991735,1.2004877262506675
12,1.0,2,TriBranchTDCA,1.0,319.31568569044634,2.8074821074619587,2.8609970308295156,1.214791313968798
12,1.0,3,CCA,0.75,191.35796494276008,0.3728873554538385,0.28704492862838504,0.01703828716951028
12,1.0,3,FBCCA,0.85,235.1566474404975,0.700726606141381,0.6411428676650458,0.005153590132149777
12,1.0,3,TDCA,1.0,319.31568569044634,2.215042104761399,2.277055172251936,0.6834259140787888
12,1.0,3,ImprovedTDCA,1.0,319.31568569044634,3.031246076028758,3.0752973514808644,0.7208207580284576
12,1.0,3,TriBranchTDCA,1.0,319.31568569044634,3.133321255048758,3.1950030293262324,1.9412872361429985
12,1.0,4,CCA,0.625,143.12809559334323,0.3691509780257791,0.27182518116946475,0.007708720948421899
12,1.0,4,FBCCA,0.8,212.57517337365303,0.8091950967751582,0.7435617885929877,0.007048827788703971
12,1.0,4,TDCA,0.95,286.2756616096976,1.9051104848863158,2.0219336651752755,0.010760585954519897
12,1.0,4,ImprovedTDCA,1.0,319.31568569044634,2.814165648050141,2.959823967586199,1.0808400137708487
12,1.0,4,TriBranchTDCA,1.0,319.31568569044634,2.788930442790777,3.0451658978604126,0.6225112715961001
12,1.0,5,CCA,0.625,143.12809559334323,0.39745132982163567,0.31004364724610634,0.0005347169757143888
12,1.0,5,FBCCA,0.85,235.1566474404975,1.064087849950883,1.0180288159789366,0.07835853489270628
12,1.0,5,TDCA,0.975,301.26792647514816,2.015165910413318,2.0562703346487816,0.09731636011489342
12,1.0,5,ImprovedTDCA,1.0,319.31568569044634,2.9270498571131602,3.043371370941588,0.549837651140471
12,1.0,5,TriBranchTDCA,1.0,319.31568569044634,2.8888213395886995,3.047991570104436,0.3228996434648215
12,2.0,0,CCA,1.0,159.65784284522317,1.5915837910157487,1.683000406752475,0.21469895706924014
12,2.0,0,FBCCA,1.0,159.65784284522317,3.203556999742972,3.3801948227872844,1.772117436091445
12,2.0,0,TDCA,1.0,159.65784284522317,3.155961559942927,3.240733550445127,1.1649402194630114
12,2.0,0,ImprovedTDCA,1.0,159.65784284522317,4.518405670294948,4.577508603578052,3.0754095292380077
12,2.0,0,TriBranchTDCA,1.0,159.65784284522317,4.365008032179343,4.475884159022059,3.138041159869129
12,2.0,1,CCA,0.975,150.63396323757408,1.7893644915573286,1.8293814989889459,0.059543625100588304
12,2.0,1,FBCCA,1.0,159.65784284522317,3.280414014502796,3.3601464796882348,0.738373224407765
12,2.0,1,TDCA,0.975,150.63396323757408,3.249815841383229,3.3459231474314013,1.4335001882801732
12,2.0,1,ImprovedTDCA,0.975,150.63396323757408,4.505494433851387,4.790654514778348,0.5303433135648086
12,2.0,1,TriBranchTDCA,0.975,150.63396323757408,4.288901725124254,4.417210921621708,1.7263805051647352
12,2.0,2,CCA,0.925,136.23634153038591,1.5523391545076919,1.5855369088929583,0.03954550019428371
12,2.0,2,FBCCA,1.0,159.65784284522317,3.3390229833175398,3.329749564827967,2.1367969206176185
12,2.0,2,TDCA,1.0,159.65784284522317,3.198508360659073,3.1975721531602526,1.0565707359266807
12,2.0,2,ImprovedTDCA,1.0,159.65784284522317,4.659780596101987,4.727904821809647,3.9349404311627403
12,2.0,2,TriBranchTDCA,1.0,159.65784284522317,4.419093957355645,4.429504532174225,2.96994426902147
12,2.0,3,CCA,0.95,143.1378308048488,1.743855333794815,1.7002498438623599,0.13321429636357252
12,2.0,3,FBCCA,1.0,159.65784284522317,3.3467473841796043,3.434220274259908,1.6944003383244883
12,2.0,3,TDCA,1.0,159.65784284522317,3.544915787720142,3.562678084506711,2.3769320034893755
12,2.0,3,ImprovedTDCA,1.0,159.65784284522317,4.713558730306301,4.798462061884546,3.211031251421421
12,2.0,3,TriBranchTDCA,1.0,159.65784284522317,4.5804760321155875,4.612845126904519,3.6780900606132723
12,2.0,4,CCA,0.925,136.23634153038591,1.6745923617356262,1.8326343953186004,0.046548326504118
12,2.0,4,FBCCA,1.0,159.65784284522317,3.372926629795109,3.479075442971471,1.5019324137790533
12,2.0,4,TDCA,1.0,159.65784284522317,2.930724647693917,3.1582834015688355,0.25900981207038454
12,2.0,4,ImprovedTDCA,1.0,159.65784284522317,4.48666008127835,4.584728442945881,2.818838822319119
12,2.0,4,TriBranchTDCA,1.0,159.65784284522317,4.1380410412788295,4.319753476030249,1.945002580816618
12,2.0,5,CCA,0.875,123.53065122989955,1.5807433312280188,1.6379804836045364,0.09421175833856532
12,2.0,5,FBCCA,0.975,150.63396323757408,3.3008797657246434,3.1834005703337027,0.5808259957983339
12,2.0,5,TDCA,0.975,150.63396323757408,3.370262819248977,3.5201645722348456,0.24432154786058247
12,2.0,5,ImprovedTDCA,1.0,159.65784284522317,4.632659646492613,4.828142901119135,0.06693569218350293
12,2.0,5,TriBranchTDCA,0.975,150.63396323757408,4.437870754623065,4.567915397840709,0.409949371521813
12,4.0,0,CCA,1.0,79.82892142261159,4.299094749986985,4.480729482540723,1.6985812764009047
12,4.0,0,FBCCA,1.0,79.82892142261159,5.217038308678882,5.529478295954045,3.4052269554399235
12,4.0,0,TDCA,1.0,79.82892142261159,4.258909657588504,4.367972798860686,2.724321084456891
12,4.0,0,ImprovedTDCA,1.0,79.82892142261159,5.264548868820148,5.415833355333232,3.967210327128363
12,4.0,0,TriBranchTDCA,1.0,79.82892142261159,4.996170166311087,5.097973332242658,3.731847366594864
12,4.0,1,CCA,0.975,75.31698161878704,4.043992951269567,4.569155146991013,0.10666687867845548
12,4.0,1,FBCCA,1.0,79.82892142261159,5.406461266451978,5.545534890277819,2.8038549745520815
12,4.0,1,TDCA,0.975,75.31698161878704,4.3073381039613015,4.41904488865409,0.9773558104156801
12,4.0,1,ImprovedTDCA,1.0,79.82892142261159,5.258357244173078,5.417616786592015,2.4403802750798556
12,4.0,1,TriBranchTDCA,1.0,79.82892142261159,4.9532891212123245,5.084336790725756,1.182877963574041
12,4.0,2,CCA,0.95,71.5689154024244,3.907604644084079,4.303988877969992,0.13283642987831668
12,4.0,2,FBCCA,1.0,79.82892142261159,5.141672616210949,5.401429360101389,1.896996689915945
12,4.0,2,TDCA,1.0,79.82892142261159,4.140529349564476,4.257216762372056,1.913006822603206
12,4.0,2,ImprovedTDCA,1.0,79.82892142261159,5.2038730760869,5.2508045331453435,4.04096980686095
12,4.0,2,TriBranchTDCA,1.0,79.82892142261159,4.920753887244898,5.01292742451054,3.369244841954755
12,4.0,3,CCA,1.0,79.82892142261159,4.434528617527464,4.455304398329604,3.0939077144678206
12,4.0,3,FBCCA,1.0,79.82892142261159,5.277595174194994,5.4579784975193215,3.2471198137560475
12,4.0,3,TDCA,1.0,79.82892142261159,4.552270281648726,4.647209785359774,3.655044979600046
12,4.0,3,ImprovedTDCA,1.0,79.82892142261159,5.388057174426005,5.519458351273174,4.076635649375825
12,4.0,3,TriBranchTDCA,1.0,79.82892142261159,5.179592492978605,5.254303026079572,4.402345987340429
12,4.0,4,CCA,1.0,79.82892142261159,3.831242080260483,3.959373164455808,1.349162246098599
12,4.0,4,FBCCA,1.0,79.82892142261159,5.13976710095568,5.257995203399439,2.375507254404913
12,4.0,4,TDCA,1.0,79.82892142261159,4.051564584153049,4.204776777703598,1.5707417711491507
12,4.0,4,ImprovedTDCA,1.0,79.82892142261159,5.159218123172344,5.274580413702442,3.584027922746871
12,4.0,4,TriBranchTDCA,1.0,79.82892142261159,4.836771574857775,4.91475594931749,3.307985590444086
12,4.0,5,CCA,0.975,75.31698161878704,4.04599280893526,4.2993145216894195,0.2929510551855947
12,4.0,5,FBCCA,1.0,79.82892142261159,5.181595646119404,5.5757328828180945,1.063791610096192
12,4.0,5,TDCA,0.975,75.31698161878704,4.3167353121210015,4.471669583576179,1.7094108568282291
12,4.0,5,ImprovedTDCA,1.0,79.82892142261159,5.198658118228812,5.435247751778519,2.118404224459293
12,4.0,5,TriBranchTDCA,1.0,79.82892142261159,4.894700142660024,5.073255160909566,0.5100985623985039
13,0.3,0,CCA,0.075,9.723899662657054,0.17678854447474102,0.08998505404902479,0.0006042937246626412
13,0.3,0,FBCCA,0.075,9.723899662657054,0.22977176752515566,0.17962907728983846,0.006941506821971144
13,0.3,0,TDCA,0.675,538.8872502451933,0.5878031185333581,0.5041006910664119,0.010788984538665725
13,0.3,0,ImprovedTDCA,0.725,603.9788612811258,0.5868150369103277,0.5382248887694931,0.015777130472245826
13,0.3,0,TriBranchTDCA,0.775,672.7039533260687,0.708609198664743,0.64350451688122,0.03144173769872838
13,0.3,1,CCA,0.0,7.30517519781877,0.14088679384285405,0.08709692591594675,0.00035597594726555215
13,0.3,1,FBCCA,0.0,7.30517519781877,0.23742549222793122,0.15309881254354074,0.017193248893499158
13,0.3,1,TDCA,0.75,637.8598831425336,0.6800604773909107,0.6857859604961155,0.010079905601898975
13,0.3,1,ImprovedTDCA,0.725,603.9788612811258,0.7117963351444307,0.6257990809630871,0.004827123146561085
13,0.3,1,TriBranchTDCA,0.7,571.003305999599,0.8005862555809496,0.6721461939893598,0.024848044221303267
13,0.3,2,CCA,0.125,30.727342036659877,0.14695798213084577,0.07623817415426715,0.0002985284570431457
13,0.3,2,FBCCA,0.075,9.723899662657054,0.2821859287470888,0.23232670354514084,0.016219909481076433
13,0.3,2,TDCA,0.75,637.8598831425336,0.6179974189645407,0.4548261918573755,0.030987175680617263
13,0.3,2,ImprovedTDCA,0.825,745.5933743059824,0.6798062594702193,0.544037833119039,0.018661313994567497
13,0.3,2,TriBranchTDCA,0.7,571.003305999599,0.7136504319198431,0.6215295245671276,0.003961042425185024
13,0.3,3,CCA,0.125,30.727342036659877,0.12244814141509142,0.08513505168445645,0.0004302777464626484
13,0.3,3,FBCCA,0.075,9.723899662657054,0.2526640900336078,0.17571361358870863,0.012007524263960345
13,0.3,3,TDCA,0.725,603.9788612811258,0.7045284588436382,0.7113701152048654,0.03253435768545465
13,0.3,3,ImprovedTDCA,0.7,571.003305999599,0.6800467403339137,0.6644081935921824,0.03279158736437093
13,0.3,3,TriBranchTDCA,0.675,538.8872502451933,0.6775621213510583,0.636051459872069,0.013987349811920735
13,0.3,4,CCA,0.125,30.727342036659877,0.10938118808372647,0.07221832867626155,0.0131578226009752
13,0.3,4,FBCCA,0.05,2.8798059704541856,0.2379826990611838,0.1904325378210301,0.0008846752348581344
13,0.3,4,TDCA,0.8,708.5839112455101,0.6371738474403561,0.5807196906334279,0.011993539140841447
13,0.3,4,ImprovedTDCA,0.8,708.5839112455101,0.632769078513182,0.5649106854369982,0.005104255568205707
13,0.3,4,TriBranchTDCA,0.65,507.5938525820171,0.7306038177448257,0.569196976142883,0.011146354236312384
13,0.3,5,CCA,0.075,9.723899662657054,0.1300939937124579,0.08693267477826983,0.00953412789680641
13,0.3,5,FBCCA,0.125,30.727342036659877,0.2726639544718522,0.1769840394188803,0.00924193624513503
13,0.3,5,TDCA,0.7,571.003305999599,0.6487375942841627,0.6417838822812418,0.04139987373573151
13,0.3,5,ImprovedTDCA,0.75,637.8598831425336,0.6115885549774551,0.5183855032747817,0.01501416726352578
13,0.3,5,TriBranchTDCA,0.7,571.003305999599,0.693565175521411,0.5565756387339317,0.056759794527821095
13,0.5,0,CCA,0.2,44.6013869892241,0.18448436495620762,0.15822614753687214,0.0027040941599765222
13,0.5,0,FBCCA,0.175,35.09465151233407,0.3146190841794164,0.27478985850500803,0.007281388901296815
13,0.5,0,TDCA,0.95,572.5513232193952,0.8810904527730379,0.9227272755324906,0.010454973780850363
13,0.5,0,ImprovedTDCA,0.9,518.9270735294228,1.0764492938822852,1.0385459830141976,0.0066794072180744735
13,0.5,0,TriBranchTDCA,0.95,572.5513232193952,1.3015109379116976,1.2435546888017632,0.037826503471435347
13,0.5,1,CCA,0.125,18.436405221995926,0.22795182024398875,0.18701267205435235,0.014839532894208363
13,0.5,1,FBCCA,0.15,26.339508496566104,0.29164662231030186,0.23973420923539557,0.0020912712915501785
13,0.5,1,TDCA,0.9,518.9270735294228,1.070676185091592,1.0449878981514618,0.00746633534221397
13,0.5,1,ImprovedTDCA,0.9,518.9270735294228,1.1962521206047607,1.0593635928745897,0.07449879787774227
13,0.5,1,TriBranchTDCA,0.875,494.1226049195982,1.3107937499843412,1.2549629636980466,0.021811504438552953
13,0.5,2,CCA,0.1,11.528460518646853,0.18880436086429475,0.1558251809713752,0.0016003094801551043
13,0.5,2,FBCCA,0.175,35.09465151233407,0.27715637108238117,0.21990858086977794,0.00134049739279396
13,0.5,2,TDCA,0.95,572.5513232193952,1.1233510871730998,1.2177849353700494,0.06705390949687895
13,0.5,2,ImprovedTDCA,0.875,494.1226049195982,1.2186085530043225,1.2255283453161645,0.1558082841350088
13,0.5,2,TriBranchTDCA,0.95,572.5513232193952,1.3437487697038315,1.4090194445841844,0.0030775791720802914
13,0.5,3,CCA,0.15,26.339508496566104,0.20056369215740383,0.18189888035336998,0.006453420993415282
13,0.5,3,FBCCA,0.125,18.436405221995926,0.39701619714129127,0.3687927231480004,0.007575089157132231
13,0.5,3,TDCA,0.925,544.9453661215437,1.0080823247569568,0.804678628861903,0.07810099715232521
13,0.5,3,ImprovedTDCA,0.925,544.9453661215437,0.9501323798947453,0.8441261402441568,0.0024912014505265034
13,0.5,3,TriBranchTDCA,0.9,518.9270735294228,1.1685282361418372,1.2313887920914703,0.03051442888062139
13,0.5,4,CCA,0.175,35.09465151233407,0.18820247336038456,0.14267334189171632,0.005782012054266872
13,0.5,4,FBCCA,0.2,44.6013869892241,0.38384780419969944,0.2866951161317215,0.0014910639249086088
13,0.5,4,TDCA,0.9,518.9270735294228,1.1001571332479056,1.0645614443532523,0.02656483293769485
13,0.5,4,ImprovedTDCA,0.875,494.1226049195982,1.1730406428757378,1.2058680136057252,0.0316929431316062
13,0.5,4,TriBranchTDCA,0.875,494.1226049195982,1.2599071323922275,1.3510364830567823,0.029693647938638934
13,0.5,5,CCA,0.15,26.339508496566104,0.17671912119935995,0.1283317819794515,0.014340376426288826
13,0.5,5,FBCCA,0.2,44.6013869892241,0.34751585102486404,0.19709925199423384,7.230109061406864e-05
13,0.5,5,TDCA,0.925,544.9453661215437,1.0175061195147364,0.955657664408968,0.03111915291528966
13,0.5,5,ImprovedTDCA,0.925,544.9453661215437,1.1104858730388332,1.0582157116718058,0.18693099878483066
13,0.5,5,TriBranchTDCA,0.975,602.5358529502963,1.1389691373938904,1.2797277771259519,0.03762334829211467
13,1.0,0,CCA,0.275,38.487798475057,0.2634861988258865,0.21329961456311364,0.0006213961807099988
13,1.0,0,FBCCA,0.425,77.94681338510304,0.5296077180159433,0.3596909425532163,0.00018366742689579496
13,1.0,0,TDCA,0.975,301.26792647514816,1.607865696166629,1.4803422951551743,0.2671044622570782
13,1.0,0,ImprovedTDCA,0.95,286.2756616096976,2.0376264202159247,1.9574556571171517,0.12486588719399982
13,1.0,0,TriBranchTDCA,0.975,301.26792647514816,2.294721307457756,2.4050582970357266,0.21960529050153
13,1.0,1,CCA,0.4,70.78417014692076,0.37248914214435425,0.2806756602937521,0.004313753729328962
13,1.0,1,FBCCA,0.625,143.12809559334323,0.7741710594075896,0.5105160051370534,0.078746804149876
13,1.0,1,TDCA,0.975,301.26792647514816,1.870367331658001,1.8572700423126633,0.1341998190632374
13,1.0,1,ImprovedTDCA,0.95,286.2756616096976,2.1001337816525023,2.2258792732410955,0.04092613473869777
13,1.0,1,TriBranchTDCA,1.0,319.31568569044634,2.3603137908852445,2.4100827476911966,0.011804397766513652
13,1.0,2,CCA,0.475,92.93376305651233,0.24249810694633095,0.20413218165398772,0.0011485582044765685
13,1.0,2,FBCCA,0.625,143.12809559334323,0.5821048860372215,0.3596081072845263,0.0012862355282492466
13,1.0,2,TDCA,0.975,301.26792647514816,2.0105172216481977,2.011439849533831,0.07552543939116418
13,1.0,2,ImprovedTDCA,0.975,301.26792647514816,2.374916932088008,2.6592422680651957,0.04727441834024093
13,1.0,2,TriBranchTDCA,1.0,319.31568569044634,2.6248960525949996,2.760808247704597,0.7424647681488419
13,1.0,3,CCA,0.45,85.33094523151902,0.3120476603179685,0.19586825836313948,0.005548590942573206
13,1.0,3,FBCCA,0.475,92.93376305651233,0.7010581985946744,0.5985760049940516,0.013250365464674285
13,1.0,3,TDCA,1.0,319.31568569044634,1.9370612639846516,1.9857706901644232,0.5034766784616069
13,1.0,3,ImprovedTDCA,1.0,319.31568569044634,2.271242646558091,2.1404158730321723,0.7739552204582028
13,1.0,3,TriBranchTDCA,1.0,319.31568569044634,2.6105384617243903,2.6276832063192455,1.1686528912616931
13,1.0,4,CCA,0.625,143.12809559334323,0.3791230812080285,0.32181133254623806,0.014718884865503323
13,1.0,4,FBCCA,0.75,191.35796494276008,0.6997752624145942,0.5931575597794732,0.020877461999168734
13,1.0,4,TDCA,1.0,319.31568569044634,1.8422627097833206,1.880808486358455,0.34754492953401206
13,1.0,4,ImprovedTDCA,1.0,319.31568569044634,2.650306353917332,2.6823128690712554,0.09241710395345848
13,1.0,4,TriBranchTDCA,1.0,319.31568569044634,2.4662078717037,2.5641469667837304,0.5066522856484692
13,1.0,5,CCA,0.275,38.487798475057,0.3112892958947965,0.2731930596099019,0.003116955802738186
13,1.0,5,FBCCA,0.475,92.93376305651233,0.6138823078738825,0.4592736201323364,0.014099181879745348
13,1.0,5,TDCA,1.0,319.31568569044634,1.935786264440106,2.0024629031296106,0.45016207702562516
13,1.0,5,ImprovedTDCA,0.95,286.2756616096976,2.291934754810646,2.4808295741498454,0.19298181832632189
13,1.0,5,TriBranchTDCA,1.0,319.31568569044634,2.4199462442974413,2.524008066229511,0.05192220516998036
13,2.0,0,CCA,0.775,100.9055929989103,0.9305939132184046,0.8889863069301547,0.005410894859964266
13,2.0,0,FBCCA,0.875,123.53065122989955,1.854331567966718,1.7336801369319499,0.10703169265432866
13,2.0,0,TDCA,1.0,159.65784284522317,2.5527165961833322,2.5548915164285786,0.8466391655439462
13,2.0,0,ImprovedTDCA,0.975,150.63396323757408,3.3296446544461267,3.474792910055597,0.42287902738319527
13,2.0,0,TriBranchTDCA,1.0,159.65784284522317,3.3516407195334894,3.4571090606177775,0.7747948715186959
13,2.0,1,CCA,0.8,106.28758668682651,0.9431892960627319,0.802201085323184,0.009795763184568873
13,2.0,1,FBCCA,0.975,150.63396323757408,1.8111568185389693,1.7503944434699568,0.08480925538336592
13,2.0,1,TDCA,0.975,150.63396323757408,2.5313359161658204,2.696324372335475,0.7104503547373691
13,2.0,1,ImprovedTDCA,1.0,159.65784284522317,3.2537316132787764,3.2308040486915646,0.37777563275131953
13,2.0,1,TriBranchTDCA,0.975,150.63396323757408,3.2690169933137776,3.371834436876325,0.0741799441301807
13,2.0,2,CCA,0.85,117.57832372024875,1.0048778155124682,0.9626281902804721,0.05208177726538121
13,2.0,2,FBCCA,0.9,129.7317683823557,1.9621423885026732,1.850244189302685,0.06794271365608706
13,2.0,2,TDCA,1.0,159.65784284522317,2.652711188815208,2.8222029090780696,0.11156259378424194
13,2.0,2,ImprovedTDCA,1.0,159.65784284522317,3.635867930529102,3.6907013728144014,0.6796927512440232
13,2.0,2,TriBranchTDCA,1.0,159.65784284522317,3.5214859462633568,3.7974217414472817,0.8667825325677101
13,2.0,3,CCA,0.9,129.7317683823557,1.0552739330993692,1.0282468825175446,0.007970164824345982
13,2.0,3,FBCCA,0.925,136.23634153038591,1.9655639561485025,2.037447983615671,0.01606778504592432
13,2.0,3,TDCA,1.0,159.65784284522317,2.6767458671053115,2.757722147154225,1.5159137152747313
13,2.0,3,ImprovedTDCA,1.0,159.65784284522317,3.496936164299143,3.7649874755336805,1.457251129125484
13,2.0,3,TriBranchTDCA,1.0,159.65784284522317,3.5393831577185226,3.616706846201462,1.9473343158260485
13,2.0,4,CCA,1.0,159.65784284522317,1.2839595931258454,1.2358661191587959,0.40962361599185115
13,2.0,4,FBCCA,1.0,159.65784284522317,2.3410554159354713,2.2314792816889426,0.8369368164768711
13,2.0,4,TDCA,1.0,159.65784284522317,2.6576853509407865,2.6600428119500212,1.5380800184366172
13,2.0,4,ImprovedTDCA,1.0,159.65784284522317,4.10666464422953,4.0908200558574865,2.578522859385578
13,2.0,4,TriBranchTDCA,1.0,159.65784284522317,3.776436966122123,3.8405861388321147,2.5264193927248377
13,2.0,5,CCA,0.75,95.67898247138004,0.8050090597805056,0.6593236423414315,0.013844730240966108
13,2.0,5,FBCCA,0.925,136.23634153038591,1.6892809188388092,1.7624266017393737,0.18067451023811332
13,2.0,5,TDCA,1.0,159.65784284522317,2.6927649234779167,2.722564247956031,1.4813493995588098
13,2.0,5,ImprovedTDCA,1.0,159.65784284522317,3.5541169733833717,3.6378826570440346,0.9625606255681465
13,2.0,5,TriBranchTDCA,1.0,159.65784284522317,3.537503704262069,3.6009146470483477,1.3875724922506545
13,4.0,0,CCA,0.95,71.5689154024244,2.443403715224983,2.687508315007625,0.04172535753895357
13,4.0,0,FBCCA,0.975,75.31698161878704,3.2234632269622097,3.318572128257773,0.5363485219520561
13,4.0,0,TDCA,0.975,75.31698161878704,3.163982190954977,3.283512432866665,0.07863192406204855
13,4.0,0,ImprovedTDCA,0.975,75.31698161878704,3.590773565553678,3.8376967870892686,0.3441121028628755
13,4.0,0,TriBranchTDCA,0.975,75.31698161878704,3.581246768362328,3.8481119604066776,0.4357103792021477
13,4.0,1,CCA,0.975,75.31698161878704,2.5422709097001523,2.6964078963906895,0.32417459692200623
13,4.0,1,FBCCA,1.0,79.82892142261159,3.5651818410549128,3.7002759221236987,0.5553454217043496
13,4.0,1,TDCA,0.975,75.31698161878704,3.373735525391207,3.5663943576232735,0.7420076289846314
13,4.0,1,ImprovedTDCA,1.0,79.82892142261159,3.8556064417094076,4.068851833494239,1.3045112564100485
13,4.0,1,TriBranchTDCA,1.0,79.82892142261159,3.767338873544206,3.9720971219859615,0.5120090720945774
13,4.0,2,CCA,1.0,79.82892142261159,3.0218143944768405,3.296414008274314,0.8170295438864525
13,4.0,2,FBCCA,1.0,79.82892142261159,3.9781116089647597,4.157425094790791,1.7604363432662664
13,4.0,2,TDCA,0.975,75.31698161878704,3.4109756758573666,3.631562157230485,0.3173646012469349
13,4.0,2,ImprovedTDCA,1.0,79.82892142261159,4.159708086721544,4.316670251810512,2.2564276714322564
13,4.0,2,TriBranchTDCA,1.0,79.82892142261159,3.9726343313984556,4.128296245018324,0.4638873040311222
13,4.0,3,CCA,1.0,79.82892142261159,3.059157558346738,3.020470626441563,0.8345266199203634
13,4.0,3,FBCCA,1.0,79.82892142261159,4.028411633757168,4.194999045212279,1.0605869762541333
13,4.0,3,TDCA,1.0,79.82892142261159,3.5466816472914315,3.747261733010473,2.181226374579184
13,4.0,3,ImprovedTDCA,1.0,79.82892142261159,4.2864201929079595,4.4872576980614545,2.035058104953791
13,4.0,3,TriBranchTDCA,1.0,79.82892142261159,4.100482278035921,4.325033459388671,2.190400157824775
13,4.0,4,CCA,1.0,79.82892142261159,3.5669254528147762,3.6957191004728345,1.2883313361320106
13,4.0,4,FBCCA,1.0,79.82892142261159,4.456943882877641,4.652772936431155,2.233453041106859
13,4.0,4,TDCA,1.0,79.82892142261159,3.558203252070985,3.6349363849824887,2.21647386439123
13,4.0,4,ImprovedTDCA,1.0,79.82892142261159,4.498191083777683,4.504942523947799,3.0244658626761307
13,4.0,4,TriBranchTDCA,1.0,79.82892142261159,4.234855540920919,4.362791728708559,2.9694837824820084
13,4.0,5,CCA,1.0,79.82892142261159,3.0344137674240526,2.9980232677663445,0.5390481347236911
13,4.0,5,FBCCA,1.0,79.82892142261159,3.836798511918201,3.982112080315037,0.4254887535863445
13,4.0,5,TDCA,1.0,79.82892142261159,3.6170287911343353,3.63533295259632,2.6696671234229603
13,4.0,5,ImprovedTDCA,1.0,79.82892142261159,4.2246065554606735,4.246878018503618,2.329684801788127
13,4.0,5,TriBranchTDCA,1.0,79.82892142261159,4.124291179133228,4.236868426963275,3.1152590721261504
14,0.3,0,CCA,0.075,9.723899662657054,0.054307518791419,0.026150611058967654,5.7110463265619416e-05
14,0.3,0,FBCCA,0.05,2.8798059704541856,0.2094927740866507,0.15886809959784454,0.00025726533766490256
14,0.3,0,TDCA,0.775,672.7039533260687,0.8003249932021055,0.7804219316577173,0.009454014927249954
14,0.3,0,ImprovedTDCA,0.8,708.5839112455101,0.8795050506949093,0.8470495633940375,0.017975657888070984
14,0.3,0,TriBranchTDCA,0.85,783.855491468325,0.9750147281225979,0.9774115070221943,0.01632792026372787
14,0.3,1,CCA,0.075,9.723899662657054,0.05574607606374754,0.027217663832410643,0.0008883308811740154
14,0.3,1,FBCCA,0.075,9.723899662657054,0.24485694550583803,0.19726006061743573,0.012975462712470076
14,0.3,1,TDCA,0.9,864.8784558823714,0.7521300555091605,0.731654145852636,0.029285300912952783
14,0.3,1,ImprovedTDCA,0.925,908.2422768692395,0.8516487248879565,0.842617906627839,0.025026848999978535
14,0.3,1,TriBranchTDCA,0.8,708.5839112455101,0.8428154326391933,0.6959362816277284,0.013695123767693662
14,0.3,2,CCA,0.075,9.723899662657054,0.09183254703192449,0.046065390613139745,0.0004646158342248574
14,0.3,2,FBCCA,0.0,7.30517519781877,0.23952937069047148,0.163712924167001,0.004250620758321277
14,0.3,2,TDCA,0.85,783.855491468325,0.7726420758918837,0.704454434744059,0.002583728201566382
14,0.3,2,ImprovedTDCA,0.825,745.5933743059824,0.8145458308827853,0.7026074449931934,0.010067031815400362
14,0.3,2,TriBranchTDCA,0.85,783.855491468325,0.9216174358171865,0.9159925292385702,0.005305872108644749
14,0.3,3,CCA,0.125,30.727342036659877,0.07019546043228117,0.044560686264246474,0.00354310020642834
14,0.3,3,FBCCA,0.125,30.727342036659877,0.18848051726368123,0.1764857087846624,0.01897713657593858
14,0.3,3,TDCA,0.725,603.9788612811258,0.6839118325394657,0.6791654804996267,0.0609066461268577
14,0.3,3,ImprovedTDCA,0.725,603.9788612811258,0.7570217676954402,0.7600615158146726,0.023002626751614796
14,0.3,3,TriBranchTDCA,0.725,603.9788612811258,0.8401562228456865,0.8935561240573983,0.04018781424409301
14,0.3,4,CCA,0.05,2.8798059704541856,0.05143055539030147,0.03743093762060978,0.0023100235162951677
14,0.3,4,FBCCA,0.075,9.723899662657054,0.22059173631966988,0.15410862380727774,0.017092468923023185
14,0.3,4,TDCA,0.825,745.5933743059824,0.7141423098350068,0.7175130427069577,0.04170180487830133
14,0.3,4,ImprovedTDCA,0.8,708.5839112455101,0.8114925484329598,0.822709043605638,0.0003388482576283103
14,0.3,4,TriBranchTDCA,0.8,708.5839112455101,0.9798014194869571,0.9197708798813853,0.012137559824333177
14,0.3,5,CCA,0.075,9.723899662657054,0.10483074473008362,0.035667925132133016,0.0006178229865285711
14,0.3,5,FBCCA,0.075,9.723899662657054,0.24394812749346464,0.1659165413207475,0.01854608115347456
14,0.3,5,TDCA,0.825,745.5933743059824,0.6340081154002565,0.5596608342712664,0.0022644804699116783
14,0.3,5,ImprovedTDCA,0.825,745.5933743059824,0.7354988830695284,0.7247749314227312,0.022465430716906543
14,0.3,5,TriBranchTDCA,0.85,783.855491468325,0.8485885023537488,0.8029052545856937,0.03437411820461245
14,0.5,0,CCA,0.225,54.7858255507327,0.09852116743805177,0.06324649227309531,0.00022725141216306532
14,0.5,0,FBCCA,0.325,101.3454569549014,0.2806369521165467,0.2147006523235886,0.006533367616511354
14,0.5,0,TDCA,0.925,544.9453661215437,1.0682249818637968,1.206841476684195,0.0133053799373406
14,0.5,0,ImprovedTDCA,0.9,518.9270735294228,1.1837973018571155,1.3283202474848714,0.0017214029836152278
14,0.5,0,TriBranchTDCA,0.975,602.5358529502963,1.4297743727502688,1.4991347628359053,0.02183703291653538
14,0.5,1,CCA,0.15,26.339508496566104,0.05436569260387727,0.0350986311371273,0.0002612742634267029
14,0.5,1,FBCCA,0.3,88.90267709437161,0.2861338274000955,0.2173469181318417,0.0035123937675449746
14,0.5,1,TDCA,0.925,544.9453661215437,1.0781811870377016,1.0704775536224642,0.03146016763707671
14,0.5,1,ImprovedTDCA,0.95,572.5513232193952,1.13238131495282,1.1262286785309938,0.14605997962500217
14,0.5,1,TriBranchTDCA,0.975,602.5358529502963,1.4561403728140512,1.524001781791407,0.081306828442683
14,0.5,2,CCA,0.15,26.339508496566104,0.09017043740354287,0.07557967249526443,0.0005913436463811372
14,0.5,2,FBCCA,0.375,127.6941246208191,0.32773420029280975,0.26043219642224924,0.0017083120467180635
14,0.5,2,TDCA,0.975,602.5358529502963,1.2209813336022461,1.175964587535146,0.323448341004547
14,0.5,2,ImprovedTDCA,0.975,602.5358529502963,1.3685819664770664,1.357160423657536,0.5399164864655768
14,0.5,2,TriBranchTDCA,0.975,602.5358529502963,1.5155332343097743,1.511053572600194,0.48300294479612615
14,0.5,3,CCA,0.1,11.528460518646853,0.1303472454777109,0.09272299742255563,0.001293904260002865
14,0.5,3,FBCCA,0.125,18.436405221995926,0.3415049323714583,0.2482743330451691,0.019016668454574503
14,0.5,3,TDCA,0.875,494.1226049195982,0.8853621485825778,0.8058011483076488,0.11028055887521382
14,0.5,3,ImprovedTDCA,0.875,494.1226049195982,0.9365392713427709,0.8505818560348413,0.03851127924382958
14,0.5,3,TriBranchTDCA,0.875,494.1226049195982,1.207150344563558,1.195461256189873,0.13564577963011248
14,0.5,4,CCA,0.175,35.09465151233407,0.06370227756472309,0.04157488313210256,0.0005351260231267752
14,0.5,4,FBCCA,0.35,114.28183167016918,0.25449367040830806,0.19907740605728952,0.0010155409928722658
14,0.5,4,TDCA,0.85,470.313294880995,1.0455450773457895,1.1318919899598296,0.08280521535457241
14,0.5,4,ImprovedTDCA,0.825,447.3560245835894,1.1738161436435919,1.2525586861201092,0.03458863287963121
14,0.5,4,TriBranchTDCA,0.85,470.313294880995,1.4140547911329673,1.5708386345683507,0.011326142668892647
14,0.5,5,CCA,0.35,114.28183167016918,0.08917898491838186,0.05712855813722084,0.002608738231264951
14,0.5,5,FBCCA,0.35,114.28183167016918,0.25717150266993927,0.19411184230430523,0.004727536631944362
14,0.5,5,TDCA,0.9,518.9270735294228,0.9818978679570158,1.0343628419104012,0.008285485067241805
14,0.5,5,ImprovedTDCA,0.9,518.9270735294228,1.0011002045759114,1.0287861008250931,0.03457447987013618
14,0.5,5,TriBranchTDCA,0.925,544.9453661215437,1.151532604266339,1.1584873125904664,0.01385997613168044
14,1.0,0,CCA,0.675,161.66617507355798,0.15288987905564907,0.11058888980948356,0.00449047036218353
14,1.0,0,FBCCA,0.85,235.1566474404975,0.6816749758578512,0.4902280455331782,0.008379656390366197
14,1.0,0,TDCA,1.0,319.31568569044634,2.253431120780868,2.1904479444453324,1.0367852012262189
14,1.0,0,ImprovedTDCA,1.0,319.31568569044634,2.5401209207627438,2.620437604727281,1.1738384395986112
14,1.0,0,TriBranchTDCA,1.0,319.31568569044634,3.198610834756079,3.167615320001138,1.4099290563901001
14,1.0,1,CCA,0.65,152.27815577460512,0.18803123226162372,0.14652334359328556,0.0032106507948621577
14,1.0,1,FBCCA,0.8,212.57517337365303,0.7356962641132445,0.6398888838716859,0.0023013685490096414
14,1.0,1,TDCA,1.0,319.31568569044634,2.248746220935133,2.1961767125710994,0.9325923404848364
14,1.0,1,ImprovedTDCA,1.0,319.31568569044634,2.2920558509667397,2.334193444983196,0.9430143169681577
14,1.0,1,TriBranchTDCA,1.0,319.31568569044634,3.1667380756142642,3.0994524716745087,1.2608434190322177
14,1.0,2,CCA,0.625,143.12809559334323,0.20224454955494148,0.205912634483425,0.012434652648820599
14,1.0,2,FBCCA,0.825,223.6780122917947,0.7104883089498389,0.5466024542261256,0.004782435662230355
14,1.0,2,TDCA,1.0,319.31568569044634,2.3072680979794344,2.24361927899147,1.0757388760246385
14,1.0,2,ImprovedTDCA,1.0,319.31568569044634,2.577765821396138,2.569185573572104,1.2015322229849634
14,1.0,2,TriBranchTDCA,1.0,319.31568569044634,3.2252652300128277,3.256312779679126,1.7649891188664646
14,1.0,3,CCA,0.625,143.12809559334323,0.2176595888923718,0.1796828348987186,0.0037372980183869586
14,1.0,3,FBCCA,0.675,161.66617507355798,0.5714146447388282,0.5092298112207456,0.015043859850671915
14,1.0,3,TDCA,0.975,301.26792647514816,2.0352502642090338,2.171145130827928,0.20389708160378484
14,1.0,3,ImprovedTDCA,0.975,301.26792647514816,2.7135580408049833,2.87789033190025,0.12652902084032913
14,1.0,3,TriBranchTDCA,0.975,301.26792647514816,2.8502379933648716,2.9575375307288,0.816680508060228
14,1.0,4,CCA,0.6,134.2089967732677,0.2246572465530569,0.2220649273662607,0.008060072943595564
14,1.0,4,FBCCA,0.775,201.8111859978206,0.6242435712897256,0.5115580243494214,0.04034445302437506
14,1.0,4,TDCA,0.95,286.2756616096976,2.018519751587468,2.1803207512376575,0.46173243792293484
14,1.0,4,ImprovedTDCA,0.95,286.2756616096976,2.053390871205726,2.215733697543528,0.5518578291226981
14,1.0,4,TriBranchTDCA,0.975,301.26792647514816,2.8935812058708086,3.0832742490908602,0.7278110986530346
14,1.0,5,CCA,0.625,143.12809559334323,0.20792963509325157,0.2055896162160602,0.016548394190077698
14,1.0,5,FBCCA,0.8,212.57517337365303,0.5800452741823211,0.5553658654090856,0.10924159870915018
14,1.0,5,TDCA,1.0,319.31568569044634,2.1171065940066014,2.1995720044370133,0.24152568074756786
14,1.0,5,ImprovedTDCA,0.975,301.26792647514816,2.9735838709425453,3.192303403722481,0.11741679675800665
14,1.0,5,TriBranchTDCA,1.0,319.31568569044634,2.899481993576928,3.0322929789557604,0.40081309295471623
14,2.0,0,CCA,0.975,150.63396323757408,0.939149763038541,0.9297261582146237,0.23522361187519447
14,2.0,0,FBCCA,1.0,159.65784284522317,2.097689374354521,2.1662235817473814,0.5373708892316817
14,2.0,0,TDCA,1.0,159.65784284522317,3.106158670342599,3.1582158016728723,1.7990343884952638
14,2.0,0,ImprovedTDCA,1.0,159.65784284522317,4.497255135277776,4.61564579750325,3.45137003736523
14,2.0,0,TriBranchTDCA,1.0,159.65784284522317,4.321712056314969,4.491540033003376,3.0919679856460762
14,2.0,1,CCA,1.0,159.65784284522317,0.9424293393112897,0.9339241883177116,0.2259818564781111
14,2.0,1,FBCCA,1.0,159.65784284522317,2.1624163782186523,2.3236288838527637,0.4108488581859029
14,2.0,1,TDCA,1.0,159.65784284522317,3.1796047694880047,3.1723319219463932,1.4445644780430287
14,2.0,1,ImprovedTDCA,1.0,159.65784284522317,4.64074303586357,4.690346672074123,3.420668835212208
14,2.0,1,TriBranchTDCA,1.0,159.65784284522317,4.451169670356829,4.453084661284802,3.014502371282397
14,2.0,2,CCA,1.0,159.65784284522317,0.8135969208555476,0.7303380194495879,0.048817625820682053
14,2.0,2,FBCCA,1.0,159.65784284522317,1.8806673231470081,1.7290234832753595,0.17738548104602048
14,2.0,2,TDCA,1.0,159.65784284522317,3.08213170327689,3.0552109929005935,1.7384647423280684
14,2.0,2,ImprovedTDCA,1.0,159.65784284522317,4.496957602079904,4.581365864906022,3.1089311451857036
14,2.0,2,TriBranchTDCA,1.0,159.65784284522317,4.325707008462787,4.281503443962086,3.2579755409172484
14,2.0,3,CCA,0.85,117.57832372024875,0.9261689956201437,1.0379538972373725,0.024702977643175306
14,2.0,3,FBCCA,0.9,129.7317683823557,1.8648450950119468,1.9070993451593787,0.09275304748557822
14,2.0,3,TDCA,1.0,159.65784284522317,3.0724768927805295,3.210180682447677,1.7486839820460514
14,2.0,3,ImprovedTDCA,1.0,159.65784284522317,4.330913936510147,4.5087667695236995,0.8418137931762537
14,2.0,3,TriBranchTDCA,1.0,159.65784284522317,4.200647641223592,4.26004616788674,1.2869900558708944
14,2.0,4,CCA,0.95,143.1378308048488,0.9575226259602448,0.9321541065178383,0.11289912708255612
14,2.0,4,FBCCA,0.975,150.63396323757408,2.105753899585358,2.206181498835565,0.10225376718605972
14,2.0,4,TDCA,1.0,159.65784284522317,3.0563417314901264,3.221550793965771,0.16787796125602128
14,2.0,4,ImprovedTDCA,1.0,159.65784284522317,4.54573862500048,4.790840019402818,0.6483030169350603
14,2.0,4,TriBranchTDCA,1.0,159.65784284522317,4.36936687931699,4.552706459333633,0.6440158745986362
14,2.0,5,CCA,0.95,143.1378308048488,0.9058856802390926,0.9041281285448255,0.008265600418601249
14,2.0,5,FBCCA,1.0,159.65784284522317,2.0617667081700857,2.1148153382998878,0.9100861929785831
14,2.0,5,TDCA,1.0,159.65784284522317,3.1323418867647193,3.1233047897261255,1.261623274944824
14,2.0,5,ImprovedTDCA,1.0,159.65784284522317,4.58740035663215,4.74264152860978,3.5276922305931646
14,2.0,5,TriBranchTDCA,1.0,159.65784284522317,4.37041964159961,4.418037571130535,3.0552305696633923
14,4.0,0,CCA,1.0,79.82892142261159,4.31939373019148,4.419704134993889,2.8085089648742048
14,4.0,0,FBCCA,1.0,79.82892142261159,5.171927443717573,5.223659615378692,4.332109195452496
14,4.0,0,TDCA,1.0,79.82892142261159,4.634799041152158,4.709307180950482,3.390517017831024
14,4.0,0,ImprovedTDCA,1.0,79.82892142261159,5.378170995674439,5.39100024487181,4.7242240631687515
14,4.0,0,TriBranchTDCA,1.0,79.82892142261159,5.21325834574496,5.301158192219164,4.2348094017102085
14,4.0,1,CCA,1.0,79.82892142261159,4.121012756074468,4.255692367132459,1.9863145932834216
14,4.0,1,FBCCA,1.0,79.82892142261159,5.080712273244012,5.1903750017849575,4.114896806172641
14,4.0,1,TDCA,1.0,79.82892142261159,4.554326360284201,4.659802055446894,2.899474096440954
14,4.0,1,ImprovedTDCA,1.0,79.82892142261159,5.339582858034559,5.372376809785381,4.166274418662451
14,4.0,1,TriBranchTDCA,1.0,79.82892142261159,5.161813527263384,5.2117602695564225,4.093745614135672
14,4.0,2,CCA,1.0,79.82892142261159,4.235265583202855,4.403461227308496,0.641994703853856
14,4.0,2,FBCCA,1.0,79.82892142261159,5.049326609094427,5.164162919583103,1.9053825630524028
14,4.0,2,TDCA,1.0,79.82892142261159,4.431306116140755,4.5334078867276375,1.7644687202535398
14,4.0,2,ImprovedTDCA,1.0,79.82892142261159,5.297545344841319,5.301894165617471,4.240728485658407
14,4.0,2,TriBranchTDCA,1.0,79.82892142261159,5.0990736203913745,5.143761843883231,3.5390975184865754
14,4.0,3,CCA,0.975,75.31698161878704,4.093158253430215,4.082490155213238,0.9204586245131279
14,4.0,3,FBCCA,0.975,75.31698161878704,5.10406582798322,5.284213902005638,3.0905013961273284
14,4.0,3,TDCA,0.975,75.31698161878704,4.547620712680744,4.729579197360506,0.7442271240894804
14,4.0,3,ImprovedTDCA,1.0,79.82892142261159,5.238219962757647,5.44416044197709,0.09538281518666025
14,4.0,3,TriBranchTDCA,0.975,75.31698161878704,5.107544827726855,5.309374865664956,0.5309443585921216
14,4.0,4,CCA,1.0,79.82892142261159,4.1607838117206954,4.259014754536511,2.3780800069705
14,4.0,4,FBCCA,1.0,79.82892142261159,5.0786094520610146,5.092568907170147,4.355136330598631
14,4.0,4,TDCA,0.975,75.31698161878704,4.3670896819100475,4.555851159452766,0.021419945294621323
14,4.0,4,ImprovedTDCA,1.0,79.82892142261159,5.299030973073931,5.424578236625013,3.571846092082865
14,4.0,4,TriBranchTDCA,1.0,79.82892142261159,5.115550668526733,5.282503476612542,2.1152312658921906
14,4.0,5,CCA,1.0,79.82892142261159,4.15504121117918,4.153852248627638,2.759243526213708
14,4.0,5,FBCCA,1.0,79.82892142261159,5.249858051496699,5.346366142339315,3.7198699332172622
14,4.0,5,TDCA,1.0,79.82892142261159,4.595180493096497,4.622459420443278,3.7630880596046214
14,4.0,5,ImprovedTDCA,1.0,79.82892142261159,5.4653020093392914,5.498171152222213,4.864614010261245
14,4.0,5,TriBranchTDCA,1.0,79.82892142261159,5.2635239598789285,5.2445512885353445,4.698629982537515
15,0.3,0,CCA,0.0,7.30517519781877,0.1178189063373224,0.07779985955842084,0.0033199227670717146
15,0.3,0,FBCCA,0.0,7.30517519781877,0.24908982189867027,0.15947938363893988,0.004198391502678422
15,0.3,0,TDCA,0.625,477.0936519778108,0.48491906914543625,0.364745992157421,0.03581958247643069
15,0.3,0,ImprovedTDCA,0.55,390.1445284823086,0.5243108947003359,0.36736664923870477,0.01589517662462825
15,0.3,0,TriBranchTDCA,0.525,362.6332323769969,0.6240061669063584,0.6310687238199306,0.015500093346732635
15,0.3,1,CCA,0.025,0.0,0.08572530909029104,0.03874242713884779,0.0026979361608687746
15,0.3,1,FBCCA,0.025,0.0,0.2560359367694925,0.16347438841700768,0.004335736124986944
15,0.3,1,TDCA,0.275,128.29266158352334,0.295634400371397,0.21351201508321416,0.004958893845074197
15,0.3,1,ImprovedTDCA,0.425,259.8227112836768,0.37390514321361623,0.3180926767602317,0.05111245412263932
15,0.3,1,TriBranchTDCA,0.475,309.77921018837446,0.42797429493427597,0.3933936698483558,0.006010875268460669
15,0.3,2,CCA,0.05,2.8798059704541856,0.16894508952125667,0.05361328918933295,0.0038729986635586133
15,0.3,2,FBCCA,0.075,9.723899662657054,0.18452182518983404,0.1296681038463875,0.0021817600411189186
15,0.3,2,TDCA,0.475,309.77921018837446,0.6007717541817776,0.5219173996233482,0.011594916202168015
15,0.3,2,ImprovedTDCA,0.475,309.77921018837446,0.6083349600570648,0.44337222249629327,0.006003462771682733
15,0.3,2,TriBranchTDCA,0.6,447.363322577559,0.6725455942451587,0.5744171349216273,0.005751210076954338
15,0.3,3,CCA,0.075,9.723899662657054,0.1266683718523039,0.08700839964058715,0.001392635308784529
15,0.3,3,FBCCA,0.0,7.30517519781877,0.22317811554724223,0.17723226989240848,0.004566272707295038
15,0.3,3,TDCA,0.45,284.4364841050634,0.43851196826646,0.319264987438203,0.00741346898187456
15,0.3,3,ImprovedTDCA,0.55,390.1445284823086,0.47242282314340256,0.32907117831620525,0.0316092069485121
15,0.3,3,TriBranchTDCA,0.65,507.5938525820171,0.5957948385643472,0.3724981948863324,0.024409939845770223
15,0.3,4,CCA,0.125,30.727342036659877,0.172448628606846,0.08189319551787344,0.002219584063103852
15,0.3,4,FBCCA,0.025,0.0,0.2231647004462974,0.16842055231179875,0.0009830981491092405
15,0.3,4,TDCA,0.6,447.363322577559,0.5069110877633054,0.4605346274582889,0.01405130072683769
15,0.3,4,ImprovedTDCA,0.6,447.363322577559,0.5030791783700923,0.44220571846579304,0.016644770096125194
15,0.3,4,TriBranchTDCA,0.675,538.8872502451933,0.5866736571294877,0.5224516632057059,0.00022769259139110432
15,0.3,5,CCA,0.1,19.21410086441142,0.14141956575651143,0.07555362053339698,0.0016671182668219764
15,0.3,5,FBCCA,0.1,19.21410086441142,0.20571491317738416,0.14536224604573922,0.006654100650603567
15,0.3,5,TDCA,0.65,507.5938525820171,0.6710747020827229,0.6362591464258405,0.0008993935800829522
15,0.3,5,ImprovedTDCA,0.7,571.003305999599,0.6986317583402899,0.5819742085109436,0.040516719683536095
15,0.3,5,TriBranchTDCA,0.725,603.9788612811258,0.732677808551238,0.44209886898434003,0.026905669754534012
15,0.5,0,CCA,0.025,0.0,0.19266366685354003,0.14730324609321732,0.0027333715328801134
15,0.5,0,FBCCA,0.075,5.834339797594232,0.280160192922303,0.2043926149001849,0.005199509807212843
15,0.5,0,TDCA,0.725,362.3873167686754,0.683058198730162,0.5910156147164696,0.003526785623716444
15,0.5,0,ImprovedTDCA,0.7,342.60198359975936,0.7277751892360865,0.7082231838364351,0.0035426423419102626
15,0.5,0,TriBranchTDCA,0.75,382.71592988552015,0.8546903887446945,0.896163221432139,0.04237217760272394
15,0.5,1,CCA,0.125,18.436405221995926,0.17847350803647039,0.13767536423858506,0.0006879259559815498
15,0.5,1,FBCCA,0.1,11.528460518646853,0.31654917421130035,0.21148254941198952,0.01935537566759149
15,0.5,1,TDCA,0.625,286.25619118668646,0.6337041927672835,0.5520359669133073,0.005224411977473586
15,0.5,1,ImprovedTDCA,0.6,268.4179935465354,0.6499861051287603,0.552895163154872,0.03003898311760711
15,0.5,1,TriBranchTDCA,0.6,268.4179935465354,0.7175229536282768,0.46542790388584077,0.05740251860791612
15,0.5,2,CCA,0.075,5.834339797594232,0.18312428817847587,0.10235965038914208,0.004865966203429384
15,0.5,2,FBCCA,0.1,11.528460518646853,0.2698637965986269,0.22227915027220702,0.0031643785407733382
15,0.5,2,TDCA,0.75,382.71592988552015,0.8431894801935236,0.8025403660671083,0.0010829204280315974
15,0.5,2,ImprovedTDCA,0.675,323.33235014711596,0.9621676132924393,0.7918140859534202,0.041225679981304
15,0.5,2,TriBranchTDCA,0.75,382.71592988552015,0.7850008897499874,0.544477756548694,0.005023208491494735
15,0.5,3,CCA,0.05,1.7278835822725114,0.16542306951849037,0.1427420851498139,0.0014172415477893274
15,0.5,3,FBCCA,0.1,11.528460518646853,0.23733262618819237,0.15972912214998802,0.01166821897075776
15,0.5,3,TDCA,0.7,342.60198359975936,0.5991420682480013,0.5039624872685665,0.06333612530092969
15,0.5,3,ImprovedTDCA,0.75,382.71592988552015,0.6728097974916718,0.5586648539066372,0.038944028750724335
15,0.5,3,TriBranchTDCA,0.7,342.60198359975936,0.7566010434209808,0.6696587715236445,0.01892863685053614
15,0.5,4,CCA,0.05,1.7278835822725114,0.18055957437208903,0.1556259201245478,0.00696711123771987
15,0.5,4,FBCCA,0.025,0.0,0.2792956602001763,0.1533091611897942,0.0012927946369947207
15,0.5,4,TDCA,0.725,362.3873167686754,0.7841202375415013,0.5634972347867266,0.0005786229563764511
15,0.5,4,ImprovedTDCA,0.75,382.71592988552015,0.8948737405740026,0.7150437701959815,0.006804920299682715
15,0.5,4,TriBranchTDCA,0.825,447.3560245835894,1.0479929179567686,0.8845884835171381,0.057280451543746835
15,0.5,5,CCA,0.075,5.834339797594232,0.15322235691941907,0.10396781621597007,0.005604919086864779
15,0.5,5,FBCCA,0.15,26.339508496566104,0.24247245497487455,0.15051775547837476,0.003959489948285544
15,0.5,5,TDCA,0.725,362.3873167686754,0.820436936256953,0.7796473490783886,0.010290231271010697
15,0.5,5,ImprovedTDCA,0.75,382.71592988552015,0.9501751896133074,0.7849314428935745,0.039255867304610614
15,0.5,5,TriBranchTDCA,0.775,403.6223719956412,0.96029592712589,0.6732781293407013,0.12119068503117081
15,1.0,0,CCA,0.3,44.451338547185806,0.393523399773709,0.2713431884235241,0.016037581993717964
15,1.0,0,FBCCA,0.25,32.795898376892566,0.43465949505499113,0.2527073571491416,0.01781329730382586
15,1.0,0,TDCA,0.875,247.0613024597991,1.3322744520891239,1.399609724596154,6.031544275320044e-05
15,1.0,0,ImprovedTDCA,0.875,247.0613024597991,1.6835670319562148,1.8637218665858422,0.062440560023172775
15,1.0,0,TriBranchTDCA,0.875,247.0613024597991,1.6626012962590822,1.7348154967661031,0.1894891815094626
15,1.0,1,CCA,0.35,57.14091583508459,0.2996530995177746,0.21506114052427794,0.007730893386756366
15,1.0,1,FBCCA,0.45,85.33094523151902,0.5538341153285928,0.39532223471915995,0.0020053466743954473
15,1.0,1,TDCA,0.925,272.47268306077183,1.3211861825780242,1.543633333263876,0.007210126422193319
15,1.0,1,ImprovedTDCA,0.9,259.4635367647114,1.6807301385028381,1.823488172001541,0.005112898672573918
15,1.0,1,TriBranchTDCA,0.875,247.0613024597991,1.6275087267838573,1.7755882780189451,0.028660706875294206
15,1.0,2,CCA,0.375,63.84706231040955,0.2499689946648222,0.15566821064887482,0.003683515044673902
15,1.0,2,FBCCA,0.425,77.94681338510304,0.4934366977108434,0.31567818851921836,0.01742986409725633
15,1.0,2,TDCA,0.975,301.26792647514816,1.2761263737327293,1.322603303279421,0.1170034446942454
15,1.0,2,ImprovedTDCA,0.95,286.2756616096976,1.365974869022914,1.360504688327965,0.002228739436222593
15,1.0,2,TriBranchTDCA,0.975,301.26792647514816,1.5211295065864987,1.584139398164146,0.010462980755837181
15,1.0,3,CCA,0.2,22.30069349461205,0.24396859105961682,0.19194002901665463,0.009943480610826949
15,1.0,3,FBCCA,0.325,50.6727284774507,0.39770011942215494,0.34968519888910365,0.0031970665349816407
15,1.0,3,TDCA,0.925,272.47268306077183,1.153231218949071,1.1129506796247675,0.012444913527493107
15,1.0,3,ImprovedTDCA,0.95,286.2756616096976,1.2765247245571059,1.2729495619658469,0.01512379971854716
15,1.0,3,TriBranchTDCA,0.85,235.1566474404975,1.4417418411174139,1.4183204143357266,0.032858999881484774
15,1.0,4,CCA,0.45,85.33094523151902,0.2695428381807703,0.23268861150276154,0.014679677941161096
15,1.0,4,FBCCA,0.425,77.94681338510304,0.5210631318046488,0.34901745921603167,0.01820826822427457
15,1.0,4,TDCA,1.0,319.31568569044634,1.367514120983728,1.41274958289296,0.003034802159154637
15,1.0,4,ImprovedTDCA,0.975,301.26792647514816,1.710227264778688,1.7973311991745762,0.08640576768937214
15,1.0,4,TriBranchTDCA,0.975,301.26792647514816,1.7779024625197906,1.679654253526354,0.4276125273747571
15,1.0,5,CCA,0.325,50.6727284774507,0.2818121283430487,0.2373753022059938,0.01998383833559747
15,1.0,5,FBCCA,0.5,100.7536191273743,0.5118615015691689,0.41725897984175,0.00117997254932245
15,1.0,5,TDCA,0.825,223.6780122917947,1.4873502269947774,1.5524549970999217,0.068970678115444
15,1.0,5,ImprovedTDCA,0.825,223.6780122917947,2.0524707524966836,2.1182578975060755,0.0982456225149333
15,1.0,5,TriBranchTDCA,0.825,223.6780122917947,1.8588456454599318,1.854275964816975,0.1300823265124682
15,2.0,0,CCA,0.675,80.83308753677899,0.7086661896442066,0.7037555606837105,0.0639244584854386
15,2.0,0,FBCCA,0.775,100.9055929989103,1.494947449374893,1.3651521354235938,0.1397266822615233
15,2.0,0,TDCA,0.975,150.63396323757408,2.083985724546687,2.107166911104313,0.5932765071462773
15,2.0,0,ImprovedTDCA,0.975,150.63396323757408,2.653590432785149,2.829426857086601,0.3613598205026638
15,2.0,0,TriBranchTDCA,0.975,150.63396323757408,2.875350626195135,3.056376243166837,0.4335707362106942
15,2.0,1,CCA,0.95,143.1378308048488,0.9784107073871219,0.9417580299323012,0.023534093403025924
15,2.0,1,FBCCA,0.95,143.1378308048488,1.8200853240526975,1.7740392214068497,0.086551751012939
15,2.0,1,TDCA,1.0,159.65784284522317,2.0432551396712073,2.1410202510802527,0.8298765990745713
15,2.0,1,ImprovedTDCA,1.0,159.65784284522317,3.0026932048487773,2.919927479379179,1.0320592941526008
15,2.0,1,TriBranchTDCA,1.0,159.65784284522317,2.760698698080628,2.822858863044889,0.757704470873664
15,2.0,2,CCA,0.775,100.9055929989103,0.9740313556554305,0.917551895659364,0.022836251319969136
15,2.0,2,FBCCA,0.875,123.53065122989955,1.5421543127294262,1.5985531367839805,0.005928192503427576
15,2.0,2,TDCA,1.0,159.65784284522317,2.0543973601590415,1.9066526910580588,0.25270459105508314
15,2.0,2,ImprovedTDCA,0.975,150.63396323757408,2.8154220979402127,2.871058969009848,0.1997134607233928
15,2.0,2,TriBranchTDCA,1.0,159.65784284522317,2.7371043358362392,2.66501250045749,0.1833910839192896
15,2.0,3,CCA,0.725,90.59682919216885,0.9046327774539293,0.7870870024894476,0.15150772136125168
15,2.0,3,FBCCA,0.9,129.7317683823557,1.2024890443165783,1.0997303740491233,0.014882103620539766
15,2.0,3,TDCA,1.0,159.65784284522317,2.095500163443922,2.1844730726169965,0.8725194597984804
15,2.0,3,ImprovedTDCA,1.0,159.65784284522317,2.7911491111820985,2.7644647075232895,1.1347333592270954
15,2.0,3,TriBranchTDCA,1.0,159.65784284522317,2.895046388697478,2.8985847947379586,1.451212709572809
15,2.0,4,CCA,0.85,117.57832372024875,0.7547764205616735,0.687745071425526,0.014369105640300806
15,2.0,4,FBCCA,0.875,123.53065122989955,1.5992595611060398,1.4610334097830808,0.05357170723812743
15,2.0,4,TDCA,1.0,159.65784284522317,2.215958744293647,2.2755504767282004,0.44779798461240095
15,2.0,4,ImprovedTDCA,1.0,159.65784284522317,3.0256672969822676,3.172413556441198,0.02102492438687875
15,2.0,4,TriBranchTDCA,0.975,150.63396323757408,3.0090653774160363,3.0301632248440953,0.06268373432605223
15,2.0,5,CCA,0.775,100.9055929989103,0.886784442560209,0.7779330831022608,0.03898417226110107
15,2.0,5,FBCCA,0.9,129.7317683823557,1.7589290971002292,1.566203254979694,0.21583183742033052
15,2.0,5,TDCA,0.975,150.63396323757408,2.1609393395494347,2.366327840485483,0.11394644542951671
15,2.0,5,ImprovedTDCA,0.95,143.1378308048488,3.056374828571833,3.078205243196152,0.3390779491836411
15,2.0,5,TriBranchTDCA,0.95,143.1378308048488,3.0708415335746486,3.424099204952701,0.1385556685479492
15,4.0,0,CCA,0.95,71.5689154024244,2.8689472048910476,2.990527193022527,0.2314230742384784
15,4.0,0,FBCCA,0.95,71.5689154024244,3.778907323656015,4.028582538957046,0.41954793551999314
15,4.0,0,TDCA,0.975,75.31698161878704,3.387332909741441,3.5488814991767463,0.8378583158519279
15,4.0,0,ImprovedTDCA,1.0,79.82892142261159,4.187296818710623,4.398103806412363,0.9483631171474229
15,4.0,0,TriBranchTDCA,1.0,79.82892142261159,4.013281969594873,4.149824981889876,0.5462057283488515
15,4.0,1,CCA,1.0,79.82892142261159,3.1372208524138285,3.285630668419584,0.6543296203525713
15,4.0,1,FBCCA,1.0,79.82892142261159,3.8742851374462743,4.066217625708758,0.6215072263361594
15,4.0,1,TDCA,1.0,79.82892142261159,3.3192691261625042,3.3355095320308497,1.3995219333889448
15,4.0,1,ImprovedTDCA,1.0,79.82892142261159,4.425088884007301,4.4373884801635395,2.2992927818078432
15,4.0,1,TriBranchTDCA,1.0,79.82892142261159,4.113110095406461,4.170749603081807,2.4076756396314893
15,4.0,2,CCA,1.0,79.82892142261159,3.038353691277582,3.1694459546217635,0.7465463395098184
15,4.0,2,FBCCA,1.0,79.82892142261159,3.8831773732115606,4.113991668000914,0.45017346060726204
15,4.0,2,TDCA,1.0,79.82892142261159,3.355701545317024,3.3258607586194495,2.2559480239766696
15,4.0,2,ImprovedTDCA,1.0,79.82892142261159,4.328309770078754,4.430493312641493,2.964011695213089
15,4.0,2,TriBranchTDCA,1.0,79.82892142261159,4.1112213046664525,4.17609987777949,2.840118539882421
15,4.0,3,CCA,1.0,79.82892142261159,2.8566767747671853,2.9856747700083917,0.17119686131728784
15,4.0,3,FBCCA,1.0,79.82892142261159,3.682813261734593,3.963145175976004,0.5191930112262186
15,4.0,3,TDCA,1.0,79.82892142261159,3.3116350461874235,3.3123271805558794,1.7050998037905063
15,4.0,3,ImprovedTDCA,1.0,79.82892142261159,4.124067731618578,4.148643855222218,1.8026866391284568
15,4.0,3,TriBranchTDCA,1.0,79.82892142261159,3.9557317644718912,4.053267870629762,1.85570849231764
15,4.0,4,CCA,1.0,79.82892142261159,3.0117505533448456,3.121086114365742,0.7428454425844717
15,4.0,4,FBCCA,1.0,79.82892142261159,3.7246241471009744,3.8684707315382316,0.5121439780142549
15,4.0,4,TDCA,0.975,75.31698161878704,3.359106841145632,3.4238519811530725,0.07696919799925261
15,4.0,4,ImprovedTDCA,1.0,79.82892142261159,4.23553943732094,4.28677205048889,2.5803294333445765
15,4.0,4,TriBranchTDCA,1.0,79.82892142261159,4.041555051747974,4.0662102779825045,1.409863055783982
15,4.0,5,CCA,1.0,79.82892142261159,2.9684217708875495,3.206866592089344,0.4214404619482903
15,4.0,5,FBCCA,1.0,79.82892142261159,3.7375560244576507,4.01717874617829,0.29034284429583446
15,4.0,5,TDCA,1.0,79.82892142261159,3.271643780395222,3.3668250933077584,1.3149428951952666
15,4.0,5,ImprovedTDCA,1.0,79.82892142261159,4.0798387204373885,4.249134338051361,1.0173493567192389
15,4.0,5,TriBranchTDCA,1.0,79.82892142261159,3.9340389838591903,3.9868576626185894,1.2093509012148163
16,0.3,0,CCA,0.025,0.0,0.06211471141574584,0.02639776788524173,0.0024415412029927808
16,0.3,0,FBCCA,0.05,2.8798059704541856,0.2312644219955567,0.16325799262641127,0.0014622876369458915
16,0.3,0,TDCA,0.525,362.6332323769969,0.5417669986898609,0.3937869201947256,0.012948220094270324
16,0.3,0,ImprovedTDCA,0.525,362.6332323769969,0.5370692050062628,0.4008307131154787,0.0020324257827764036
16,0.3,0,TriBranchTDCA,0.475,309.77921018837446,0.6333974406779626,0.44517371167247644,0.032103022989253605
16,0.3,1,CCA,0.0,7.30517519781877,0.051155013141551554,0.030838344360335057,0.00018725544514275327
16,0.3,1,FBCCA,0.05,2.8798059704541856,0.23601284056102928,0.21347278279210768,0.0065852448220857784
16,0.3,1,TDCA,0.625,477.0936519778108,0.5613764741839715,0.49612734334242414,0.002995938785443464
16,0.3,1,ImprovedTDCA,0.575,418.38477784954415,0.6266718329418813,0.5597025905557544,0.0036292272834224093
16,0.3,1,TriBranchTDCA,0.6,447.363322577559,0.5696353129550915,0.5733978479459129,0.011310946437886438
16,0.3,2,CCA,0.025,0.0,0.03523849366385422,0.021677176724478664,0.0005053764589806331
16,0.3,2,FBCCA,0.0,7.30517519781877,0.1717783756221441,0.14621828702060435,0.004363776594223712
16,0.3,2,TDCA,0.725,603.9788612811258,0.5443989049897073,0.47006510232666143,0.01765308882072314
16,0.3,2,ImprovedTDCA,0.725,603.9788612811258,0.5815864496872256,0.4510048595334588,0.000454231392758242
16,0.3,2,TriBranchTDCA,0.575,418.38477784954415,0.6280018308832056,0.49747882757248363,0.028624448379332756
16,0.3,3,CCA,0.0,7.30517519781877,0.04174282856228301,0.027726420572570132,0.0011880450256036568
16,0.3,3,FBCCA,0.05,2.8798059704541856,0.22704957828635441,0.2078360007347787,0.0007697669431285803
16,0.3,3,TDCA,0.625,477.0936519778108,0.5634007145326648,0.4134350919949721,0.009133505010252119
16,0.3,3,ImprovedTDCA,0.6,447.363322577559,0.5672003737534802,0.4822237686571351,0.00923036384039655
16,0.3,3,TriBranchTDCA,0.6,447.363322577559,0.521510852817293,0.39077611804232504,0.024401835829667817
16,0.3,4,CCA,0.1,19.21410086441142,0.04600190918218685,0.021164199861960387,0.0020836529693457617
16,0.3,4,FBCCA,0.025,0.0,0.18947561332528276,0.1929207710452292,0.002139890351238183
16,0.3,4,TDCA,0.425,259.8227112836768,0.36955999750681867,0.2534106292144178,0.011754857697936494
16,0.3,4,ImprovedTDCA,0.45,284.4364841050634,0.35113888235265456,0.22720661591461733,0.00990426887073359
16,0.3,4,TriBranchTDCA,0.25,109.31966125630856,0.41964061720692003,0.4013708112968495,0.009014215496530475
16,0.3,5,CCA,0.0,7.30517519781877,0.03776120420056243,0.016332918903412597,0.00034181082694706433
16,0.3,5,FBCCA,0.025,0.0,0.1487525179340122,0.12375016773310221,0.011298205003310136
16,0.3,5,TDCA,0.675,538.8872502451933,0.4443953542726053,0.3901457064940844,0.012901505692125781
16,0.3,5,ImprovedTDCA,0.75,637.8598831425336,0.4845682217190932,0.37187723265760875,0.008336530823561006
16,0.3,5,TriBranchTDCA,0.575,418.38477784954415,0.5448230883778606,0.4525832437029045,0.015484644897566957
16,0.5,0,CCA,0.025,0.0,0.08182118478837828,0.03816463246589408,0.0020883933971731494
16,0.5,0,FBCCA,0.075,5.834339797594232,0.2906297653224838,0.26501133285528833,0.008606386334167437
16,0.5,0,TDCA,0.725,362.3873167686754,0.7849183726849817,0.7564235513507649,0.03140948382430997
16,0.5,0,ImprovedTDCA,0.75,382.71592988552015,0.778118694822329,0.6281564784906993,0.00873538583602107
16,0.5,0,TriBranchTDCA,0.775,403.6223719956412,0.9446304814466353,0.7694088694897339,0.09400295542785697
16,0.5,1,CCA,0.05,1.7278835822725114,0.08496643544293353,0.05174064035782022,0.007302560650993106
16,0.5,1,FBCCA,0.075,5.834339797594232,0.265406918994591,0.21847822950305718,0.03375982868250582
16,0.5,1,TDCA,0.85,470.313294880995,0.8682963288711012,0.7843384756630607,0.006302534316994901
16,0.5,1,ImprovedTDCA,0.875,494.1226049195982,0.9609046643798914,0.9064207939136637,0.08388961265057304
16,0.5,1,TriBranchTDCA,0.9,518.9270735294228,0.9450337238141685,0.754077747875313,0.07290442511667594
16,0.5,2,CCA,0.025,0.0,0.06517924326287136,0.04957164928059099,0.0026717856761537817
16,0.5,2,FBCCA,0.05,1.7278835822725114,0.27132458344466004,0.21217292342414296,0.011098403765986253
16,0.5,2,TDCA,0.8,425.15034674730606,0.8012357223605561,0.6628064198810654,0.08117090178185249
16,0.5,2,ImprovedTDCA,0.825,447.3560245835894,0.8946183421094048,0.7216598602615394,0.11203488344567969
16,0.5,2,TriBranchTDCA,0.875,494.1226049195982,0.8628999907702519,0.7854443189931398,0.04994494737485056
16,0.5,3,CCA,0.025,0.0,0.05921878941263474,0.044216526325429495,0.005665190048713464
16,0.5,3,FBCCA,0.05,1.7278835822725114,0.2228895223769647,0.16746970475691803,0.0030040506312773996
16,0.5,3,TDCA,0.775,403.6223719956412,0.7211685534765587,0.5150217916896401,0.0020671000558301067
16,0.5,3,ImprovedTDCA,0.8,425.15034674730606,0.8144198721443084,0.5853317011478848,0.00594856363405416
16,0.5,3,TriBranchTDCA,0.625,286.25619118668646,0.805319896106426,0.6694655746003393,0.013759715284481278
16,0.5,4,CCA,0.075,5.834339797594232,0.060322001942082884,0.04358667793077953,0.0008358542336250885
16,0.5,4,FBCCA,0.05,1.7278835822725114,0.20052781508437553,0.17644997639578686,0.004839194362101562
16,0.5,4,TDCA,0.7,342.60198359975936,0.5915548942292144,0.5297346868510963,7.154584799740071e-05
16,0.5,4,ImprovedTDCA,0.725,362.3873167686754,0.5802383896752102,0.40911216683750495,0.00918663746993409
16,0.5,4,TriBranchTDCA,0.725,362.3873167686754,0.7076810296695026,0.5952437589552474,0.04413337248688398
16,0.5,5,CCA,0.025,0.0,0.053994155337010616,0.03506342956211217,0.002471185514987706
16,0.5,5,FBCCA,0.05,1.7278835822725114,0.220100329574434,0.1680132723433756,0.001256879140544509
16,0.5,5,TDCA,0.825,447.3560245835894,0.7751091481572899,0.5895299742836014,0.016071717470507396
16,0.5,5,ImprovedTDCA,0.825,447.3560245835894,0.8535045832576816,0.6704206946112609,0.09992657020993034
16,0.5,5,TriBranchTDCA,0.825,447.3560245835894,0.906634426740142,0.8708020675881285,0.026212183921300536
16,1.0,0,CCA,0.15,13.169754248283052,0.19209496912475393,0.11853600669732334,0.011809483338887983
16,1.0,0,FBCCA,0.375,63.84706231040955,0.5544253099589745,0.41882232280126597,0.010919264770771875
16,1.0,0,TDCA,0.925,272.47268306077183,1.635616821777313,1.6979718671035813,0.100846536260768
16,1.0,0,ImprovedTDCA,0.925,272.47268306077183,1.8869446373311216,1.8510617591632186,0.021930608221710557
16,1.0,0,TriBranchTDCA,0.975,301.26792647514816,1.9121691080912548,1.8506967146683373,0.12028906293986674
16,1.0,1,CCA,0.225,27.39291277536635,0.14007004888887725,0.07931779785150128,0.00024514761893046355
16,1.0,1,FBCCA,0.5,100.7536191273743,0.5995485350758931,0.4372233860519321,0.021381250929358275
16,1.0,1,TDCA,0.975,301.26792647514816,1.904124141256253,1.9675591581219534,0.26735234236510363
16,1.0,1,ImprovedTDCA,0.975,301.26792647514816,2.2987214158693723,2.366537023330369,0.19435615401945094
16,1.0,1,TriBranchTDCA,1.0,319.31568569044634,2.2329461129482366,2.4834893280951578,0.21330293141039602
16,1.0,2,CCA,0.075,2.917169898797116,0.12442380911648185,0.12360041150010614,0.0031131120598604234
16,1.0,2,FBCCA,0.3,44.451338547185806,0.37119702231268614,0.3156749032509433,0.0009960366121055664
16,1.0,2,TDCA,1.0,319.31568569044634,1.8427141454513563,1.8628757422790743,0.09196909910058926
16,1.0,2,ImprovedTDCA,1.0,319.31568569044634,1.9069401759952087,1.9696673631642319,0.04551869318903812
16,1.0,2,TriBranchTDCA,1.0,319.31568569044634,2.0078332247277073,2.00635976511859,0.18463810094712807
16,1.0,3,CCA,0.1,5.764230259323426,0.11130037445988213,0.1003644650750658,0.00041459381511987914
16,1.0,3,FBCCA,0.425,77.94681338510304,0.47253009470665813,0.353015844674583,0.002052476066515041
16,1.0,3,TDCA,0.975,301.26792647514816,1.9109157365782288,1.8711128512835764,0.4165410679490522
16,1.0,3,ImprovedTDCA,0.95,286.2756616096976,2.00582513870486,1.9659055309532185,0.02209723122644336
16,1.0,3,TriBranchTDCA,0.975,301.26792647514816,2.2201195541314442,2.3956523443639206,0.32161829175748413
16,1.0,4,CCA,0.075,2.917169898797116,0.11144734491303829,0.08326751662822285,0.001966361810829431
16,1.0,4,FBCCA,0.35,57.14091583508459,0.4212803741020295,0.3110718333048472,0.01282182276194277
16,1.0,4,TDCA,1.0,319.31568569044634,1.5371319485023855,1.591618184636829,0.2087167536874064
16,1.0,4,ImprovedTDCA,1.0,319.31568569044634,1.7789487936045234,1.8296466549250887,0.2224595663892921
16,1.0,4,TriBranchTDCA,1.0,319.31568569044634,1.7157567581437057,1.631568061563514,0.3707650581024122
16,1.0,5,CCA,0.125,9.218202610997963,0.1082255297994283,0.09919436919714064,0.0018435004422219237
16,1.0,5,FBCCA,0.475,92.93376305651233,0.45447469866390566,0.32308952947195246,0.023551945674427532
16,1.0,5,TDCA,1.0,319.31568569044634,1.7101725445197644,1.6470100429353562,0.7630137422234231
16,1.0,5,ImprovedTDCA,1.0,319.31568569044634,2.075013198746531,2.1385770398645993,0.35232566197906845
16,1.0,5,TriBranchTDCA,1.0,319.31568569044634,2.0583316719317253,2.0637725070371,0.06373447828480039
16,2.0,0,CCA,0.425,38.97340669255152,0.681698108873946,0.37211094554341284,0.025156877310970938
16,2.0,0,FBCCA,0.75,95.67898247138004,1.7210649588514364,1.7179586842291352,0.08915937709828547
16,2.0,0,TDCA,1.0,159.65784284522317,2.864836996247945,3.012766195902401,0.4764782460501942
16,2.0,0,ImprovedTDCA,1.0,159.65784284522317,3.4022809296288443,3.50747264343577,1.0429575138899292
16,2.0,0,TriBranchTDCA,1.0,159.65784284522317,3.3686427037506794,3.4668561881820947,1.4990067956145574
16,2.0,1,CCA,0.4,35.39208507346038,0.5543809243829423,0.33169034330985325,0.00020198476062249782
16,2.0,1,FBCCA,0.925,136.23634153038591,1.7559057448644495,1.4776532383682137,0.12932448670846197
16,2.0,1,TDCA,1.0,159.65784284522317,3.0396977367830287,3.17111680009936,0.44768070572884033
16,2.0,1,ImprovedTDCA,1.0,159.65784284522317,3.530749005561623,3.51873603160103,1.0875849644674442
16,2.0,1,TriBranchTDCA,1.0,159.65784284522317,3.514674057702126,3.62320122955213,1.2093252053983812
16,2.0,2,CCA,0.325,25.33636423872535,0.4058891900129993,0.25630849205714523,0.024397814820953823
16,2.0,2,FBCCA,0.65,76.13907788730256,1.1386599447892392,1.0018381858883263,0.007715376759081405
16,2.0,2,TDCA,1.0,159.65784284522317,3.1124645351902203,3.099041301884227,1.7342332043446902
16,2.0,2,ImprovedTDCA,1.0,159.65784284522317,3.1955183926206243,3.226033749645908,1.7314713955151908
16,2.0,2,TriBranchTDCA,1.0,159.65784284522317,3.4439782478853638,3.3950677046258626,2.413098500977066
16,2.0,3,CCA,0.275,19.2438992375285,0.44662776401662807,0.3465294910323118,0.0024239869902387134
16,2.0,3,FBCCA,0.75,95.67898247138004,1.2973086096995978,1.199506360043324,0.011862690511392326
16,2.0,3,TDCA,0.975,150.63396323757408,3.088212953609429,3.2391980764227855,0.8999631556893868
16,2.0,3,ImprovedTDCA,0.95,143.1378308048488,3.110005272232601,3.3654385017987756,0.09010623303922127
16,2.0,3,TriBranchTDCA,0.975,150.63396323757408,3.358882119123334,3.5958809227863333,0.7149944394716758
16,2.0,4,CCA,0.15,6.584877124141526,0.3040704041241122,0.23788544515825616,0.0010004135089038968
16,2.0,4,FBCCA,0.55,58.52167927234629,0.7879670229994197,0.44284556839377354,0.0050483259797897695
16,2.0,4,TDCA,1.0,159.65784284522317,2.6450866180396844,2.7430598911044086,1.0294286258032885
16,2.0,4,ImprovedTDCA,1.0,159.65784284522317,2.884125983942847,2.8278566373562937,0.08783710063094352
16,2.0,4,TriBranchTDCA,1.0,159.65784284522317,2.933298476560307,2.9430460069584417,0.12813712599038718
16,2.0,5,CCA,0.1,2.882115129661713,0.34457555577788224,0.20936413288591793,0.040528011824362054
16,2.0,5,FBCCA,0.7,85.65049589993984,1.1945600638904579,1.0761422981100424,0.06459529669700892
16,2.0,5,TDCA,1.0,159.65784284522317,2.8995332975691435,2.9787372069249978,1.6869103520133295
16,2.0,5,ImprovedTDCA,1.0,159.65784284522317,3.293219785190233,3.364630078414035,2.0244779904592143
16,2.0,5,TriBranchTDCA,1.0,159.65784284522317,3.3512430626292327,3.3364764208136215,1.7244997336190007
16,4.0,0,CCA,0.75,47.83949123569002,1.4215687588541939,1.1187618146137708,0.00898468574825717
16,4.0,0,FBCCA,1.0,79.82892142261159,3.2777613746231973,3.478071951874427,0.2687484352486136
16,4.0,0,TDCA,1.0,79.82892142261159,3.779139735388358,3.741782261654249,2.355372666121179
16,4.0,0,ImprovedTDCA,1.0,79.82892142261159,4.36644264661373,4.536083007255204,2.3725838278224005
16,4.0,0,TriBranchTDCA,1.0,79.82892142261159,4.235959220212044,4.1627181385227034,2.746015274202493
16,4.0,1,CCA,0.775,50.45279649945515,1.1395360137587525,0.9390574537160385,0.02414026184521534
16,4.0,1,FBCCA,1.0,79.82892142261159,3.3607743697014785,3.5383031457580643,1.0540855748791276
16,4.0,1,TDCA,1.0,79.82892142261159,3.9438987994408388,3.9942091961636796,2.455281299940039
16,4.0,1,ImprovedTDCA,1.0,79.82892142261159,4.405895483561671,4.554001207983092,2.710291802218811
16,4.0,1,TriBranchTDCA,1.0,79.82892142261159,4.302029515762743,4.317653048665186,2.855389377357393
16,4.0,2,CCA,0.525,27.197492428274764,1.0209792114376035,0.7032223590274409,0.04591766377869222
16,4.0,2,FBCCA,1.0,79.82892142261159,2.587977840541347,2.6302955631424187,0.016408617846861873
16,4.0,2,TDCA,1.0,79.82892142261159,3.903170902045531,3.968078168892303,2.6924552440387846
16,4.0,2,ImprovedTDCA,1.0,79.82892142261159,4.207170391712921,4.119546916839823,2.482974424171856
16,4.0,2,TriBranchTDCA,1.0,79.82892142261159,4.287382751627136,4.256972838193175,3.148951535736048
16,4.0,3,CCA,0.45,21.332736307879756,0.9189126911248234,0.6962538375174785,0.025407784899716734
16,4.0,3,FBCCA,0.975,75.31698161878704,2.988604593738228,3.136470925528102,0.138904732969797
16,4.0,3,TDCA,1.0,79.82892142261159,3.8408453412558243,3.958170294015847,1.6956377415787753
16,4.0,3,ImprovedTDCA,1.0,79.82892142261159,4.215374447061622,4.476098922414195,2.445382595231731
16,4.0,3,TriBranchTDCA,1.0,79.82892142261159,4.199293235140544,4.321255400867349,1.9534401663750915
16,4.0,4,CCA,0.325,12.668182119362674,0.6555457146610542,0.4682116920524786,0.03189910781701988
16,4.0,4,FBCCA,0.8,53.14379334341326,2.0124542872738806,2.068437409030661,0.1312999277825173
16,4.0,4,TDCA,1.0,79.82892142261159,3.522360050252118,3.6050366178484428,1.048329130383656
16,4.0,4,ImprovedTDCA,0.975,75.31698161878704,3.4173285772478508,3.41157421659112,0.12641116977577482
16,4.0,4,TriBranchTDCA,1.0,79.82892142261159,3.782251325464654,3.847999528005695,0.7783839428166224
16,4.0,5,CCA,0.125,2.304550652749491,0.842864735163074,0.6696757543449054,0.0486636025157452
16,4.0,5,FBCCA,0.975,75.31698161878704,2.6196312946316733,2.5425872459368355,0.34629767141058254
16,4.0,5,TDCA,1.0,79.82892142261159,3.778029476665419,3.851643253759805,2.585880917674843
16,4.0,5,ImprovedTDCA,1.0,79.82892142261159,3.9873228833591083,3.971062001260923,2.445985655119467
16,4.0,5,TriBranchTDCA,1.0,79.82892142261159,4.1583904041671325,4.095963123699702,2.999585287199333
17,0.3,0,CCA,0.0,7.30517519781877,0.05865520209537228,0.03510154330666804,0.00017433598395211192
17,0.3,0,FBCCA,0.025,0.0,0.25468061345696114,0.18372665823438716,0.006408476916512917
17,0.3,0,TDCA,0.55,390.1445284823086,0.481780668631307,0.3179163359574054,0.011170569275040787
17,0.3,0,ImprovedTDCA,0.525,362.6332323769969,0.4929968992505094,0.3844210559644292,0.02204041045004912
17,0.3,0,TriBranchTDCA,0.6,447.363322577559,0.5421707584974678,0.4783624969115172,0.005651221625055491
17,0.3,1,CCA,0.025,0.0,0.06297121342266383,0.039027310628067746,0.0008514722377683803
17,0.3,1,FBCCA,0.025,0.0,0.20959660648362707,0.143609343852393,0.0007059504538404759
17,0.3,1,TDCA,0.875,823.537674865997,0.5726318503920517,0.4018197336594068,0.01611783485643481
17,0.3,1,ImprovedTDCA,0.825,745.5933743059824,0.6115617621025388,0.41582828662945315,0.0013111393038975905
17,0.3,1,TriBranchTDCA,0.625,477.0936519778108,0.6570948806337863,0.4940160310535121,0.001965675097349129
17,0.3,2,CCA,0.0,7.30517519781877,0.10917203318082684,0.06059773804108448,0.004237517239519928
17,0.3,2,FBCCA,0.025,0.0,0.22009785021451816,0.17642726418582155,0.0005941009517480556
17,0.3,2,TDCA,0.8,708.5839112455101,0.6446545966286429,0.4771803258857876,0.004660864402656006
17,0.3,2,ImprovedTDCA,0.8,708.5839112455101,0.6938101938876818,0.4965574945965151,0.14914568948552231
17,0.3,2,TriBranchTDCA,0.725,603.9788612811258,0.7069803604645777,0.4660051616762033,0.050282996939669866
17,0.3,3,CCA,0.0,7.30517519781877,0.07213480985309266,0.03482630935198838,0.00046595381699821026
17,0.3,3,FBCCA,0.075,9.723899662657054,0.21545277108202798,0.19769112047039894,0.0005093772614861436
17,0.3,3,TDCA,0.9,864.8784558823714,0.6391434233571645,0.577496867066333,0.017469110960834255
17,0.3,3,ImprovedTDCA,0.85,783.855491468325,0.6947381932957808,0.6054947730233607,0.05337117356756926
17,0.3,3,TriBranchTDCA,0.7,571.003305999599,0.7482444460996724,0.6377610707607513,0.003724597450110334
17,0.3,4,CCA,0.075,9.723899662657054,0.1099112760197235,0.05597689965459496,0.003515448389541209
17,0.3,4,FBCCA,0.05,2.8798059704541856,0.18680700920219945,0.14170833328870558,0.003610621865775654
17,0.3,4,TDCA,0.75,637.8598831425336,0.6332953611731014,0.5831727276195862,0.017050109852791984
17,0.3,4,ImprovedTDCA,0.7,571.003305999599,0.6626560135609858,0.6420545385936289,0.024260856362484873
17,0.3,4,TriBranchTDCA,0.675,538.8872502451933,0.7647860851833759,0.6413548484161488,0.004613805335085708
17,0.3,5,CCA,0.0,7.30517519781877,0.11597079198795017,0.04173330048798185,0.001887242227699426
17,0.3,5,FBCCA,0.0,7.30517519781877,0.22696369179699633,0.15220784931167985,0.006197531095817332
17,0.3,5,TDCA,0.8,708.5839112455101,0.6987436841217967,0.6813349724943472,0.004243517424778798
17,0.3,5,ImprovedTDCA,0.825,745.5933743059824,0.7561914717004414,0.744910570573907,0.0438616575339319
17,0.3,5,TriBranchTDCA,0.775,672.7039533260687,0.7521121173982477,0.6843089562719882,0.042558159758241176
17,0.5,0,CCA,0.075,5.834339797594232,0.07662379356109203,0.052311291544244964,0.0032085524593237214
17,0.5,0,FBCCA,0.125,18.436405221995926,0.26116150694332907,0.17241131023932854,0.015219342943215919
17,0.5,0,TDCA,0.9,518.9270735294228,0.8270303207772567,0.7196094452799083,0.005442497061630247
17,0.5,0,ImprovedTDCA,0.95,572.5513232193952,0.8702141280836987,0.7313837747565786,0.04715858836388298
17,0.5,0,TriBranchTDCA,0.825,447.3560245835894,0.9785299980843647,0.9737025132524235,0.024959820731259352
17,0.5,1,CCA,0.15,26.339508496566104,0.08349991779793006,0.05750975140012515,0.002564598576502819
17,0.5,1,FBCCA,0.05,1.7278835822725114,0.20122152408695956,0.1574772777021295,0.0005403061982989232
17,0.5,1,TDCA,0.9,518.9270735294228,0.9564062945354321,0.8975566824471679,0.004560196636737679
17,0.5,1,ImprovedTDCA,0.95,572.5513232193952,1.067243512522969,1.0490271323344964,0.08387982861956433
17,0.5,1,TriBranchTDCA,0.9,518.9270735294228,1.1274339279684398,0.9887633988138254,0.05673275363055508
17,0.5,2,CCA,0.2,44.6013869892241,0.08792584433334935,0.048074169247003584,0.001895911487381552
17,0.5,2,FBCCA,0.15,26.339508496566104,0.32443999898456133,0.24278132716889478,0.00090127046612265
17,0.5,2,TDCA,0.925,544.9453661215437,1.1255397988456006,1.0748140235475367,0.22207628214929787
17,0.5,2,ImprovedTDCA,0.925,544.9453661215437,1.1742063883888778,1.1677321233010483,0.28557777854975575
17,0.5,2,TriBranchTDCA,0.85,470.313294880995,1.1056676486533508,1.0562260800018584,0.016031021805240186
17,0.5,3,CCA,0.1,11.528460518646853,0.0694074993134691,0.0531847414465586,0.002239210382118495
17,0.5,3,FBCCA,0.125,18.436405221995926,0.29440736039007975,0.22563852587886368,0.0013526076890364447
17,0.5,3,TDCA,0.975,602.5358529502963,1.0391354543634326,1.0640475516455745,0.10606864329948618
17,0.5,3,ImprovedTDCA,1.0,638.6313713808927,1.1575372981284402,1.1803579592554527,0.10882827062764533
17,0.5,3,TriBranchTDCA,0.925,544.9453661215437,1.220510259280696,1.1493813034857219,0.07318587526344666
17,0.5,4,CCA,0.075,5.834339797594232,0.13160557883897175,0.06437078054993739,0.002209331441759943
17,0.5,4,FBCCA,0.075,5.834339797594232,0.2595587729436275,0.20571203328470022,0.0032070063291933515
17,0.5,4,TDCA,0.95,572.5513232193952,0.9380674211662348,0.8389255915479301,0.023718822466158418
17,0.5,4,ImprovedTDCA,0.975,602.5358529502963,1.0762012378480696,0.9259899411841276,0.23698422041878153
17,0.5,4,TriBranchTDCA,0.9,518.9270735294228,1.1597053311598375,1.1194658685198347,0.06363305848917977
17,0.5,5,CCA,0.025,0.0,0.1127441432890485,0.05513320504209629,0.009124761215819843
17,0.5,5,FBCCA,0.125,18.436405221995926,0.305961405387054,0.2559704966122033,0.007158063575302798
17,0.5,5,TDCA,0.95,572.5513232193952,0.991292626123401,1.0918624639941767,0.06438157427110802
17,0.5,5,ImprovedTDCA,0.95,572.5513232193952,1.0317216156380828,1.1016014357246515,0.04027489199239609
17,0.5,5,TriBranchTDCA,0.9,518.9270735294228,1.1851143077149795,1.083879139722416,0.05245857871137627
17,1.0,0,CCA,0.325,50.6727284774507,0.18586255866621249,0.1455635726977551,0.009636140880183497
17,1.0,0,FBCCA,0.3,44.451338547185806,0.342631107243576,0.22366310199073536,0.008821410567649401
17,1.0,0,TDCA,0.975,301.26792647514816,1.8613043571558556,1.9341694269214416,0.08739199685705046
17,1.0,0,ImprovedTDCA,0.975,301.26792647514816,2.0559484556110275,2.1174139693120098,0.20163860484639295
17,1.0,0,TriBranchTDCA,0.95,286.2756616096976,2.04090654559621,2.09104936755457,0.02307589374322161
17,1.0,1,CCA,0.375,63.84706231040955,0.2056360734435902,0.204501474243303,0.005525061776037177
17,1.0,1,FBCCA,0.475,92.93376305651233,0.37606765832362843,0.27969100776215905,0.06094003718098495
17,1.0,1,TDCA,1.0,319.31568569044634,1.9570610107240953,1.923302878697028,0.4872501749955449
17,1.0,1,ImprovedTDCA,0.975,301.26792647514816,2.122098455333778,2.0751357885875175,0.6418756658049132
17,1.0,1,TriBranchTDCA,0.975,301.26792647514816,2.096695213587352,2.161669070551203,0.32086603386891843
17,1.0,2,CCA,0.475,92.93376305651233,0.2583672403428694,0.23736343712471797,0.002154105864139444
17,1.0,2,FBCCA,0.575,125.51543335486325,0.47137314199256436,0.3068741980535825,0.00041723315847708164
17,1.0,2,TDCA,1.0,319.31568569044634,2.221220661013563,2.3001076088984704,1.0213575990277297
17,1.0,2,ImprovedTDCA,1.0,319.31568569044634,2.481310328566279,2.604530065060458,0.6374771422331507
17,1.0,2,TriBranchTDCA,1.0,319.31568569044634,2.3770503153945,2.597883857783007,0.5586287468219151
17,1.0,3,CCA,0.375,63.84706231040955,0.16029372767203973,0.10801662679939172,0.0015559817867947245
17,1.0,3,FBCCA,0.4,70.78417014692076,0.4046312106240338,0.2973851578278668,0.001539659804150606
17,1.0,3,TDCA,1.0,319.31568569044634,2.0635448811359693,1.9857318685663126,0.7073036268984034
17,1.0,3,ImprovedTDCA,1.0,319.31568569044634,2.423370306703017,2.4785095777652613,1.1910346892390211
17,1.0,3,TriBranchTDCA,1.0,319.31568569044634,2.343194039478253,2.2300609308355934,0.8358584061784708
17,1.0,4,CCA,0.45,85.33094523151902,0.18663872878973534,0.15456393901392818,0.006372535023096759
17,1.0,4,FBCCA,0.45,85.33094523151902,0.40057189226492174,0.2683795387867983,0.02302726188344817
17,1.0,4,TDCA,1.0,319.31568569044634,1.9799949993978507,2.0193306381484173,0.5485668280359581
17,1.0,4,ImprovedTDCA,1.0,319.31568569044634,2.2890954392530416,2.2150371211169855,0.9892942239856237
17,1.0,4,TriBranchTDCA,1.0,319.31568569044634,2.262624334547362,2.1592581386995215,0.26477998804377467
17,1.0,5,CCA,0.3,44.451338547185806,0.14852005168305998,0.09599704077376137,0.0071934103143065364
17,1.0,5,FBCCA,0.35,57.14091583508459,0.3692024095151876,0.31032836887886617,0.008543262340761526
17,1.0,5,TDCA,0.975,301.26792647514816,1.9854958589796319,2.1285658454384913,0.17909867433113846
17,1.0,5,ImprovedTDCA,0.975,301.26792647514816,2.19141295049421,2.2709637962363214,0.10833098603299085
17,1.0,5,TriBranchTDCA,0.975,301.26792647514816,2.347500410206911,2.345464608186813,0.04961703815864871
17,2.0,0,CCA,0.775,100.9055929989103,0.7583324721096976,0.65351544307468,0.12813238407316785
17,2.0,0,FBCCA,0.775,100.9055929989103,1.155284428598874,1.0406107040214176,0.030381937764808242
17,2.0,0,TDCA,0.975,150.63396323757408,2.8475704754075606,2.8441746046886855,0.0985662301817325
17,2.0,0,ImprovedTDCA,0.975,150.63396323757408,3.012205194273053,3.0124316763473544,0.2983674679110857
17,2.0,0,TriBranchTDCA,0.975,150.63396323757408,3.3742432472755866,3.4807957843872197,0.6251179059440404
17,2.0,1,CCA,0.75,95.67898247138004,0.8051083937772603,0.8292034901192362,0.022631474907461868
17,2.0,1,FBCCA,0.875,123.53065122989955,1.4926710926539113,1.4587111645101662,0.06904332916319578
17,2.0,1,TDCA,1.0,159.65784284522317,2.9816822741349682,3.110015227494594,0.6139981889393069
17,2.0,1,ImprovedTDCA,1.0,159.65784284522317,3.3909101706222273,3.616276304539939,0.924328082163357
17,2.0,1,TriBranchTDCA,1.0,159.65784284522317,3.575504527410999,3.660543605106598,1.1008338406199534
17,2.0,2,CCA,0.85,117.57832372024875,0.9935428495061365,0.9740581413927749,0.05915655404330877
17,2.0,2,FBCCA,0.85,117.57832372024875,1.708152519954205,1.7100325339445708,0.08521739588645083
17,2.0,2,TDCA,1.0,159.65784284522317,3.0139083115876764,3.094575893383986,1.3501603458567262
17,2.0,2,ImprovedTDCA,1.0,159.65784284522317,3.6567413306920784,3.9105309605526144,0.04917743639186467
17,2.0,2,TriBranchTDCA,1.0,159.65784284522317,3.5264882718666923,3.563256127862709,1.6897778296887185
17,2.0,3,CCA,0.875,123.53065122989955,0.8473928443301663,0.6892659524288951,0.09538003049188548
17,2.0,3,FBCCA,0.825,111.83900614589734,1.5852778469554683,1.4292808494748186,0.013462234575554621
17,2.0,3,TDCA,1.0,159.65784284522317,3.0945564518117306,3.203588411986526,0.9139039307020083
17,2.0,3,ImprovedTDCA,1.0,159.65784284522317,3.541404626948838,3.7004298547051615,1.3707414233468833
17,2.0,3,TriBranchTDCA,1.0,159.65784284522317,3.6199764861656343,3.6927939868401523,1.0097422399442881
17,2.0,4,CCA,0.9,129.7317683823557,1.0583229464925676,1.0697423289661898,0.0033557292686656748
17,2.0,4,FBCCA,0.9,129.7317683823557,1.637151645886151,1.6195929079741331,0.21240762056166895
17,2.0,4,TDCA,0.975,150.63396323757408,2.8830946189023736,3.0500723661202365,0.027840514577189168
17,2.0,4,ImprovedTDCA,0.975,150.63396323757408,3.559292775230838,3.5808515978847235,0.021072573256252003
17,2.0,4,TriBranchTDCA,1.0,159.65784284522317,3.423292535019903,3.502406309204848,0.09630196122680967
17,2.0,5,CCA,0.825,111.83900614589734,0.737102667219576,0.6183855760245722,0.0028390228151646824
17,2.0,5,FBCCA,0.875,123.53065122989955,1.2212413833729965,1.2777589438947212,0.007901226067816403
17,2.0,5,TDCA,1.0,159.65784284522317,2.9164282824088783,2.911605518805676,1.3752945527816216
17,2.0,5,ImprovedTDCA,1.0,159.65784284522317,3.431688428751779,3.4520885881083974,1.6091645917467852
17,2.0,5,TriBranchTDCA,1.0,159.65784284522317,3.5488517940556585,3.5857168495896827,1.8746680369606858
17,4.0,0,CCA,0.95,71.5689154024244,2.7066519606173047,2.8408285199573315,0.18338234139045406
17,4.0,0,FBCCA,1.0,79.82892142261159,3.155199157389288,3.347334586876892,1.3213253202489468
17,4.0,0,TDCA,1.0,79.82892142261159,4.074015744007025,4.1234767981487135,2.2156509726270275
17,4.0,0,ImprovedTDCA,1.0,79.82892142261159,4.30494280774338,4.3741597201349585,2.1501457526298493
17,4.0,0,TriBranchTDCA,1.0,79.82892142261159,4.390604017254953,4.521622220283861,2.6477705181547675
17,4.0,1,CCA,0.975,75.31698161878704,2.828669190756199,3.331580074067384,0.31181636811590785
17,4.0,1,FBCCA,1.0,79.82892142261159,3.6886487153637524,3.9270827204187353,1.244813740428798
17,4.0,1,TDCA,1.0,79.82892142261159,4.133050748039532,4.129110323459256,3.1291595375095
17,4.0,1,ImprovedTDCA,1.0,79.82892142261159,4.5606887246988155,4.70809671117308,2.709454059950358
17,4.0,1,TriBranchTDCA,1.0,79.82892142261159,4.42153142920392,4.453215493805414,2.937918264260192
17,4.0,2,CCA,0.975,75.31698161878704,2.912945775446488,3.245252866072324,0.2119616758722378
17,4.0,2,FBCCA,1.0,79.82892142261159,4.040719939645913,4.312152230752288,1.6170334642574224
17,4.0,2,TDCA,1.0,79.82892142261159,4.295775356452428,4.3247380485239955,2.956551152592566
17,4.0,2,ImprovedTDCA,1.0,79.82892142261159,4.741396627966492,4.822754167399214,3.2710732926030044
17,4.0,2,TriBranchTDCA,1.0,79.82892142261159,4.624708407007999,4.733343746123371,3.6302149678692484
17,4.0,3,CCA,0.975,75.31698161878704,2.82143861580093,3.063222392869955,0.15231987881257902
17,4.0,3,FBCCA,1.0,79.82892142261159,3.8513445367375887,3.9232657202835783,1.4348194512818901
17,4.0,3,TDCA,1.0,79.82892142261159,4.190975053708727,4.212228479889253,3.3527055447398855
17,4.0,3,ImprovedTDCA,1.0,79.82892142261159,4.566591850990416,4.638345482939342,3.4454464185681584
17,4.0,3,TriBranchTDCA,1.0,79.82892142261159,4.421828387580073,4.448710763854512,3.2965072413532233
17,4.0,4,CCA,0.975,75.31698161878704,3.1351406584723245,3.368197027176049,0.5931258093454406
17,4.0,4,FBCCA,1.0,79.82892142261159,3.8430849216491607,3.9281790478104788,0.4917874681680483
17,4.0,4,TDCA,0.975,75.31698161878704,4.108838477959328,4.2236559367743425,0.01239593048442389
17,4.0,4,ImprovedTDCA,0.975,75.31698161878704,4.57652330550143,4.784947882229488,0.2041376004524773
17,4.0,4,TriBranchTDCA,0.975,75.31698161878704,4.434816853809196,4.543672670672131,0.3185179428827425
17,4.0,5,CCA,1.0,79.82892142261159,2.640725248889627,3.0122228629379317,0.028914044653343574
17,4.0,5,FBCCA,0.975,75.31698161878704,3.406311267778873,3.5280955855450316,0.08624344565334674
17,4.0,5,TDCA,1.0,79.82892142261159,4.129617276248334,4.225348517648152,2.694055156148728
17,4.0,5,ImprovedTDCA,1.0,79.82892142261159,4.4489914332608,4.583395891979448,2.1871227579081935
17,4.0,5,TriBranchTDCA,1.0,79.82892142261159,4.402377987539197,4.522701790084698,3.112829435506944
18,0.3,0,CCA,0.075,9.723899662657054,0.03879620748474321,0.021611786313556203,0.0005712372228161566
18,0.3,0,FBCCA,0.1,19.21410086441142,0.1854490536713452,0.14556222865645796,0.012431117928655588
18,0.3,0,TDCA,0.75,637.8598831425336,0.5312043463676366,0.42494664148154393,0.02620772463722254
18,0.3,0,ImprovedTDCA,0.8,708.5839112455101,0.5894006407662771,0.5318172536633599,0.002128393855548527
18,0.3,0,TriBranchTDCA,0.775,672.7039533260687,0.7669981983991576,0.6398015506508717,0.0155333772883548
18,0.3,1,CCA,0.05,2.8798059704541856,0.08807450605367804,0.03866322722523674,0.00036224095330039674
18,0.3,1,FBCCA,0.125,30.727342036659877,0.2611260216159228,0.22885851601138174,0.029804777415492367
18,0.3,1,TDCA,0.775,672.7039533260687,0.6817315744911753,0.5985494287413397,0.03651420383988091
18,0.3,1,ImprovedTDCA,0.8,708.5839112455101,0.7909903213485245,0.7214968306237302,0.007334235618794871
18,0.3,1,TriBranchTDCA,0.825,745.5933743059824,0.8975249211622007,0.7316934417057989,0.02442070324563228
18,0.3,2,CCA,0.075,9.723899662657054,0.07302548063168827,0.04001786152377962,0.001336747784206116
18,0.3,2,FBCCA,0.075,9.723899662657054,0.2484361640765625,0.12494982324165815,0.012439470266689678
18,0.3,2,TDCA,0.7,571.003305999599,0.5202194859218706,0.3937094732161259,0.03100321247043003
18,0.3,2,ImprovedTDCA,0.7,571.003305999599,0.5466445144281555,0.38011533904492467,0.0057016669990224145
18,0.3,2,TriBranchTDCA,0.725,603.9788612811258,0.7085485438329288,0.7122017772435383,0.02187190545214568
18,0.3,3,CCA,0.025,0.0,0.044211438394795244,0.026402411322497654,0.00043985607238461455
18,0.3,3,FBCCA,0.025,0.0,0.21998622888803535,0.19498586003396146,0.00016608833128106681
18,0.3,3,TDCA,0.85,783.855491468325,0.7588784121542032,0.7098327005153655,0.16941058631780725
18,0.3,3,ImprovedTDCA,0.9,864.8784558823714,0.9106776810934635,0.87601129360389,0.07747476640484074
18,0.3,3,TriBranchTDCA,0.875,823.537674865997,0.9599420018872052,1.0038519639335055,0.0006507703376383844
18,0.3,4,CCA,0.05,2.8798059704541856,0.061113997840488855,0.026063934656657017,8.670700462154457e-05
18,0.3,4,FBCCA,0.1,19.21410086441142,0.16373036875813293,0.13678944269939752,0.003619485127049238
18,0.3,4,TDCA,0.75,637.8598831425336,0.5955951626303954,0.5402761425185691,0.03139566072910904
18,0.3,4,ImprovedTDCA,0.85,783.855491468325,0.7009077450306621,0.545383786084308,0.08281485804896116
18,0.3,4,TriBranchTDCA,0.775,672.7039533260687,0.8554956659027155,0.73958927908738,0.0028394085869161145
18,0.3,5,CCA,0.05,2.8798059704541856,0.11586998437041358,0.033763599567435576,0.00014934805110211613
18,0.3,5,FBCCA,0.05,2.8798059704541856,0.22293415953938583,0.18123479516250918,0.004860677566525862
18,0.3,5,TDCA,0.65,507.5938525820171,0.5056010498819113,0.40174600531997673,0.000666637092783251
18,0.3,5,ImprovedTDCA,0.675,538.8872502451933,0.6582682035623537,0.6082985522027303,0.008933594368567555
18,0.3,5,TriBranchTDCA,0.675,538.8872502451933,0.7037934252834548,0.6217259454763979,0.022691689319616515
18,0.5,0,CCA,0.175,35.09465151233407,0.07457615394764572,0.04681248534287741,0.0007735919626998822
18,0.5,0,FBCCA,0.35,114.28183167016918,0.23618156148228858,0.1466251089654853,0.0026729336377042667
18,0.5,0,TDCA,0.825,447.3560245835894,0.8248031569310449,0.6937732810207513,0.04272398827611079
18,0.5,0,ImprovedTDCA,0.825,447.3560245835894,1.018049618592121,0.9611482247281742,0.01035189816549087
18,0.5,0,TriBranchTDCA,0.825,447.3560245835894,1.0799451010785588,0.9131714737467818,0.02970353845685736
18,0.5,1,CCA,0.125,18.436405221995926,0.061983693539225004,0.03585039791401545,0.0016889375066120316
18,0.5,1,FBCCA,0.175,35.09465151233407,0.22384226343215471,0.159149828252921,0.029855901197912704
18,0.5,1,TDCA,0.85,470.313294880995,0.7938996269315804,0.7459041706550202,0.016790055905779644
18,0.5,1,ImprovedTDCA,0.8,425.15034674730606,0.9904127399498919,0.9106630328624327,0.025233549261459487
18,0.5,1,TriBranchTDCA,0.85,470.313294880995,1.2307643244364421,1.242796081935349,0.007999593747629596
18,0.5,2,CCA,0.175,35.09465151233407,0.08796260208720641,0.06251346406527758,5.1006150039167863e-05
18,0.5,2,FBCCA,0.3,88.90267709437161,0.28675639389251734,0.2774930183088865,0.005814129652147226
18,0.5,2,TDCA,0.9,518.9270735294228,0.7874958625473759,0.6735351816367889,0.07273210813057407
18,0.5,2,ImprovedTDCA,0.9,518.9270735294228,0.9018656218506944,0.8260750037356996,0.05868953107527641
18,0.5,2,TriBranchTDCA,0.825,447.3560245835894,0.8999702963302847,0.8382948564763676,0.002680451275647755
18,0.5,3,CCA,0.275,76.975596950114,0.09340101548222447,0.059035133393627315,0.0016034199229175705
18,0.5,3,FBCCA,0.175,35.09465151233407,0.33768566240075826,0.3130420676167144,0.016500294831848894
18,0.5,3,TDCA,0.9,518.9270735294228,0.9864775942639838,0.8827095005320373,0.1155428626569106
18,0.5,3,ImprovedTDCA,0.925,544.9453661215437,1.0675763701293943,0.9664806913669965,0.01957784693835496
18,0.5,3,TriBranchTDCA,0.975,602.5358529502963,1.195344001338723,1.3288977570751557,0.008220499995860164
18,0.5,4,CCA,0.175,35.09465151233407,0.09307134893250943,0.03797604670748678,0.003548807905917606
18,0.5,4,FBCCA,0.35,114.28183167016918,0.31364116524931007,0.3251241660603701,0.0025685589493957828
18,0.5,4,TDCA,0.875,494.1226049195982,0.8397174847200745,0.6553220252008407,0.033530495760580425
18,0.5,4,ImprovedTDCA,0.875,494.1226049195982,1.113960891873646,1.0505306552867397,0.008874363595848145
18,0.5,4,TriBranchTDCA,0.9,518.9270735294228,1.1112561625514086,1.0619469128454786,0.01260414903077356
18,0.5,5,CCA,0.175,35.09465151233407,0.10064619660905519,0.06086117065071239,0.001992876674449695
18,0.5,5,FBCCA,0.35,114.28183167016918,0.2792372176147863,0.21564274847765197,0.006516856614861455
18,0.5,5,TDCA,0.875,494.1226049195982,0.8289709377171629,0.6956777774349066,0.00266380489112783
18,0.5,5,ImprovedTDCA,0.9,518.9270735294228,1.246752105240514,1.1500421386544244,0.002567519281265529
18,0.5,5,TriBranchTDCA,0.8,425.15034674730606,0.9764560313111735,0.890903847759496,0.03679652851927573
18,1.0,0,CCA,0.425,77.94681338510304,0.22647624884423934,0.17361909921785212,0.01689626139685485
18,1.0,0,FBCCA,0.775,201.8111859978206,0.6871404563486533,0.6555435972825796,0.03320151263810134
18,1.0,0,TDCA,0.95,286.2756616096976,1.8197166073575182,1.9583705330277374,0.1419863743812
18,1.0,0,ImprovedTDCA,0.95,286.2756616096976,2.450118969236853,2.6403341369661675,0.1104462462760134
18,1.0,0,TriBranchTDCA,0.95,286.2756616096976,2.506823725936453,2.8056690254995127,0.28651189731556137
18,1.0,1,CCA,0.325,50.6727284774507,0.1463765137587798,0.1298873453867191,0.017203693670746478
18,1.0,1,FBCCA,0.625,143.12809559334323,0.4720188323020425,0.3458351117136611,0.005214277154771185
18,1.0,1,TDCA,0.925,272.47268306077183,1.7902874759823892,1.8270707322616038,0.2382429120697802
18,1.0,1,ImprovedTDCA,0.925,272.47268306077183,2.3083792752262737,2.544431728642457,0.015861040078559707
18,1.0,1,TriBranchTDCA,0.95,286.2756616096976,2.3187019859548377,2.3645122026774494,0.09572399948816379
18,1.0,2,CCA,0.4,70.78417014692076,0.17495761963846715,0.13912088132814504,0.0026983956836650336
18,1.0,2,FBCCA,0.625,143.12809559334323,0.49895071352485443,0.4050398941849651,0.014540082106833996
18,1.0,2,TDCA,0.875,247.0613024597991,1.4513724540868203,1.5015395377009777,0.009390215304507343
18,1.0,2,ImprovedTDCA,0.925,272.47268306077183,1.8999900766304598,1.7599818738165243,0.39611757787601887
18,1.0,2,TriBranchTDCA,0.95,286.2756616096976,1.9809050112564237,2.336803057500303,0.045307234857721035
18,1.0,3,CCA,0.375,63.84706231040955,0.20636475554616646,0.15571337414187403,0.003695106577403795
18,1.0,3,FBCCA,0.75,191.35796494276008,0.6988515182785072,0.5676466466077319,0.00650637620306016
18,1.0,3,TDCA,0.975,301.26792647514816,1.9973077593229214,2.3921583547551153,0.1310764443656196
18,1.0,3,ImprovedTDCA,0.95,286.2756616096976,2.5580978023633327,2.9117184514884404,0.009007060990567695
18,1.0,3,TriBranchTDCA,1.0,319.31568569044634,2.597608978715672,2.9474413267556914,0.045170177802674516
18,1.0,4,CCA,0.325,50.6727284774507,0.17315392609793542,0.12532957108816545,0.0063439283572450655
18,1.0,4,FBCCA,0.55,117.04335854469258,0.5420331273638469,0.48770046724340976,0.009324538697629059
18,1.0,4,TDCA,0.95,286.2756616096976,1.415269452761264,1.4621664549226236,0.017261289800719393
18,1.0,4,ImprovedTDCA,0.95,286.2756616096976,2.0035587712519134,2.002456635202403,0.2807131434790744
18,1.0,4,TriBranchTDCA,0.925,272.47268306077183,2.0115555306420303,2.12084906174549,0.05091944517474456
18,1.0,5,CCA,0.7,171.30099179987968,0.21215105294516032,0.22133731652058253,0.0010800081664736894
18,1.0,5,FBCCA,0.75,191.35796494276008,0.8026455935283779,0.8208403999632259,0.0032983662749943576
18,1.0,5,TDCA,0.95,286.2756616096976,1.9991181714767734,2.2177978703246244,0.007650290054634912
18,1.0,5,ImprovedTDCA,0.975,301.26792647514816,2.8630177336216067,3.1138317047221302,0.027469843288967066
18,1.0,5,TriBranchTDCA,0.975,301.26792647514816,2.6728177259062362,2.8992421671187087,0.13467658971353647
18,2.0,0,CCA,0.575,62.757716677431624,0.6012887170418273,0.3233893867944664,0.016695188088665436
18,2.0,0,FBCCA,0.825,111.83900614589734,1.828978543782491,1.963822306435059,0.009770164971957707
18,2.0,0,TDCA,0.95,143.1378308048488,2.493968036909954,2.8340714203906883,0.16078980907489226
18,2.0,0,ImprovedTDCA,0.975,150.63396323757408,3.1144766026248907,3.629746063501068,0.03754921767637276
18,2.0,0,TriBranchTDCA,0.975,150.63396323757408,3.0431670366571746,3.565340684384033,0.1817085546909709
18,2.0,1,CCA,0.475,46.46688152825617,0.5368444943911683,0.41326161168370856,0.001674226887573127
18,2.0,1,FBCCA,0.675,80.83308753677899,1.511766036908169,1.539634223851162,0.15393351382362752
18,2.0,1,TDCA,0.925,136.23634153038591,2.3533185750729144,2.6703604956711215,0.2122134714015811
18,2.0,1,ImprovedTDCA,0.9,129.7317683823557,2.9226677386419015,3.3552369523412136,0.052389938526662405
18,2.0,1,TriBranchTDCA,0.925,136.23634153038591,2.898554690976441,3.4199524847233223,0.575714711928859
18,2.0,2,CCA,0.6,67.10449838663385,0.664291916266402,0.5774602932357296,0.05523721937012227
18,2.0,2,FBCCA,0.725,90.59682919216885,1.598418398103782,1.6725857340108914,0.028152851604093865
18,2.0,2,TDCA,0.925,136.23634153038591,2.1531003240185504,2.512821753670366,0.020148437545205677
18,2.0,2,ImprovedTDCA,0.925,136.23634153038591,2.8259761832590584,3.2088324658724576,0.09830054692362644
18,2.0,2,TriBranchTDCA,0.95,143.1378308048488,2.807281053892109,3.161589987028287,0.07006537650252787
18,2.0,3,CCA,0.6,67.10449838663385,0.5572926385218638,0.4158156803594688,0.00212336373747668
18,2.0,3,FBCCA,0.775,100.9055929989103,1.7215592409068599,1.9712715013706292,0.03428031163668788
18,2.0,3,TDCA,1.0,159.65784284522317,2.60428183030067,2.6162661568516503,0.2588782122920388
18,2.0,3,ImprovedTDCA,1.0,159.65784284522317,3.2635299547194685,3.5729573100857865,0.5923110494028818
18,2.0,3,TriBranchTDCA,1.0,159.65784284522317,3.2286685083891795,3.4734508542833025,0.9958566891743694
18,2.0,4,CCA,0.35,28.570457917542296,0.5390251403006381,0.45603841279640167,0.012161002681358557
18,2.0,4,FBCCA,0.675,80.83308753677899,1.2554371262754003,0.8508713847814768,0.009524015309374079
18,2.0,4,TDCA,0.925,136.23634153038591,2.067117505286987,2.230872812505609,0.07373056729564542
18,2.0,4,ImprovedTDCA,0.9,129.7317683823557,2.5649084172098937,2.8414225424939428,0.1557451409470012
18,2.0,4,TriBranchTDCA,0.925,136.23634153038591,2.609180032912146,2.784948668235279,0.03140829092945863
18,2.0,5,CCA,0.9,129.7317683823557,0.9489578958691958,0.9366229012289002,0.0577385930799843
18,2.0,5,FBCCA,0.925,136.23634153038591,2.1834456590139113,2.3194519271656127,0.13950226053412695
18,2.0,5,TDCA,1.0,159.65784284522317,2.9848526052422457,3.143641191342639,1.0625943762126941
18,2.0,5,ImprovedTDCA,1.0,159.65784284522317,3.8677734381086863,4.12592891723834,1.1796332543088959
18,2.0,5,TriBranchTDCA,1.0,159.65784284522317,3.480710684651389,3.8399299523551376,0.4920275717392375
18,4.0,0,CCA,0.85,58.78916186012437,2.04701840362545,2.132092467062561,0.025177361011252675
18,4.0,0,FBCCA,0.95,71.5689154024244,3.2371704021437937,3.6668304566658616,0.19976758116212645
18,4.0,0,TDCA,1.0,79.82892142261159,3.3190250309565075,3.476441769271074,0.5297641813803406
18,4.0,0,ImprovedTDCA,1.0,79.82892142261159,3.6277430769704893,3.788153067793669,0.4496814120687622
18,4.0,0,TriBranchTDCA,1.0,79.82892142261159,3.793941610246808,4.079320116677945,0.46373077304747357
18,4.0,1,CCA,0.7,42.82524794996992,1.2817041181927933,0.9861451206881242,0.01407363624004443
18,4.0,1,FBCCA,0.875,61.765325614949774,2.8204671230918796,3.487170976220816,0.20409637473260744
18,4.0,1,TDCA,0.975,75.31698161878704,3.249667715518247,3.2823267181317015,0.1205774591435036
18,4.0,1,ImprovedTDCA,0.95,71.5689154024244,3.591090137740296,3.7468600118449187,0.28786764611161164
18,4.0,1,TriBranchTDCA,0.95,71.5689154024244,3.7300152730140383,3.97700154075034,0.7833279313579675
18,4.0,2,CCA,0.775,50.45279649945515,2.1595121083004805,2.3136448050241647,0.008667281422113149
18,4.0,2,FBCCA,0.925,68.11817076519296,3.5119812454835566,3.763135081456104,0.011609358657289626
18,4.0,2,TDCA,0.975,75.31698161878704,3.2314642116876646,3.5355262663738936,0.015828253643018986
18,4.0,2,ImprovedTDCA,0.975,75.31698161878704,3.6124576983274275,3.914099734160261,0.1425380392406148
18,4.0,2,TriBranchTDCA,0.975,75.31698161878704,3.649988632051003,3.9451579925577533,0.40284272049795233
18,4.0,3,CCA,0.775,50.45279649945515,1.777528896370164,1.4094146699258499,0.09885565063619417
18,4.0,3,FBCCA,0.95,71.5689154024244,3.434730108636162,3.6801167141319784,0.09054069122792807
18,4.0,3,TDCA,1.0,79.82892142261159,3.6661990788137713,3.80265705581875,1.564068317366735
18,4.0,3,ImprovedTDCA,1.0,79.82892142261159,4.122542697784074,4.385413274922374,1.2008354804148116
18,4.0,3,TriBranchTDCA,1.0,79.82892142261159,4.104800514249857,4.257624204251013,1.8108233280838597
18,4.0,4,CCA,0.575,31.378858338715812,1.151692581671312,1.2180072058525946,0.014097293353262152
18,4.0,4,FBCCA,0.8,53.14379334341326,2.7462227732110462,3.0358488590382224,0.046843903289158995
18,4.0,4,TDCA,0.875,61.765325614949774,2.963150974758904,3.1430295680258054,0.39980619286041086
18,4.0,4,ImprovedTDCA,0.875,61.765325614949774,3.296069339256262,3.4237332008266304,0.020006997369323543
18,4.0,4,TriBranchTDCA,0.875,61.765325614949774,3.27068323710112,3.613607913460246,0.006056231285484159
18,4.0,5,CCA,0.975,75.31698161878704,2.8116266154353045,3.1653011619740967,0.05628386231891769
18,4.0,5,FBCCA,0.975,75.31698161878704,3.7356664249452507,4.122791697957015,0.4668470035940504
18,4.0,5,TDCA,1.0,79.82892142261159,3.8816325516239303,4.151112877744046,0.751751387922512
18,4.0,5,ImprovedTDCA,1.0,79.82892142261159,4.163559130506413,4.351701527590391,0.9420221197792211
18,4.0,5,TriBranchTDCA,1.0,79.82892142261159,4.174162369497402,4.245329083010441,0.7575361409718204
19,0.3,0,CCA,0.05,2.8798059704541856,0.17053787835871564,0.12809354043203136,0.0010960852148955702
19,0.3,0,FBCCA,0.05,2.8798059704541856,0.28126578790302886,0.1759460490052397,0.006728315937150509
19,0.3,0,TDCA,0.125,30.727342036659877,0.33753681982540923,0.3160867576452273,0.029871356946621574
19,0.3,0,ImprovedTDCA,0.125,30.727342036659877,0.28617695498714324,0.21218149789074425,0.0005225474135577279
19,0.3,0,TriBranchTDCA,0.175,58.49108585389011,0.36067628407156815,0.26270452221543206,0.021262064258122493
19,0.3,1,CCA,0.0,7.30517519781877,0.13142452992517642,0.08835304657678911,0.004206185949729768
19,0.3,1,FBCCA,0.0,7.30517519781877,0.2454175692640937,0.185811430798,0.006186563829305491
19,0.3,1,TDCA,0.15,43.899180827610174,0.38187832228843577,0.24068997385386026,0.013841143185049143
19,0.3,1,ImprovedTDCA,0.125,30.727342036659877,0.38502247882070495,0.3021360626933035,0.019974835079138886
19,0.3,1,TriBranchTDCA,0.1,19.21410086441142,0.3583122752241568,0.31367421852380617,0.006452459975125002
19,0.3,2,CCA,0.025,0.0,0.13259448995042547,0.09937482258948804,0.003531130673711802
19,0.3,2,FBCCA,0.05,2.8798059704541856,0.23701232476974302,0.18570093690406053,0.011778522931313873
19,0.3,2,TDCA,0.125,30.727342036659877,0.3447563912049364,0.30660119579784395,0.03535810765969494
19,0.3,2,ImprovedTDCA,0.175,58.49108585389011,0.38680908976791023,0.2933491029519958,0.030591157849121142
19,0.3,2,TriBranchTDCA,0.15,43.899180827610174,0.39361466876490925,0.3077744508465631,0.007831129658433245
19,0.3,3,CCA,0.0,7.30517519781877,0.1321263434322778,0.06442078307023491,0.00012908401311140238
19,0.3,3,FBCCA,0.05,2.8798059704541856,0.2549241346608061,0.20305262014634384,0.0033350957329789654
19,0.3,3,TDCA,0.1,19.21410086441142,0.33863260554567853,0.22008625973364215,0.007310479968948513
19,0.3,3,ImprovedTDCA,0.15,43.899180827610174,0.40692349969134833,0.30940675264915807,0.04164149890809421
19,0.3,3,TriBranchTDCA,0.1,19.21410086441142,0.3732443602511534,0.2751226321385183,0.0016853253155195702
19,0.3,4,CCA,0.025,0.0,0.1296255723787105,0.0908298084988034,0.003429077595461516
19,0.3,4,FBCCA,0.05,2.8798059704541856,0.21396143133488285,0.1831024633640589,0.01930104577509484
19,0.3,4,TDCA,0.125,30.727342036659877,0.3919027776508647,0.2926010798683534,0.006150846530038612
19,0.3,4,ImprovedTDCA,0.1,19.21410086441142,0.38978310368038577,0.3407506439744985,0.014820811130405342
19,0.3,4,TriBranchTDCA,0.1,19.21410086441142,0.38743957677921326,0.26883115975826566,0.0030545329676743282
19,0.3,5,CCA,0.0,7.30517519781877,0.09834249761829161,0.05748345537617505,0.0001542053942820143
19,0.3,5,FBCCA,0.025,0.0,0.2560878356072104,0.19822233014694302,0.005141094608815067
19,0.3,5,TDCA,0.075,9.723899662657054,0.3921649228172013,0.26261182525464755,0.01890307124488899
19,0.3,5,ImprovedTDCA,0.1,19.21410086441142,0.42920584771612225,0.34183047895621854,0.01738799010623371
19,0.3,5,TriBranchTDCA,0.125,30.727342036659877,0.3770122007140551,0.21872828710987935,0.007716637287524142
19,0.5,0,CCA,0.05,1.7278835822725114,0.12327159895472972,0.0925119958578462,0.0008925708308034075
19,0.5,0,FBCCA,0.025,0.0,0.3071218433598561,0.1862593121396775,0.0014791630776045395
19,0.5,0,TDCA,0.175,35.09465151233407,0.38055310853787405,0.2885039779210452,0.020719985294460397
19,0.5,0,ImprovedTDCA,0.275,76.975596950114,0.3686873246791748,0.30655708895803035,0.008844391248616024
19,0.5,0,TriBranchTDCA,0.275,76.975596950114,0.37964867729771534,0.23029204883855103,0.0026080010026396927
19,0.5,1,CCA,0.025,0.0,0.1483177742393068,0.10756869198915653,0.004364166990222795
19,0.5,1,FBCCA,0.0,4.383105118691262,0.31863514649624214,0.2942768591312761,0.02090039936436705
19,0.5,1,TDCA,0.3,88.90267709437161,0.5236542450912747,0.38101703403586595,0.029513451599649798
19,0.5,1,ImprovedTDCA,0.225,54.7858255507327,0.5846582419289656,0.5259593133138335,0.011621259259231298
19,0.5,1,TriBranchTDCA,0.25,65.59179675378513,0.5933925843318152,0.5161401503957458,0.009488948584858159
19,0.5,2,CCA,0.025,0.0,0.2528286643775058,0.1239565318024538,0.006440324284141319
19,0.5,2,FBCCA,0.0,4.383105118691262,0.4181540536394731,0.3229018641673962,0.015598690219142286
19,0.5,2,TDCA,0.3,88.90267709437161,0.36454128220480764,0.25828446859810517,0.002782782841086684
19,0.5,2,ImprovedTDCA,0.3,88.90267709437161,0.3343990467867301,0.25592195423855957,0.0125189992086574
19,0.5,2,TriBranchTDCA,0.3,88.90267709437161,0.31996846124153533,0.23235071351523606,0.004666641382045977
19,0.5,3,CCA,0.025,0.0,0.19673488280298346,0.11826792210497361,0.01197885013254929
19,0.5,3,FBCCA,0.025,0.0,0.21903490121944666,0.1610865107279853,0.0016691446909309349
19,0.5,3,TDCA,0.375,127.6941246208191,0.35807489370663015,0.3088915187411009,0.00022044045425873016
19,0.5,3,ImprovedTDCA,0.325,101.3454569549014,0.3465964587990753,0.3003972328459865,0.007911734263550407
19,0.5,3,TriBranchTDCA,0.2,44.6013869892241,0.30901034174817743,0.2092319443088786,0.010471515488730265
19,0.5,4,CCA,0.1,11.528460518646853,0.1751088160466255,0.1337851975244152,0.0015617865998434066
19,0.5,4,FBCCA,0.075,5.834339797594232,0.35141119262713316,0.28508561644846875,0.0019460998620539627
19,0.5,4,TDCA,0.325,101.3454569549014,0.4019677798462812,0.2748858171295856,0.022237204939531408
19,0.5,4,ImprovedTDCA,0.3,88.90267709437161,0.39143336084811803,0.3264557401277025,0.0036751602106042114
19,0.5,4,TriBranchTDCA,0.175,35.09465151233407,0.37326109881087144,0.3370748740500519,0.00014642690811683678
19,0.5,5,CCA,0.1,11.528460518646853,0.16892240406090103,0.12095670064745379,0.00830274968532052
19,0.5,5,FBCCA,0.1,11.528460518646853,0.33262804845577343,0.22997257478848687,0.024504857626623355
19,0.5,5,TDCA,0.2,44.6013869892241,0.41122867497841736,0.2690866644011469,0.00921443350231499
19,0.5,5,ImprovedTDCA,0.2,44.6013869892241,0.4464758241050902,0.30093015423787906,0.01621784767027279
19,0.5,5,TriBranchTDCA,0.25,65.59179675378513,0.4373828455127334,0.3514259610131628,0.011810623932095643
19,1.0,0,CCA,0.2,22.30069349461205,0.29340076403325643,0.1833011107025574,0.0025677553369880535
19,1.0,0,FBCCA,0.2,22.30069349461205,0.5933575837426656,0.49354425507130495,0.002084807205134487
19,1.0,0,TDCA,0.675,161.66617507355798,1.065413430537129,1.0722940691801526,0.04042188952566228
19,1.0,0,ImprovedTDCA,0.65,152.27815577460512,1.2374476235326015,1.203437844162555,0.013215348263170501
19,1.0,0,TriBranchTDCA,0.7,171.30099179987968,1.021484924935954,0.9399291530201674,0.007375660548030183
19,1.0,1,CCA,0.05,0.8639417911362557,0.19856261744862902,0.15009653545131074,0.0014345093614793747
19,1.0,1,FBCCA,0.1,5.764230259323426,0.4935055887094778,0.32188253642899967,0.006293338795898551
19,1.0,1,TDCA,0.7,171.30099179987968,0.7860144122816103,0.6959348645340414,0.016347498966405194
19,1.0,1,ImprovedTDCA,0.775,201.8111859978206,0.9551673876370401,0.9465782797971298,0.009375425561264805
19,1.0,1,TriBranchTDCA,0.7,171.30099179987968,0.9382837142897464,0.6877926970036643,0.07082384769638805
19,1.0,2,CCA,0.15,13.169754248283052,0.28517675414717186,0.20699661683924797,0.005057136327931255
19,1.0,2,FBCCA,0.175,17.547325756167034,0.40717784309982985,0.297281626700173,0.030001352823590954
19,1.0,2,TDCA,0.55,117.04335854469258,0.7724177870528349,0.49212606702947803,0.018760285360885698
19,1.0,2,ImprovedTDCA,0.55,117.04335854469258,0.9737002562316626,0.5221110935311924,0.013121580459598992
19,1.0,2,TriBranchTDCA,0.55,117.04335854469258,0.9717090116374546,0.6703152275570757,0.0007752279761228387
19,1.0,3,CCA,0.05,0.8639417911362557,0.2874213945275817,0.22825157337351587,0.002171011210162277
19,1.0,3,FBCCA,0.125,9.218202610997963,0.41470870441169627,0.4017611275960623,0.0022156777794726246
19,1.0,3,TDCA,0.625,143.12809559334323,0.7453018073137837,0.6759233555041703,0.021314090742862613
19,1.0,3,ImprovedTDCA,0.6,134.2089967732677,0.8411777995645693,0.8073273124566873,0.015355990321522572
19,1.0,3,TriBranchTDCA,0.6,134.2089967732677,0.7816905843340167,0.6900701537347848,0.03934972711276874
19,1.0,4,CCA,0.175,17.547325756167034,0.29020424248575305,0.18564642344294513,0.011831795650029786
19,1.0,4,FBCCA,0.15,13.169754248283052,0.5240668292893196,0.4470486206039459,0.007795379254866841
19,1.0,4,TDCA,0.75,191.35796494276008,0.8992254739326977,0.8924901487715879,0.05324052203776253
19,1.0,4,ImprovedTDCA,0.75,191.35796494276008,0.9488285237639147,0.926536673752976,0.019398983039900397
19,1.0,4,TriBranchTDCA,0.75,191.35796494276008,0.8863711844424944,0.7995389652779372,0.009315146741025737
19,1.0,5,CCA,0.2,22.30069349461205,0.303129095120051,0.25725396114112864,0.009308405302679068
19,1.0,5,FBCCA,0.2,22.30069349461205,0.49393793378293277,0.3746913166047757,0.02815051012223657
19,1.0,5,TDCA,0.675,161.66617507355798,0.9001312340470555,0.7593958356057152,0.011296172851997577
19,1.0,5,ImprovedTDCA,0.675,161.66617507355798,1.1805378880495128,1.0125129024502528,0.045331949317301
19,1.0,5,TriBranchTDCA,0.675,161.66617507355798,0.9591304626784936,0.9631883295212459,0.010948761104940363
19,2.0,0,CCA,0.4,35.39208507346038,0.7398197252977166,0.5391903995620626,0.0029114469714119906
19,2.0,0,FBCCA,0.65,76.13907788730256,1.1200590944676456,0.9033879271236617,0.05101537441049864
19,2.0,0,TDCA,0.95,143.1378308048488,1.9301875062770493,1.8226531390312708,0.07102429298917001
19,2.0,0,ImprovedTDCA,0.975,150.63396323757408,2.4248489187576374,2.519477566174522,0.26562152588288646
19,2.0,0,TriBranchTDCA,0.975,150.63396323757408,2.162907423642337,2.0535633414448977,0.14639414462602507
19,2.0,1,CCA,0.35,28.570457917542296,0.5604491791456712,0.3107167295081422,0.020730643229462054
19,2.0,1,FBCCA,0.425,38.97340669255152,0.8063303404314208,0.5921303810436453,0.008140311166406677
19,2.0,1,TDCA,0.95,143.1378308048488,1.5747943441988164,1.5344484723188159,0.11694321330269553
19,2.0,1,ImprovedTDCA,0.95,143.1378308048488,1.8156262679788924,1.8246753504590933,0.025076619506021913
19,2.0,1,TriBranchTDCA,0.925,136.23634153038591,1.7559196000001815,1.7582617095759483,0.12297300829386826
19,2.0,2,CCA,0.375,31.923531155204774,0.5382126257277637,0.48315746507599344,0.010479338116245351
19,2.0,2,FBCCA,0.4,35.39208507346038,0.6698880458131808,0.4070202123327009,0.006926541059824265
19,2.0,2,TDCA,0.925,136.23634153038591,1.4426315161906273,1.3744214914051194,0.16658897424325403
19,2.0,2,ImprovedTDCA,0.85,117.57832372024875,1.7168506525150036,1.5467481054448768,0.008381322883170395
19,2.0,2,TriBranchTDCA,0.95,143.1378308048488,1.652941403480836,1.6813817685376429,0.051022850480878734
19,2.0,3,CCA,0.35,28.570457917542296,0.564069515455943,0.3833743534063371,0.0064980482987611055
19,2.0,3,FBCCA,0.375,31.923531155204774,0.4998944795405043,0.42528538830055496,0.003273202986282975
19,2.0,3,TDCA,0.875,123.53065122989955,1.56093733118487,1.663753965082087,0.057118946452152874
19,2.0,3,ImprovedTDCA,0.825,111.83900614589734,1.6619097542463988,1.5936813149736246,0.0026554551145947514
19,2.0,3,TriBranchTDCA,0.9,129.7317683823557,1.6716689550051984,1.493911879393313,0.008354897110566473
19,2.0,4,CCA,0.425,38.97340669255152,0.7757485519381158,0.594433841028779,0.06211341457589392
19,2.0,4,FBCCA,0.65,76.13907788730256,0.9971235231702409,0.8625816343098857,0.003012164607169243
19,2.0,4,TDCA,0.95,143.1378308048488,1.8308191267192115,1.9123732116952896,0.18908588164932083
19,2.0,4,ImprovedTDCA,0.95,143.1378308048488,2.287178435267027,2.560797381147583,0.014796348717537988
19,2.0,4,TriBranchTDCA,1.0,159.65784284522317,1.9289841331954143,2.0922441439678807,0.01892025267419495
19,2.0,5,CCA,0.55,58.52167927234629,0.8759555314503625,0.6826538248656967,0.05623342661133446
19,2.0,5,FBCCA,0.75,95.67898247138004,1.371215949629685,0.9068677840090666,0.014611160806433432
19,2.0,5,TDCA,0.925,136.23634153038591,2.0405265180556214,2.1596697399612284,0.11126776088749502
19,2.0,5,ImprovedTDCA,0.95,143.1378308048488,2.5570654882925488,2.7150154692602992,0.044344181274722505
19,2.0,5,TriBranchTDCA,0.975,150.63396323757408,2.2150665178575784,2.3635661363179548,0.0893424229565003
19,4.0,0,CCA,0.875,61.765325614949774,1.8612986485648577,1.7998489350555589,0.06958879633917969
19,4.0,0,FBCCA,1.0,79.82892142261159,3.1613265459406383,3.220496718795712,1.2242287534790588
19,4.0,0,TDCA,1.0,79.82892142261159,3.2566508750026877,3.279782627918266,2.0894286421137336
19,4.0,0,ImprovedTDCA,1.0,79.82892142261159,4.076131185073328,3.930799204625707,2.907149666777811
19,4.0,0,TriBranchTDCA,1.0,79.82892142261159,3.666420303645306,3.6115173919583383,2.573017977562662
19,4.0,1,CCA,0.85,58.78916186012437,1.5794343362556038,1.475147448584258,0.15427048111869368
19,4.0,1,FBCCA,0.925,68.11817076519296,2.364950359348758,2.440304965857839,0.035322529719584495
19,4.0,1,TDCA,1.0,79.82892142261159,2.9701338069763517,3.079855099751991,1.2840174752427385
19,4.0,1,ImprovedTDCA,1.0,79.82892142261159,3.5960586318503056,3.7720119208386738,0.64815161890585
19,4.0,1,TriBranchTDCA,1.0,79.82892142261159,3.299653964329322,3.3452857200022796,1.2526976988073009
19,4.0,2,CCA,0.825,55.91950307294867,1.688477454798252,1.8428881794377086,0.02800390091287941
19,4.0,2,FBCCA,0.925,68.11817076519296,2.194918925241457,2.1870244752614907,0.04447676125056832
19,4.0,2,TDCA,1.0,79.82892142261159,2.7739011286009694,2.867346979654548,0.7398349646530646
19,4.0,2,ImprovedTDCA,1.0,79.82892142261159,3.462589453328183,3.618558892178098,0.840719821655366
19,4.0,2,TriBranchTDCA,1.0,79.82892142261159,3.1996584042958487,3.356129400455968,1.6904619387849298
19,4.0,3,CCA,0.85,58.78916186012437,1.6877852333560655,1.693963614721345,0.08363388774244296
19,4.0,3,FBCCA,0.85,58.78916186012437,1.8745097226203407,1.726445735319372,0.09564088224734801
19,4.0,3,TDCA,0.975,75.31698161878704,2.6588817751210145,2.645770665778041,0.20697634762973993
19,4.0,3,ImprovedTDCA,0.975,75.31698161878704,3.19550300538483,3.4325679586787077,0.39385618317979976
19,4.0,3,TriBranchTDCA,1.0,79.82892142261159,2.975834521982821,3.2474689094326603,0.5126795300889908
19,4.0,4,CCA,0.875,61.765325614949774,2.0871209361451415,2.096708222402409,0.03689661836019642
19,4.0,4,FBCCA,0.975,75.31698161878704,2.6957147135094646,2.8768434430759515,0.28980329329686016
19,4.0,4,TDCA,1.0,79.82892142261159,3.0427960438127477,3.1911406224946908,0.49211335187000205
19,4.0,4,ImprovedTDCA,1.0,79.82892142261159,3.7665589174109626,3.9468591077116857,1.3870584657899352
19,4.0,4,TriBranchTDCA,1.0,79.82892142261159,3.33358881508301,3.4620166962864625,1.0841285574338688
19,4.0,5,CCA,0.8,53.14379334341326,2.2527582652646916,2.4697799425410327,0.02148578851902072
19,4.0,5,FBCCA,0.975,75.31698161878704,3.152717191522714,3.219327548271685,0.04140868924657326
19,4.0,5,TDCA,1.0,79.82892142261159,3.1094005210310547,3.2242784175343875,0.7007950036217516
19,4.0,5,ImprovedTDCA,1.0,79.82892142261159,3.9137749400461126,4.071552181788715,0.4887816019417106
19,4.0,5,TriBranchTDCA,1.0,79.82892142261159,3.4662221374779967,3.717643664254085,1.0503936438269377
20,0.3,0,CCA,0.025,0.0,0.10132324500264851,0.0644031231841602,0.0016092654763437686
20,0.3,0,FBCCA,0.0,7.30517519781877,0.14655124476574488,0.10088969079057353,0.004008837982241609
20,0.3,0,TDCA,0.45,284.4364841050634,0.3937073859504935,0.29325531752688805,0.010628903369136244
20,0.3,0,ImprovedTDCA,0.375,212.8235410346985,0.45449128631014146,0.39308584475248565,0.0014224793806056901
20,0.3,0,TriBranchTDCA,0.325,168.90909492483567,0.4661697430509159,0.41544303984153697,0.00015720784965500556
20,0.3,1,CCA,0.0,7.30517519781877,0.1072975486614112,0.058703887653602904,0.000580402944810654
20,0.3,1,FBCCA,0.025,0.0,0.3351515076897327,0.2495236297434077,0.03697102071313485
20,0.3,1,TDCA,0.425,259.8227112836768,0.40847386793930623,0.34161036761099006,0.009772102999576093
20,0.3,1,ImprovedTDCA,0.4,235.9472338230692,0.38806276456833055,0.2612950197035132,0.010448473486559973
20,0.3,1,TriBranchTDCA,0.45,284.4364841050634,0.49551072028538046,0.3927364618703172,0.03852430603878343
20,0.3,2,CCA,0.1,19.21410086441142,0.07307085696640445,0.03442475269532563,0.0008675365159384052
20,0.3,2,FBCCA,0.05,2.8798059704541856,0.18426118099619226,0.13925388848430942,0.0039799226745047545
20,0.3,2,TDCA,0.6,447.363322577559,0.5260410039579578,0.3598536741554774,0.005036577521368546
20,0.3,2,ImprovedTDCA,0.7,571.003305999599,0.5406670230167052,0.42899469120314393,0.04001886602380211
20,0.3,2,TriBranchTDCA,0.65,507.5938525820171,0.4488348444219243,0.22663736774831078,0.001731419480463403
20,0.3,3,CCA,0.025,0.0,0.06793085236833325,0.03216641990266689,0.00028550482401001887
20,0.3,3,FBCCA,0.0,7.30517519781877,0.16913089543545431,0.12452414219901109,0.006380833167563882
20,0.3,3,TDCA,0.575,418.38477784954415,0.4985262359194332,0.3804060108005002,0.007933101223807526
20,0.3,3,ImprovedTDCA,0.55,390.1445284823086,0.5897815000395135,0.550653016659875,0.0047905498042863925
20,0.3,3,TriBranchTDCA,0.5,335.84539709124766,0.5715184421160103,0.48645278043533324,0.0031071355810201595
20,0.3,4,CCA,0.05,2.8798059704541856,0.06538923310138212,0.040252904922688515,0.001088786664931285
20,0.3,4,FBCCA,0.075,9.723899662657054,0.2158894869869036,0.13342903049648414,0.023389474553969114
20,0.3,4,TDCA,0.6,447.363322577559,0.46524364185156575,0.396848058988867,0.006918771699449877
20,0.3,4,ImprovedTDCA,0.625,477.0936519778108,0.4799876798949799,0.4216540819501319,0.05916118004675286
20,0.3,4,TriBranchTDCA,0.525,362.6332323769969,0.5328872605509999,0.37016674949679873,0.0017936187354958832
20,0.3,5,CCA,0.0,7.30517519781877,0.08877309851355727,0.04298789360792066,0.00046436769375257647
20,0.3,5,FBCCA,0.025,0.0,0.19355385975509326,0.14619152429471705,0.01679298290043718
20,0.3,5,TDCA,0.65,507.5938525820171,0.5681112525211727,0.40837922381423597,0.037060017325069916
20,0.3,5,ImprovedTDCA,0.65,507.5938525820171,0.5938042554764286,0.483027740037263,0.009590235077163278
20,0.3,5,TriBranchTDCA,0.625,477.0936519778108,0.6646827159486695,0.5330314766144533,0.010138623911884359
20,0.5,0,CCA,0.1,11.528460518646853,0.13199571823621192,0.07035717888695614,0.004093759237633332
20,0.5,0,FBCCA,0.05,1.7278835822725114,0.3269903103337713,0.20936344475794066,0.013593888801898046
20,0.5,0,TDCA,0.65,304.55631154921025,0.609568579857322,0.5647860148551989,0.02105701895826151
20,0.5,0,ImprovedTDCA,0.65,304.55631154921025,0.7174145736318669,0.6488722856902175,0.04046151260173647
20,0.5,0,TriBranchTDCA,0.625,286.25619118668646,0.6907225655539124,0.5078386885235802,0.003709461476566034
20,0.5,1,CCA,0.05,1.7278835822725114,0.07146068321894206,0.0569816279233788,0.00024512411269261847
20,0.5,1,FBCCA,0.1,11.528460518646853,0.25589638278529814,0.16984450027793185,0.003902825960385936
20,0.5,1,TDCA,0.675,323.33235014711596,0.5987397842212712,0.5718993334074354,0.007802485217462296
20,0.5,1,ImprovedTDCA,0.675,323.33235014711596,0.6785748465505882,0.578694572273664,0.017824946979440703
20,0.5,1,TriBranchTDCA,0.675,323.33235014711596,0.7905827733198526,0.7096486756013417,0.010129140706857331
20,0.5,2,CCA,0.05,1.7278835822725114,0.09547973669026286,0.07281039597327199,0.0063964701440890614
20,0.5,2,FBCCA,0.125,18.436405221995926,0.2713701732460012,0.2233600942924997,0.0031887265273851106
20,0.5,2,TDCA,0.9,518.9270735294228,0.7968166493112921,0.8603412402157441,0.04375782867804334
20,0.5,2,ImprovedTDCA,0.9,518.9270735294228,0.8459951202779653,0.8360099606968542,0.0032665578294839293
20,0.5,2,TriBranchTDCA,0.8,425.15034674730606,0.9708940957009092,0.9691191729729458,0.0009640662697585345
20,0.5,3,CCA,0.05,1.7278835822725114,0.08787906018603933,0.06253339518321344,0.001171800265666656
20,0.5,3,FBCCA,0.125,18.436405221995926,0.3072289443430413,0.2715289208496461,0.0070732035032221585
20,0.5,3,TDCA,0.85,470.313294880995,0.9209482449372303,0.963943925420587,0.0010178975055632478
20,0.5,3,ImprovedTDCA,0.85,470.313294880995,1.0455095809721313,1.0344392863325758,0.030087565608703848
20,0.5,3,TriBranchTDCA,0.875,494.1226049195982,1.0612751260345958,1.0270069690106958,0.000974307110838124
20,0.5,4,CCA,0.075,5.834339797594232,0.08716875188983028,0.07079002300518245,0.0021841271839972975
20,0.5,4,FBCCA,0.2,44.6013869892241,0.21008816344050912,0.1774425087464615,0.005039608025313225
20,0.5,4,TDCA,0.9,518.9270735294228,0.7858053819566829,0.6401724694769864,0.00035374408900645804
20,0.5,4,ImprovedTDCA,0.925,544.9453661215437,0.9692150933924498,0.9818889381604083,0.02711722385142945
20,0.5,4,TriBranchTDCA,0.825,447.3560245835894,0.9524988573665565,0.7745297411132421,0.035234138169781826
20,0.5,5,CCA,0.075,5.834339797594232,0.0979888874548666,0.06513644587451839,0.0037882069341264035
20,0.5,5,FBCCA,0.15,26.339508496566104,0.28177843614421055,0.19213210024503247,0.0004617472661243571
20,0.5,5,TDCA,0.875,494.1226049195982,0.9952329767100873,0.86588076727094,0.10657393658008285
20,0.5,5,ImprovedTDCA,0.925,544.9453661215437,1.1821338599412403,1.129333848182658,0.23395984214679189
20,0.5,5,TriBranchTDCA,0.925,544.9453661215437,1.2551337685652135,1.1966265398980855,0.1391727967608647
20,1.0,0,CCA,0.225,27.39291277536635,0.1956243291611464,0.1382472293338597,0.01468389967621575
20,1.0,0,FBCCA,0.6,134.2089967732677,0.6507579683224142,0.49773323314874784,0.0019983695779948185
20,1.0,0,TDCA,0.95,286.2756616096976,1.7160091883500896,1.7930213412648708,0.04858980968287696
20,1.0,0,ImprovedTDCA,0.925,272.47268306077183,2.2803677863407166,2.3394489956351956,0.03033033435806809
20,1.0,0,TriBranchTDCA,0.95,286.2756616096976,2.269246443210938,2.4936754848850624,0.07734450312805885
20,1.0,1,CCA,0.3,44.451338547185806,0.25187406358934744,0.18689939930387767,0.007172529262162275
20,1.0,1,FBCCA,0.6,134.2089967732677,0.6172456450065145,0.5230520978304435,0.0011110669324789768
20,1.0,1,TDCA,1.0,319.31568569044634,1.8336057577880844,2.1106306478172003,0.04450013632219241
20,1.0,1,ImprovedTDCA,1.0,319.31568569044634,2.219380216146731,2.510175126741826,0.12755058074247216
20,1.0,1,TriBranchTDCA,0.95,286.2756616096976,2.3020415022500225,2.6361524837940493,0.30925242679393206
20,1.0,2,CCA,0.55,117.04335854469258,0.24027898600950465,0.22421609088773353,0.003291039638327664
20,1.0,2,FBCCA,0.725,181.1936583843377,0.7038903585680887,0.6703205109626315,0.0017042834916285443
20,1.0,2,TDCA,1.0,319.31568569044634,2.044810989901059,1.9996776262441216,0.3888558147100356
20,1.0,2,ImprovedTDCA,1.0,319.31568569044634,2.62431520829254,2.7091526851189416,1.1509101603628666
20,1.0,2,TriBranchTDCA,1.0,319.31568569044634,2.6791944553293767,2.65701810787687,1.1918198329580871
20,1.0,3,CCA,0.25,32.795898376892566,0.2084766560840463,0.15251470280440627,0.010738225507104238
20,1.0,3,FBCCA,0.7,171.30099179987968,0.5951836053579849,0.47600613622832333,0.04731511575780223
20,1.0,3,TDCA,0.975,301.26792647514816,2.1749551078548675,2.213698372482962,0.3783747906053354
20,1.0,3,ImprovedTDCA,0.975,301.26792647514816,2.436404542816593,2.4591025162693003,0.5402752036245455
20,1.0,3,TriBranchTDCA,0.975,301.26792647514816,2.7221945311888742,2.726984712215221,0.5606562422270374
20,1.0,4,CCA,0.45,85.33094523151902,0.2614387965632195,0.19006782209340245,0.007866658525134573
20,1.0,4,FBCCA,0.75,191.35796494276008,0.8613760528647555,0.7527182535660639,0.07877660580865609
20,1.0,4,TDCA,1.0,319.31568569044634,2.1065977681766745,2.1197541895213123,0.5304262641182143
20,1.0,4,ImprovedTDCA,1.0,319.31568569044634,2.5706624241957106,2.553893021796197,1.113857931172193
20,1.0,4,TriBranchTDCA,1.0,319.31568569044634,2.7370936345596037,2.6247514049444307,0.9801917935595563
20,1.0,5,CCA,0.45,85.33094523151902,0.18977902404319164,0.13179593046085136,0.002361559722301232
20,1.0,5,FBCCA,0.8,212.57517337365303,0.7874548255187029,0.7642218352939343,0.0029427173621781044
20,1.0,5,TDCA,1.0,319.31568569044634,2.194187076098495,2.2603723064836405,0.6548374592825983
20,1.0,5,ImprovedTDCA,1.0,319.31568569044634,2.6694114824111,2.6862411561062496,0.8708168910441869
20,1.0,5,TriBranchTDCA,1.0,319.31568569044634,2.850005587428196,2.860090481510328,1.2089059806540936
20,2.0,0,CCA,0.9,129.7317683823557,0.9137914966459956,0.9301986882714939,0.06179492680143417
20,2.0,0,FBCCA,1.0,159.65784284522317,2.2686946937393193,2.3132818646945874,0.3114571101155095
20,2.0,0,TDCA,1.0,159.65784284522317,2.822541650180949,2.9820509957162127,1.7305384597320663
20,2.0,0,ImprovedTDCA,1.0,159.65784284522317,3.8955906674779484,4.073306334388233,2.258839146870688
20,2.0,0,TriBranchTDCA,1.0,159.65784284522317,3.837927927126377,3.898521200513665,2.4662657500573366
20,2.0,1,CCA,0.7,85.65049589993984,0.8478640219104605,0.8142277563500888,0.01098579644290476
20,2.0,1,FBCCA,0.95,143.1378308048488,2.1263498948767534,2.2785510765311665,0.044622175120439866
20,2.0,1,TDCA,1.0,159.65784284522317,2.9509732053211133,2.933716100647401,0.7490353910059153
20,2.0,1,ImprovedTDCA,0.975,150.63396323757408,3.8317694590723335,3.8658197848171927,0.19321842165234848
20,2.0,1,TriBranchTDCA,1.0,159.65784284522317,3.8131332374717353,3.9767895052246978,0.6310821292325537
20,2.0,2,CCA,0.95,143.1378308048488,1.203878363252652,1.2461762765229016,0.05100387771685688
20,2.0,2,FBCCA,1.0,159.65784284522317,2.61365178510306,2.5919103828475425,0.7597744068834715
20,2.0,2,TDCA,1.0,159.65784284522317,3.0762364482738387,3.0329144259009615,2.1785611290520706
20,2.0,2,ImprovedTDCA,1.0,159.65784284522317,4.225588223511233,4.254771648579112,2.9027207480516988
20,2.0,2,TriBranchTDCA,1.0,159.65784284522317,4.122071738022967,4.12655144774547,3.247501149821054
20,2.0,3,CCA,0.875,123.53065122989955,1.080360670927866,0.9933033640083346,0.08110034650523845
20,2.0,3,FBCCA,1.0,159.65784284522317,2.6388698121947565,2.5336553773078467,0.7064503989237487
20,2.0,3,TDCA,1.0,159.65784284522317,3.131042194205334,3.2421369067865378,2.1498540442890772
20,2.0,3,ImprovedTDCA,1.0,159.65784284522317,4.251983085149826,4.327626229321973,2.9400799612847313
20,2.0,3,TriBranchTDCA,1.0,159.65784284522317,4.165780610471677,4.182431768133062,3.025626152103823
20,2.0,4,CCA,0.85,117.57832372024875,1.0967839423422907,1.2482780930026947,1.1618573826144285e-05
20,2.0,4,FBCCA,1.0,159.65784284522317,2.8658117396411256,2.8757747869823107,0.8012082917046417
20,2.0,4,TDCA,1.0,159.65784284522317,3.129013286305234,3.1004120656915237,1.8340217980330582
20,2.0,4,ImprovedTDCA,1.0,159.65784284522317,4.309656517962528,4.439095147181417,2.9935428791906054
20,2.0,4,TriBranchTDCA,1.0,159.65784284522317,4.191560465433051,4.28514414610451,3.080481601403682
20,2.0,5,CCA,0.9,129.7317683823557,1.0897307784240404,1.0447470099284244,0.03308118230815582
20,2.0,5,FBCCA,1.0,159.65784284522317,2.6306118206958744,2.7004169518820746,0.2522055387627349
20,2.0,5,TDCA,1.0,159.65784284522317,3.1298750704239544,3.052534854582408,1.722301108466345
20,2.0,5,ImprovedTDCA,1.0,159.65784284522317,4.177106435718688,4.222175264748785,2.0507349249241322
20,2.0,5,TriBranchTDCA,1.0,159.65784284522317,4.0697259393721605,4.1564467632889155,2.4754352179032653
20,4.0,0,CCA,1.0,79.82892142261159,3.132035682319836,3.3083109996928046,0.3545632357685089
20,4.0,0,FBCCA,1.0,79.82892142261159,4.5030778763252455,4.676401123641366,1.6079448940573022
20,4.0,0,TDCA,1.0,79.82892142261159,3.9935555167371093,4.015731767316323,2.534800427380152
20,4.0,0,ImprovedTDCA,1.0,79.82892142261159,4.910003032235373,5.066645487873739,3.208625343336514
20,4.0,0,TriBranchTDCA,1.0,79.82892142261159,4.788009379542055,4.905043363631412,3.572851879940351
20,4.0,1,CCA,1.0,79.82892142261159,3.010426215933379,3.1306669154900977,0.3755289026636248
20,4.0,1,FBCCA,1.0,79.82892142261159,4.452875506151637,4.76768105715011,2.2347768787711484
20,4.0,1,TDCA,1.0,79.82892142261159,3.979759665673226,4.094274137137593,2.7125778934338607
20,4.0,1,ImprovedTDCA,1.0,79.82892142261159,4.7948100071723045,4.936343027414706,2.991129976785496
20,4.0,1,TriBranchTDCA,1.0,79.82892142261159,4.671365595535147,4.823244456063489,3.150446810174638
20,4.0,2,CCA,1.0,79.82892142261159,3.335833822381352,3.503047593945057,0.03257099744730496
20,4.0,2,FBCCA,1.0,79.82892142261159,4.793925435008051,5.063302361180338,2.6907910492996945
20,4.0,2,TDCA,1.0,79.82892142261159,4.205418538371511,4.270073171365336,3.1499243999105917
20,4.0,2,ImprovedTDCA,1.0,79.82892142261159,5.101144511773244,5.124323145098922,4.127730270675263
20,4.0,2,TriBranchTDCA,1.0,79.82892142261159,4.932352139697021,4.908380673228353,4.397034179496777
20,4.0,3,CCA,1.0,79.82892142261159,3.253023789681822,3.435863822148261,0.2607198174903651
20,4.0,3,FBCCA,1.0,79.82892142261159,4.814140779275647,4.963144571564637,2.703253358326363
20,4.0,3,TDCA,1.0,79.82892142261159,4.251696703796204,4.346351228026341,3.3529697969906547
20,4.0,3,ImprovedTDCA,1.0,79.82892142261159,5.108430342498858,5.311284397512149,3.975736625858135
20,4.0,3,TriBranchTDCA,1.0,79.82892142261159,4.96427894599738,5.012752676359451,3.8060578990948803
20,4.0,4,CCA,0.975,75.31698161878704,3.196027703852467,3.4297574775067163,0.837077028148117
20,4.0,4,FBCCA,0.975,75.31698161878704,4.611835449856569,4.790799462234974,0.14391225439681854
20,4.0,4,TDCA,1.0,79.82892142261159,4.200404714664927,4.311712234674594,0.7129199327517259
20,4.0,4,ImprovedTDCA,1.0,79.82892142261159,4.957921401080216,5.093261523238999,1.321041075436633
20,4.0,4,TriBranchTDCA,1.0,79.82892142261159,4.819830483988836,4.930615658210883,1.2702508661851009
20,4.0,5,CCA,0.975,75.31698161878704,3.313432163050623,3.415714843842974,0.2054769430118073
20,4.0,5,FBCCA,1.0,79.82892142261159,4.719744365372194,5.004766010367389,1.9125471692702862
20,4.0,5,TDCA,1.0,79.82892142261159,4.188786763451885,4.238689290687422,2.6367954915449014
20,4.0,5,ImprovedTDCA,1.0,79.82892142261159,5.004212631522307,5.032472877394611,3.0867447359371054
20,4.0,5,TriBranchTDCA,1.0,79.82892142261159,4.872693469197456,4.972245309150887,3.1975629022365357
21,0.3,0,CCA,0.025,0.0,0.0709377614979968,0.020161759863103756,0.0017794403130328984
21,0.3,0,FBCCA,0.05,2.8798059704541856,0.17002635378561737,0.11686412151621617,0.002007304635708529
21,0.3,0,TDCA,0.45,284.4364841050634,0.5264581333391771,0.42240987039565603,0.019163141392960048
21,0.3,0,ImprovedTDCA,0.55,390.1445284823086,0.5196109700694646,0.3482417192451529,0.015080552141336856
21,0.3,0,TriBranchTDCA,0.4,235.9472338230692,0.5323819179171644,0.44250056272769356,0.0022244416482457563
21,0.3,1,CCA,0.075,9.723899662657054,0.03457939460163111,0.022195113632678454,0.0013991506641410911
21,0.3,1,FBCCA,0.05,2.8798059704541856,0.24414245121854403,0.19178798141484954,0.0029680891570633694
21,0.3,1,TDCA,0.45,284.4364841050634,0.5601913041222922,0.4241173104116823,0.00025687825805520426
21,0.3,1,ImprovedTDCA,0.45,284.4364841050634,0.5656089189649257,0.4013650786263018,0.012739879819110733
21,0.3,1,TriBranchTDCA,0.375,212.8235410346985,0.4691348375644255,0.2987609778833541,0.0156535703020777
21,0.3,2,CCA,0.075,9.723899662657054,0.037981511507582985,0.02423763271978563,0.0008857512579789617
21,0.3,2,FBCCA,0.1,19.21410086441142,0.1992988534097416,0.16560463901296385,0.008482139689108381
21,0.3,2,TDCA,0.65,507.5938525820171,0.6862344650396974,0.7016667749458859,0.004649326676934518
21,0.3,2,ImprovedTDCA,0.625,477.0936519778108,0.6783344090031778,0.6442072670839982,0.009356121484902058
21,0.3,2,TriBranchTDCA,0.45,284.4364841050634,0.6154741501171855,0.4712561864999315,0.01612678709763493
21,0.3,3,CCA,0.0,7.30517519781877,0.05648494174579751,0.025104162252336693,0.0011113528409314455
21,0.3,3,FBCCA,0.025,0.0,0.17831848570500816,0.13318957858894265,0.013804939548013317
21,0.3,3,TDCA,0.525,362.6332323769969,0.32344982177446235,0.2770697050881292,0.003826611955515258
21,0.3,3,ImprovedTDCA,0.5,335.84539709124766,0.39331589988589827,0.35819808498884564,0.02911931235113907
21,0.3,3,TriBranchTDCA,0.425,259.8227112836768,0.45342202842630047,0.311184737388035,0.024448055965492266
21,0.3,4,CCA,0.025,0.0,0.08576798421811174,0.04384286640555568,0.001449829666137159
21,0.3,4,FBCCA,0.05,2.8798059704541856,0.2017433852686926,0.16943396813492095,0.02318335236039859
21,0.3,4,TDCA,0.5,335.84539709124766,0.46736957015189057,0.43129897785544524,0.0012148516512215934
21,0.3,4,ImprovedTDCA,0.55,390.1445284823086,0.4956047187901037,0.41775038197219416,0.0017283600607691518
21,0.3,4,TriBranchTDCA,0.475,309.77921018837446,0.528445993299043,0.38566062980053417,0.01588939489369512
21,0.3,5,CCA,0.075,9.723899662657054,0.06519102856568874,0.03524897429669094,0.0008030354173418353
21,0.3,5,FBCCA,0.0,7.30517519781877,0.22972432076309515,0.2009713058574215,0.00020951277398584267
21,0.3,5,TDCA,0.575,418.38477784954415,0.47742050435497346,0.36833854511294484,0.003763985869230435
21,0.3,5,ImprovedTDCA,0.575,418.38477784954415,0.4613002114724301,0.38409940284481847,0.0029223654907644114
21,0.3,5,TriBranchTDCA,0.45,284.4364841050634,0.49714199552980176,0.502534778684312,0.0023215944544245914
21,0.5,0,CCA,0.0,4.383105118691262,0.0812922834179705,0.05155837198107771,0.0016513863275280372
21,0.5,0,FBCCA,0.025,0.0,0.2923386132428498,0.16725182627523405,0.00029050393405904984
21,0.5,0,TDCA,0.8,425.15034674730606,0.6281283168961437,0.5084859205097254,0.020242247661271584
21,0.5,0,ImprovedTDCA,0.775,403.6223719956412,0.6834807929078213,0.6338951056609621,0.009054150743061928
21,0.5,0,TriBranchTDCA,0.725,362.3873167686754,0.8222429578431392,0.6297201563895695,0.05499521815690511
21,0.5,1,CCA,0.075,5.834339797594232,0.06034842744844522,0.05524772710124415,0.0006062698786120091
21,0.5,1,FBCCA,0.05,1.7278835822725114,0.2683676513910226,0.1903837391643406,0.007374057845185966
21,0.5,1,TDCA,0.8,425.15034674730606,0.6782432105431706,0.4836892974927207,0.006900701924762664
21,0.5,1,ImprovedTDCA,0.825,447.3560245835894,0.8274570662698917,0.7039360658156154,0.04735069379868628
21,0.5,1,TriBranchTDCA,0.75,382.71592988552015,0.810429435278887,0.6454276091657231,0.017845639202866748
21,0.5,2,CCA,0.175,35.09465151233407,0.07986874365249558,0.055812370667575606,0.003377299063859862
21,0.5,2,FBCCA,0.2,44.6013869892241,0.2842572383836594,0.24214110177918768,0.010261557482165173
21,0.5,2,TDCA,0.85,470.313294880995,0.8516320829313804,0.8281547160711568,0.015842842479031116
21,0.5,2,ImprovedTDCA,0.85,470.313294880995,1.0327930232317777,1.1419440348864578,0.10109351883753925
21,0.5,2,TriBranchTDCA,0.725,362.3873167686754,0.9772216042731712,0.820353554490013,0.02949742857761528
21,0.5,3,CCA,0.15,26.339508496566104,0.09593348638660218,0.07277740852501424,0.002684195128697775
21,0.5,3,FBCCA,0.125,18.436405221995926,0.2268531715566166,0.16016856355864562,0.0028192648840452694
21,0.5,3,TDCA,0.85,470.313294880995,0.5760741656707287,0.5320454009469746,0.011195699361828959
21,0.5,3,ImprovedTDCA,0.825,447.3560245835894,0.6616198257500882,0.6884845977053446,0.004366208985264741
21,0.5,3,TriBranchTDCA,0.75,382.71592988552015,0.6690171475715037,0.4870610035825539,0.011502820236208855
21,0.5,4,CCA,0.025,0.0,0.07173355460663149,0.04268306214465345,0.00020361650632816364
21,0.5,4,FBCCA,0.075,5.834339797594232,0.2982396135062668,0.21392593039680075,0.0007488160629764984
21,0.5,4,TDCA,0.775,403.6223719956412,0.7420620729870556,0.7475567072440034,0.02959101685508525
21,0.5,4,ImprovedTDCA,0.825,447.3560245835894,0.8371106742350782,0.47624013973855184,0.006731458312883465
21,0.5,4,TriBranchTDCA,0.75,382.71592988552015,0.7790545075674263,0.5889823920402835,0.003849158291446386
21,0.5,5,CCA,0.075,5.834339797594232,0.1338258940726264,0.06294013428413903,0.009913834420946843
21,0.5,5,FBCCA,0.1,11.528460518646853,0.35403836840898695,0.24179302648125045,0.002834786964661884
21,0.5,5,TDCA,0.775,403.6223719956412,0.6105666779845584,0.6165617086220064,0.0027327188012500336
21,0.5,5,ImprovedTDCA,0.725,362.3873167686754,0.7050889983853258,0.6622891414297936,0.004933995635651556
21,0.5,5,TriBranchTDCA,0.675,323.33235014711596,0.5634587505529172,0.4783231115426043,0.003865924664063103
21,1.0,0,CCA,0.3,44.451338547185806,0.20660879910439894,0.189668163916638,0.0008840953569775323
21,1.0,0,FBCCA,0.325,50.6727284774507,0.5238370932403174,0.47590546702422953,0.007471494722306682
21,1.0,0,TDCA,0.975,301.26792647514816,1.8584444761255319,1.9006989557775031,0.3554114406186044
21,1.0,0,ImprovedTDCA,0.925,272.47268306077183,1.785867196093864,1.7123748647434178,0.08570593383692726
21,1.0,0,TriBranchTDCA,0.975,301.26792647514816,2.1598719968888753,2.3400714070850417,0.39365935560325793
21,1.0,1,CCA,0.15,13.169754248283052,0.16620263341442762,0.13404539933989823,0.0096822300313546
21,1.0,1,FBCCA,0.275,38.487798475057,0.5204429103737436,0.40486614801909826,0.022718353242769496
21,1.0,1,TDCA,1.0,319.31568569044634,2.0773763748516054,2.0163240704474164,0.9206361587883847
21,1.0,1,ImprovedTDCA,1.0,319.31568569044634,2.374904597567671,2.254048862002708,1.4285610005653475
21,1.0,1,TriBranchTDCA,1.0,319.31568569044634,2.4275292586072585,2.4444246848132467,1.254302358808633
21,1.0,2,CCA,0.575,125.51543335486325,0.240780384588471,0.1738926098534046,0.0011261451836608316
21,1.0,2,FBCCA,0.8,212.57517337365303,0.7668178893147853,0.7895791812917748,0.0016153984982509861
21,1.0,2,TDCA,1.0,319.31568569044634,2.2342417912838184,2.1769944219996082,0.4869303042442237
21,1.0,2,ImprovedTDCA,1.0,319.31568569044634,2.833004503652508,2.9492486995864375,0.5544783142236596
21,1.0,2,TriBranchTDCA,1.0,319.31568569044634,2.61226302838986,2.6894333298243245,0.5028064836025488
21,1.0,3,CCA,0.375,63.84706231040955,0.2278602161853812,0.12285020791320456,0.00022023952985295026
21,1.0,3,FBCCA,0.575,125.51543335486325,0.5864973149094223,0.3447987249266973,0.0003212239830023833
21,1.0,3,TDCA,1.0,319.31568569044634,1.969098487720045,1.9363649039415787,0.7291083328853265
21,1.0,3,ImprovedTDCA,1.0,319.31568569044634,2.204578709330606,2.3852284176621037,0.08245204777890547
21,1.0,3,TriBranchTDCA,1.0,319.31568569044634,2.2899229648109185,2.384975193321342,0.5061631712607839
21,1.0,4,CCA,0.425,77.94681338510304,0.24012019657166705,0.19650287408207368,0.006603280125557109
21,1.0,4,FBCCA,0.5,100.7536191273743,0.6138420453420442,0.4677614262893073,0.004777066520379458
21,1.0,4,TDCA,1.0,319.31568569044634,1.9736296052565656,2.016402156063222,0.5336118873867812
21,1.0,4,ImprovedTDCA,0.95,286.2756616096976,2.1295881885528396,2.342522918706343,0.04231229359562105
21,1.0,4,TriBranchTDCA,1.0,319.31568569044634,2.2234073037990725,2.326139498127911,0.2144047389657997
21,1.0,5,CCA,0.275,38.487798475057,0.2260384084442332,0.1409738460098009,0.013130725075052752
21,1.0,5,FBCCA,0.35,57.14091583508459,0.41557371574703306,0.3448677968144418,0.012297875449301277
21,1.0,5,TDCA,1.0,319.31568569044634,1.8316437167821937,1.8273699907272911,0.3093727495782863
21,1.0,5,ImprovedTDCA,1.0,319.31568569044634,2.1943428018365623,2.198694113564396,0.14053732536703567
21,1.0,5,TriBranchTDCA,1.0,319.31568569044634,2.1376488602391475,2.1615701711345725,0.5726347756676735
21,2.0,0,CCA,0.625,71.56404779667162,0.7824330083470278,0.800888196127292,0.011888236246122563
21,2.0,0,FBCCA,0.875,123.53065122989955,1.6835571522241246,1.4632374060130446,0.02168400223776823
21,2.0,0,TDCA,0.975,150.63396323757408,2.8506590610502167,2.891065503327633,0.051202216996555805
21,2.0,0,ImprovedTDCA,0.975,150.63396323757408,3.409360243096144,3.442744863978425,0.10284417434534854
21,2.0,0,TriBranchTDCA,0.975,150.63396323757408,3.3956996335197105,3.6559109047779828,0.36018136069794116
21,2.0,1,CCA,0.425,38.97340669255152,0.5190389099547363,0.403379690808086,0.00260119480144283
21,2.0,1,FBCCA,0.775,100.9055929989103,1.2880135450653776,1.2880890222472305,0.008935709986907181
21,2.0,1,TDCA,1.0,159.65784284522317,3.1626801441313606,3.2152403073074813,1.9439474311137859
21,2.0,1,ImprovedTDCA,1.0,159.65784284522317,3.261291248520884,3.334375314051075,1.0847903564119563
21,2.0,1,TriBranchTDCA,1.0,159.65784284522317,3.6755432559800907,3.7251600973331995,2.3519941648827425
21,2.0,2,CCA,0.925,136.23634153038591,1.1364466051033062,1.1227896724555246,0.04878111783708938
21,2.0,2,FBCCA,0.975,150.63396323757408,2.6736796674361307,2.7984711103590953,0.21601067292874765
21,2.0,2,TDCA,1.0,159.65784284522317,3.2092687336884014,3.276231628281576,1.696391127803376
21,2.0,2,ImprovedTDCA,1.0,159.65784284522317,4.169343409657631,4.276057099445579,2.0178932627477186
21,2.0,2,TriBranchTDCA,1.0,159.65784284522317,3.8470322986022794,3.826313727239911,1.9809407374141523
21,2.0,3,CCA,0.7,85.65049589993984,0.9495417115558613,0.8794506446160908,0.11915956171731645
21,2.0,3,FBCCA,0.925,136.23634153038591,1.9353226911750425,1.9535070120653864,0.00585134317147018
21,2.0,3,TDCA,1.0,159.65784284522317,3.001494413125233,2.8851715975901886,1.9150128899983623
21,2.0,3,ImprovedTDCA,1.0,159.65784284522317,3.686338957954392,3.823241704338389,1.6366652522793284
21,2.0,3,TriBranchTDCA,1.0,159.65784284522317,3.552219536403753,3.6025900213989472,2.285168414930025
21,2.0,4,CCA,0.65,76.13907788730256,0.841821751718881,0.7007945676990921,0.027371183064290427
21,2.0,4,FBCCA,0.975,150.63396323757408,1.8111202405184144,1.8152902983526487,0.20012281555614075
21,2.0,4,TDCA,1.0,159.65784284522317,3.03219920244716,3.0195233950502867,1.4525544841676448
21,2.0,4,ImprovedTDCA,1.0,159.65784284522317,3.556944252504922,3.578643642567776,2.0188452693854075
21,2.0,4,TriBranchTDCA,1.0,159.65784284522317,3.497066683114805,3.526336632969596,1.6081549272108533
21,2.0,5,CCA,0.65,76.13907788730256,0.8632439602696579,0.799325692523212,0.005591570806076973
21,2.0,5,FBCCA,0.8,106.28758668682651,1.4332798441324133,1.158176586848564,0.027966445850884813
21,2.0,5,TDCA,1.0,159.65784284522317,2.933436208490528,3.061935029543773,1.7580168163220424
21,2.0,5,ImprovedTDCA,1.0,159.65784284522317,3.268777257857914,3.463580102167815,0.36973544314055706
21,2.0,5,TriBranchTDCA,1.0,159.65784284522317,3.3556309215525317,3.5121603898564127,1.4363615168985986
21,4.0,0,CCA,0.675,40.416543768389495,1.8207652735933695,1.3482766425183343,0.03999327469662273
21,4.0,0,FBCCA,0.95,71.5689154024244,3.318668554370764,3.34271924176622,0.257145870915489
21,4.0,0,TDCA,0.975,75.31698161878704,4.00776814276673,4.150091728194303,0.019178811568591136
21,4.0,0,ImprovedTDCA,1.0,79.82892142261159,4.363778535556953,4.500889272698577,1.7819309972534985
21,4.0,0,TriBranchTDCA,0.975,75.31698161878704,4.2941741073192,4.381797696583355,0.24931927773260032
21,4.0,1,CCA,0.6,33.552249193316925,1.3819716285717163,1.0557093595000808,0.007218356754270516
21,4.0,1,FBCCA,1.0,79.82892142261159,2.8313576824489544,2.9109611309227974,0.6991213191505152
21,4.0,1,TDCA,1.0,79.82892142261159,4.1001474236012925,4.097133329358947,3.142229276143521
21,4.0,1,ImprovedTDCA,1.0,79.82892142261159,4.317851805748097,4.268597055081608,3.0976440276229575
21,4.0,1,TriBranchTDCA,1.0,79.82892142261159,4.343850747967316,4.289842673992626,3.43238470151246
21,4.0,2,CCA,0.8,53.14379334341326,1.7732011172521733,1.5596660453475435,0.021812603993153434
21,4.0,2,FBCCA,1.0,79.82892142261159,3.93121737807205,4.135534591064042,0.5377420504110182
21,4.0,2,TDCA,1.0,79.82892142261159,4.096234542409645,4.09229674490296,2.7282499259124746
21,4.0,2,ImprovedTDCA,1.0,79.82892142261159,4.662044763036926,4.817604786653098,2.7887657430193236
21,4.0,2,TriBranchTDCA,1.0,79.82892142261159,4.4507706046013285,4.4361892992708825,3.2096112483437045
21,4.0,3,CCA,0.75,47.83949123569002,1.8619221468420526,1.8671711707212972,0.0023164186997473024
21,4.0,3,FBCCA,1.0,79.82892142261159,3.6192648316883607,4.116879217218068,0.2832866627408577
21,4.0,3,TDCA,1.0,79.82892142261159,3.9900950558965262,4.060930950010247,2.441914888730767
21,4.0,3,ImprovedTDCA,1.0,79.82892142261159,4.458096207895347,4.617267067413504,1.845860951286686
21,4.0,3,TriBranchTDCA,1.0,79.82892142261159,4.299344545667891,4.3607086229905745,2.579189207942315
21,4.0,4,CCA,0.675,40.416543768389495,1.5277443068188492,1.0823297756035346,0.005577488318512014
21,4.0,4,FBCCA,0.95,71.5689154024244,3.22148794966066,3.4602486599480944,0.0434220658893647
21,4.0,4,TDCA,1.0,79.82892142261159,4.091995052450351,4.2487779031505655,2.7755212553228152
21,4.0,4,ImprovedTDCA,1.0,79.82892142261159,4.370136205078553,4.643701925111279,2.3264968892682756
21,4.0,4,TriBranchTDCA,1.0,79.82892142261159,4.279033719731858,4.401924250850922,2.381181861919198
21,4.0,5,CCA,0.65,38.06953894365128,1.5840978416092035,1.3244032746174097,0.1374214500769253
21,4.0,5,FBCCA,0.925,68.11817076519296,2.6058190045892253,2.52673715501644,0.05521257582376693
21,4.0,5,TDCA,1.0,79.82892142261159,4.0228259195156415,4.024571733218433,2.826093669775037
21,4.0,5,ImprovedTDCA,1.0,79.82892142261159,4.087090960312573,4.2965954334206655,2.390447767799427
21,4.0,5,TriBranchTDCA,1.0,79.82892142261159,4.250121289588835,4.273475509641422,3.294090015542362
22,0.3,0,CCA,0.075,9.723899662657054,0.08744661856486728,0.0448521007333581,0.0008121070242985695
22,0.3,0,FBCCA,0.075,9.723899662657054,0.1845446392772186,0.14726134850444816,0.027068472923041487
22,0.3,0,TDCA,0.9,864.8784558823714,0.8583165780431476,0.8888989705404532,0.006907463208567943
22,0.3,0,ImprovedTDCA,0.875,823.537674865997,1.09262948967165,1.1726771544811252,0.05149550229774258
22,0.3,0,TriBranchTDCA,0.925,908.2422768692395,1.1933672225116374,1.4166335950880928,0.03458111740890146
22,0.3,1,CCA,0.1,19.21410086441142,0.09626726057869446,0.04687984485590102,0.00020453629708150345
22,0.3,1,FBCCA,0.1,19.21410086441142,0.20538295755391744,0.14051651265203613,0.003515025271368488
22,0.3,1,TDCA,0.95,954.2522053656586,1.0712028331833163,1.055281714435471,0.17669613585413924
22,0.3,1,ImprovedTDCA,0.95,954.2522053656586,1.246109243278645,1.1994014699110087,0.16556297314950807
22,0.3,1,TriBranchTDCA,0.95,954.2522053656586,1.345908663486379,1.2277226063969673,0.19014864578269686
22,0.3,2,CCA,0.125,30.727342036659877,0.12411377329150516,0.055956956510879396,0.0008662940459531754
22,0.3,2,FBCCA,0.05,2.8798059704541856,0.20864289517938764,0.13432953799704972,0.00912058905304347
22,0.3,2,TDCA,0.925,908.2422768692395,0.9041302174518023,0.9557018811800715,0.07466256205502075
22,0.3,2,ImprovedTDCA,0.95,954.2522053656586,1.0579356950755743,1.048258535363332,0.06486766639553876
22,0.3,2,TriBranchTDCA,0.95,954.2522053656586,1.1777641946582296,1.2667610010660102,0.027543985127418846
22,0.3,3,CCA,0.075,9.723899662657054,0.06986658101244776,0.045031277059384034,0.0005681543351294671
22,0.3,3,FBCCA,0.125,30.727342036659877,0.1810080427699497,0.13285913675777128,0.0005578143437703353
22,0.3,3,TDCA,0.95,954.2522053656586,0.989158587926461,1.0076174130064608,0.04374621234642406
22,0.3,3,ImprovedTDCA,0.925,908.2422768692395,1.1851360707712286,1.1555914921125305,0.0016817679170118005
22,0.3,3,TriBranchTDCA,0.925,908.2422768692395,1.2932777841855452,1.2196778376209294,0.044037626379551664
22,0.3,4,CCA,0.125,30.727342036659877,0.15095151283626823,0.06332726217223583,0.004101854432206897
22,0.3,4,FBCCA,0.05,2.8798059704541856,0.2940902205774719,0.24850151522827246,0.000626603922339708
22,0.3,4,TDCA,0.875,823.537674865997,1.0052106704069543,1.0328723059712606,0.000795701023384332
22,0.3,4,ImprovedTDCA,0.875,823.537674865997,1.121359386294017,1.2230319728209802,0.00352020741067971
22,0.3,4,TriBranchTDCA,0.9,864.8784558823714,1.319986254776167,1.4253379308551117,0.039395363069592015
22,0.3,5,CCA,0.125,30.727342036659877,0.10455792993871112,0.044046587610964694,0.0012131055424075
22,0.3,5,FBCCA,0.05,2.8798059704541856,0.2637120482282407,0.18082100729125206,0.0014302115868223275
22,0.3,5,TDCA,0.9,864.8784558823714,0.9010876731300659,0.7893051410030526,0.16892789840332245
22,0.3,5,ImprovedTDCA,0.9,864.8784558823714,1.043799251428728,0.8864955056867933,0.22757327708456754
22,0.3,5,TriBranchTDCA,0.875,823.537674865997,1.161089839588613,1.1807029859368807,0.03161384101000242
22,0.5,0,CCA,0.25,65.59179675378513,0.12986592979538517,0.07277569844395959,0.00021394460274781757
22,0.5,0,FBCCA,0.2,44.6013869892241,0.33569801792196474,0.27339887770651705,0.00463905616902216
22,0.5,0,TDCA,1.0,638.6313713808927,1.3536387230407276,1.3510216155804016,0.33628369568217775
22,0.5,0,ImprovedTDCA,1.0,638.6313713808927,1.755156123744061,1.7897885352112595,0.36731960525859897
22,0.5,0,TriBranchTDCA,1.0,638.6313713808927,1.8699149856045842,1.974598248555302,0.27866719047605537
22,0.5,1,CCA,0.125,18.436405221995926,0.08847706299922753,0.06862592048727101,0.004946718491989355
22,0.5,1,FBCCA,0.375,127.6941246208191,0.2777029669807699,0.18242805502587056,0.0060689120581540745
22,0.5,1,TDCA,1.0,638.6313713808927,1.5449958718407621,1.4845694524975173,0.43328655246055225
22,0.5,1,ImprovedTDCA,1.0,638.6313713808927,2.0101953304731017,1.99803523580465,0.643940482860244
22,0.5,1,TriBranchTDCA,1.0,638.6313713808927,2.1185631908896894,2.005601533363402,0.7101096973299583
22,0.5,2,CCA,0.15,26.339508496566104,0.08499482959084018,0.0655862783018506,0.0021522434386145317
22,0.5,2,FBCCA,0.4,141.56834029384152,0.2563871358926163,0.18943677537188885,0.00670358124000936
22,0.5,2,TDCA,1.0,638.6313713808927,1.395785127422408,1.37415963192556,0.1948618389024066
22,0.5,2,ImprovedTDCA,1.0,638.6313713808927,1.8196462238039608,1.7657537434389043,0.516177780009385
22,0.5,2,TriBranchTDCA,1.0,638.6313713808927,1.933622203265955,1.9690666606309022,0.22945656529175018
22,0.5,3,CCA,0.15,26.339508496566104,0.09189166621966656,0.06503912420634661,0.00022332819678960725
22,0.5,3,FBCCA,0.375,127.6941246208191,0.25092570935889513,0.1778641002812883,0.024058676298166493
22,0.5,3,TDCA,1.0,638.6313713808927,1.5512782559960427,1.5803633266779702,0.5943749357622663
22,0.5,3,ImprovedTDCA,0.975,602.5358529502963,1.9400114313751733,1.9142256768509394,0.23610956883770706
22,0.5,3,TriBranchTDCA,1.0,638.6313713808927,2.0185399212768487,2.155527558735514,0.429868030942794
22,0.5,4,CCA,0.275,76.975596950114,0.11238611705686422,0.10937973904085019,0.009878862258458243
22,0.5,4,FBCCA,0.275,76.975596950114,0.3470597622459047,0.24401780783802351,0.0021076340650456604
22,0.5,4,TDCA,0.925,544.9453661215437,1.5398049163234533,1.5546851207648422,0.02900763086422531
22,0.5,4,ImprovedTDCA,0.925,544.9453661215437,1.86288579137081,1.8978159115956892,0.059365008106857964
22,0.5,4,TriBranchTDCA,0.95,572.5513232193952,2.007362543958192,2.1348285874018686,0.01940488802003104
22,0.5,5,CCA,0.2,44.6013869892241,0.10873322037953652,0.0674533882226308,0.0024202806005049204
22,0.5,5,FBCCA,0.325,101.3454569549014,0.3605429155739437,0.28174601279102995,0.017223361876673504
22,0.5,5,TDCA,1.0,638.6313713808927,1.5094398209520539,1.5790641391268179,0.19544102072203517
22,0.5,5,ImprovedTDCA,0.975,602.5358529502963,1.7107658469400526,1.7766711472705543,0.08760856107203363
22,0.5,5,TriBranchTDCA,1.0,638.6313713808927,1.8881362433235906,1.9291648415373603,0.5125900645963628
22,1.0,0,CCA,0.725,181.1936583843377,0.39655122452461755,0.302289925365693,0.0292287301927745
22,1.0,0,FBCCA,0.875,247.0613024597991,1.1075340992866327,1.1356483445384165,0.011723156387487776
22,1.0,0,TDCA,1.0,319.31568569044634,2.7644038166338403,2.657999793370941,1.1318161683150139
22,1.0,0,ImprovedTDCA,1.0,319.31568569044634,3.3431955540645015,3.3709869240731387,1.2565492553192037
22,1.0,0,TriBranchTDCA,1.0,319.31568569044634,3.5818127880774187,3.640321299994281,1.8168484086304268
22,1.0,1,CCA,0.725,181.1936583843377,0.4212820926141994,0.3335337307190318,0.008020270373644056
22,1.0,1,FBCCA,0.95,286.2756616096976,1.3275643186025068,1.257568707637417,0.02200724300235901
22,1.0,1,TDCA,1.0,319.31568569044634,2.981519365908631,3.0228126077689295,1.6204100302764797
22,1.0,1,ImprovedTDCA,1.0,319.31568569044634,3.5951267622586953,3.6130428145213163,2.3034749802038723
22,1.0,1,TriBranchTDCA,1.0,319.31568569044634,3.7771568015340486,3.7488548590291044,2.3105705347620296
22,1.0,2,CCA,0.65,152.27815577460512,0.3543505199584075,0.3498061528406011,0.004367358727666026
22,1.0,2,FBCCA,0.775,201.8111859978206,0.9420416914727948,1.0027328190321831,0.0023634677918313862
22,1.0,2,TDCA,1.0,319.31568569044634,2.7793065171985027,2.786476110344649,0.9317650817723839
22,1.0,2,ImprovedTDCA,1.0,319.31568569044634,3.2202451024379988,3.282956179575888,1.5531910893329621
22,1.0,2,TriBranchTDCA,1.0,319.31568569044634,3.5594195416681655,3.6818076973871348,1.820035515420018
22,1.0,3,CCA,0.575,125.51543335486325,0.4072682485156284,0.37178053486540485,0.015421531771467212
22,1.0,3,FBCCA,0.975,301.26792647514816,1.1973290298402115,1.2227495254782683,0.0038083179356727115
22,1.0,3,TDCA,1.0,319.31568569044634,2.92891240665562,2.970519982515606,0.8594964473351072
22,1.0,3,ImprovedTDCA,1.0,319.31568569044634,3.4194618245409236,3.353382848152952,0.7140466766914613
22,1.0,3,TriBranchTDCA,1.0,319.31568569044634,3.7123429001394923,3.6266951281761206,0.9235272020247123
22,1.0,4,CCA,0.575,125.51543335486325,0.3572095141275759,0.2870495089003221,0.00023352012200383854
22,1.0,4,FBCCA,0.95,286.2756616096976,1.2175949416801664,1.1679695933644578,0.2041715849922694
22,1.0,4,TDCA,0.975,301.26792647514816,2.877059977614703,3.045033724803112,0.6874235431208295
22,1.0,4,ImprovedTDCA,0.975,301.26792647514816,3.3553314257680817,3.518196593411856,0.6204832175834376
22,1.0,4,TriBranchTDCA,0.975,301.26792647514816,3.6399327279621927,3.9191688956396127,1.6322030568138206
22,1.0,5,CCA,0.625,143.12809559334323,0.3088789817795943,0.22200359608970166,0.0005342322774295472
22,1.0,5,FBCCA,0.95,286.2756616096976,1.1218881207325953,1.0489649247165276,0.015523831551945033
22,1.0,5,TDCA,1.0,319.31568569044634,2.852532670332957,2.8185373463025813,1.2714965446888664
22,1.0,5,ImprovedTDCA,1.0,319.31568569044634,3.3197895391305208,3.324171558789933,1.7216403407191256
22,1.0,5,TriBranchTDCA,1.0,319.31568569044634,3.5054912625891594,3.4831193224229047,2.0388290341972195
22,2.0,0,CCA,0.95,143.1378308048488,1.4598736301450725,1.4767694361530004,0.23244176199865585
22,2.0,0,FBCCA,1.0,159.65784284522317,3.3704400874680944,3.481846366256909,1.3052537727253126
22,2.0,0,TDCA,1.0,159.65784284522317,3.8264164431621337,3.880948792038488,2.2922711612121494
22,2.0,0,ImprovedTDCA,1.0,159.65784284522317,4.614148751111231,4.664479418138609,2.4001403524265776
22,2.0,0,TriBranchTDCA,1.0,159.65784284522317,4.580022986904734,4.650308663647772,2.887456767522509
22,2.0,1,CCA,0.95,143.1378308048488,1.6114372330755173,1.6275992138970188,0.25684444502114445
22,2.0,1,FBCCA,1.0,159.65784284522317,3.418533046783934,3.348112914086098,2.122994378439271
22,2.0,1,TDCA,1.0,159.65784284522317,3.8227958159534636,3.775908090871414,1.6365004581655218
22,2.0,1,ImprovedTDCA,1.0,159.65784284522317,4.569875432792784,4.769980733350746,2.9587705578194154
22,2.0,1,TriBranchTDCA,1.0,159.65784284522317,4.51508160696118,4.6125871774759535,2.5749489174955276
22,2.0,2,CCA,0.925,136.23634153038591,1.5121796380339014,1.3816272585356968,0.023323596597740526
22,2.0,2,FBCCA,0.975,150.63396323757408,3.4545756785965205,3.3661202541350836,0.21923267325569462
22,2.0,2,TDCA,1.0,159.65784284522317,3.622226887629908,3.6250211494210776,1.6726085424310582
22,2.0,2,ImprovedTDCA,1.0,159.65784284522317,4.566448721244486,4.760274446173842,2.4051644662850014
22,2.0,2,TriBranchTDCA,1.0,159.65784284522317,4.550979740579177,4.731354739992142,2.271200885360648
22,2.0,3,CCA,0.875,123.53065122989955,1.3330563749128435,1.2235456944661591,0.009928163054353067
22,2.0,3,FBCCA,1.0,159.65784284522317,3.3326204067013094,3.2531821209483147,1.4373689772940312
22,2.0,3,TDCA,1.0,159.65784284522317,3.84850955271166,3.8596734268165616,2.1454412371333293
22,2.0,3,ImprovedTDCA,1.0,159.65784284522317,4.511553496658948,4.655673191661216,3.05227056502693
22,2.0,3,TriBranchTDCA,1.0,159.65784284522317,4.530440562190779,4.598041136104435,3.118275084548333
22,2.0,4,CCA,0.875,123.53065122989955,1.2075842849016567,1.187535717734435,0.040504590662281625
22,2.0,4,FBCCA,0.975,150.63396323757408,3.3705075238811952,3.4937987037236953,0.40601429162322145
22,2.0,4,TDCA,0.975,150.63396323757408,3.7833293494766638,3.8804289574087654,0.9710259950412876
22,2.0,4,ImprovedTDCA,0.975,150.63396323757408,4.348795058406252,4.633421470538062,0.2097170957884651
22,2.0,4,TriBranchTDCA,0.975,150.63396323757408,4.358065707560465,4.6393104089293615,0.7482166081561756
22,2.0,5,CCA,0.8,106.28758668682651,1.276610239268028,1.196827681793402,0.007291321105798554
22,2.0,5,FBCCA,1.0,159.65784284522317,3.228075393857284,3.4707029252428585,0.7636485575058747
22,2.0,5,TDCA,1.0,159.65784284522317,3.8748148285135513,3.923320186582973,2.214782988740732
22,2.0,5,ImprovedTDCA,1.0,159.65784284522317,4.421257259769243,4.453017378878815,2.6169941334405378
22,2.0,5,TriBranchTDCA,1.0,159.65784284522317,4.504888549255201,4.566913701871561,2.893569500359363
22,4.0,0,CCA,1.0,79.82892142261159,3.2961156303626473,3.458708371186203,0.9032359750270182
22,4.0,0,FBCCA,1.0,79.82892142261159,4.857096606449536,4.903432591744593,2.9399145965312856
22,4.0,0,TDCA,1.0,79.82892142261159,4.774982951511629,4.778904299854478,3.9193543371163524
22,4.0,0,ImprovedTDCA,1.0,79.82892142261159,5.200718906220053,5.325763765896314,3.446290267009056
22,4.0,0,TriBranchTDCA,1.0,79.82892142261159,5.171670564557718,5.201366062601787,3.640359974881938
22,4.0,1,CCA,1.0,79.82892142261159,3.082528795410519,3.1454173033862762,0.35362272922987037
22,4.0,1,FBCCA,1.0,79.82892142261159,4.828665761916932,4.973351946922282,2.9448210756347937
22,4.0,1,TDCA,1.0,79.82892142261159,4.832796723153258,4.8317875074793175,3.903824895688583
22,4.0,1,ImprovedTDCA,1.0,79.82892142261159,5.203963880128592,5.311413120827202,3.6257533901014085
22,4.0,1,TriBranchTDCA,1.0,79.82892142261159,5.19719249458581,5.257677250499523,3.9731504706543723
22,4.0,2,CCA,1.0,79.82892142261159,2.976931462887621,3.031647032909598,0.8645089712456198
22,4.0,2,FBCCA,1.0,79.82892142261159,4.8917467778997095,5.099696241100215,3.39805378757628
22,4.0,2,TDCA,1.0,79.82892142261159,4.660631434682253,4.685718221282146,3.895464031215549
22,4.0,2,ImprovedTDCA,1.0,79.82892142261159,5.2072163020899795,5.297984884835721,3.7408922869030343
22,4.0,2,TriBranchTDCA,1.0,79.82892142261159,5.184294509502664,5.198640152253235,4.225584142298463
22,4.0,3,CCA,0.925,68.11817076519296,2.426109287607973,2.621947577237243,0.2071956613059105
22,4.0,3,FBCCA,1.0,79.82892142261159,4.686733450053188,4.812088146667644,1.699051111380343
22,4.0,3,TDCA,1.0,79.82892142261159,4.6389978646258765,4.700724295773785,3.80612471544858
22,4.0,3,ImprovedTDCA,1.0,79.82892142261159,5.107747673155283,5.26817624793247,3.8460623778462955
22,4.0,3,TriBranchTDCA,1.0,79.82892142261159,5.090248244588031,5.1711280404073605,4.258043538034908
22,4.0,4,CCA,0.925,68.11817076519296,2.1999021498201103,2.1393108079130823,0.2582499015903954
22,4.0,4,FBCCA,1.0,79.82892142261159,4.62499633233694,4.879213327375174,2.6380731775568123
22,4.0,4,TDCA,0.975,75.31698161878704,4.572234003202981,4.700061278800229,0.19567613676322537
22,4.0,4,ImprovedTDCA,0.975,75.31698161878704,5.005023480399089,5.160167034231241,1.3504113616744293
22,4.0,4,TriBranchTDCA,0.975,75.31698161878704,4.948626512847614,5.059115665056242,0.9797956842432463
22,4.0,5,CCA,0.9,64.86588419117786,2.4773859168681818,2.744495242922013,0.17392466362684278
22,4.0,5,FBCCA,1.0,79.82892142261159,4.659211208266446,4.857648323389437,2.0106679016260913
22,4.0,5,TDCA,1.0,79.82892142261159,4.680589854845576,4.801565222670703,3.2427672407868293
22,4.0,5,ImprovedTDCA,1.0,79.82892142261159,5.093447269862291,5.103746926401376,3.985661200262421
22,4.0,5,TriBranchTDCA,1.0,79.82892142261159,5.1086025912425495,5.148849631606119,4.088756324728934
23,0.3,0,CCA,0.0,7.30517519781877,0.09239118516066676,0.028458993402051713,0.0016060734408922528
23,0.3,0,FBCCA,0.1,19.21410086441142,0.21905917799147928,0.16905982552159982,0.002205544427491768
23,0.3,0,TDCA,0.55,390.1445284823086,0.7241575537386961,0.6695233207127571,0.026754033498683327
23,0.3,0,ImprovedTDCA,0.575,418.38477784954415,0.8506154509095619,0.845415396090527,0.0022791462257623074
23,0.3,0,TriBranchTDCA,0.6,447.363322577559,0.8398249142872214,0.6177771776653752,0.0053255566090364415
23,0.3,1,CCA,0.025,0.0,0.08669167534082314,0.03032184422552131,0.002104700677293403
23,0.3,1,FBCCA,0.05,2.8798059704541856,0.25320177551927986,0.17485121032227058,0.014935853008169797
23,0.3,1,TDCA,0.6,447.363322577559,0.6944262181653695,0.6708974102866971,0.017733076144626825
23,0.3,1,ImprovedTDCA,0.65,507.5938525820171,0.7066441508466783,0.6128702000272815,0.012331977333317035
23,0.3,1,TriBranchTDCA,0.725,603.9788612811258,0.6978705453242854,0.6218955688295601,0.023098818943719346
23,0.3,2,CCA,0.0,7.30517519781877,0.06315069754548626,0.024502060264158465,8.72000982539145e-05
23,0.3,2,FBCCA,0.15,43.899180827610174,0.23118208191341444,0.17287535437232138,0.002651648698851483
23,0.3,2,TDCA,0.775,672.7039533260687,0.661473892337783,0.5462749100687211,0.005878296101142322
23,0.3,2,ImprovedTDCA,0.9,864.8784558823714,0.8467886965093546,0.7244075800466119,0.00851746453597313
23,0.3,2,TriBranchTDCA,0.85,783.855491468325,0.9852749390034102,0.845000052904347,0.036340268580751456
23,0.3,3,CCA,0.1,19.21410086441142,0.10019604080240999,0.02893327251119493,2.35123082599209e-05
23,0.3,3,FBCCA,0.05,2.8798059704541856,0.20523144678073285,0.13900919291085923,0.0026850036521159915
23,0.3,3,TDCA,0.875,823.537674865997,0.879711604397771,0.8100846370919399,0.012914139201683827
23,0.3,3,ImprovedTDCA,0.85,783.855491468325,0.9483075316190931,0.9189281455580752,0.005308759418303
23,0.3,3,TriBranchTDCA,0.825,745.5933743059824,1.1398214932908006,1.0685981268311622,0.004028782629116101
23,0.3,4,CCA,0.075,9.723899662657054,0.1018170244572009,0.05164433953444403,0.00013303248791984856
23,0.3,4,FBCCA,0.075,9.723899662657054,0.23766541498754287,0.17288986597864286,3.298426843678648e-05
23,0.3,4,TDCA,0.7,571.003305999599,0.6457053308406109,0.5551209958683514,0.0030269775394411447
23,0.3,4,ImprovedTDCA,0.65,507.5938525820171,0.7411865291333527,0.6433181989752909,0.03274767721445104
23,0.3,4,TriBranchTDCA,0.675,538.8872502451933,0.8325498552687737,0.7657629255570759,0.012542668698819481
23,0.3,5,CCA,0.0,7.30517519781877,0.1191527139412151,0.043569088786939325,0.00011908332816512601
23,0.3,5,FBCCA,0.025,0.0,0.1807347495183675,0.1309296927684782,0.0014415634688733636
23,0.3,5,TDCA,0.775,672.7039533260687,0.7869887707912888,0.6622242844897032,0.013098267257797058
23,0.3,5,ImprovedTDCA,0.75,637.8598831425336,0.8346933846253748,0.8028745207880277,0.04391179108086796
23,0.3,5,TriBranchTDCA,0.775,672.7039533260687,0.9600100292086651,0.9484112149329151,0.016862719958900207
23,0.5,0,CCA,0.1,11.528460518646853,0.10675567067961653,0.04035979292601677,0.00021913009415053253
23,0.5,0,FBCCA,0.2,44.6013869892241,0.3066727932414194,0.2091920755517097,9.010090396266435e-05
23,0.5,0,TDCA,0.775,403.6223719956412,0.8541083560493373,0.7351527524481829,0.0036633325174721953
23,0.5,0,ImprovedTDCA,0.775,403.6223719956412,1.0909415439673937,1.1201580839151317,0.025336993213792347
23,0.5,0,TriBranchTDCA,0.725,362.3873167686754,1.119022749118547,0.9805433540959198,0.017294923810049045
23,0.5,1,CCA,0.275,76.975596950114,0.10342444202178211,0.07314383504509614,0.0017735592705969694
23,0.5,1,FBCCA,0.3,88.90267709437161,0.3613643891464435,0.27286701897589616,0.016721554416727624
23,0.5,1,TDCA,0.8,425.15034674730606,0.8839645110970592,0.8153514236085778,0.0988912261629733
23,0.5,1,ImprovedTDCA,0.825,447.3560245835894,0.9055007624734313,0.7397730233056093,0.050245151104722385
23,0.5,1,TriBranchTDCA,0.8,425.15034674730606,1.1686599139772746,1.1979948128266988,0.03280424552314942
23,0.5,2,CCA,0.225,54.7858255507327,0.07957715652092594,0.06263964692862756,0.005883841063971884
23,0.5,2,FBCCA,0.4,141.56834029384152,0.3689188032042116,0.31531643128879505,0.013904499973031115
23,0.5,2,TDCA,0.875,494.1226049195982,0.9867568106827683,0.9901098554778558,0.026016804717154507
23,0.5,2,ImprovedTDCA,0.95,572.5513232193952,1.441908152213332,1.494704291167392,0.06839447297652779
23,0.5,2,TriBranchTDCA,0.9,518.9270735294228,1.4905418372036592,1.4490266722088638,0.08633228312789476
23,0.5,3,CCA,0.1,11.528460518646853,0.09716465465387757,0.06890562579226789,0.0014408266334835496
23,0.5,3,FBCCA,0.225,54.7858255507327,0.4015383690103881,0.35714404130382804,0.006906504557795179
23,0.5,3,TDCA,0.95,572.5513232193952,1.2349257170997223,1.3782357438502388,0.01627237513838331
23,0.5,3,ImprovedTDCA,0.975,602.5358529502963,1.6410798606985544,1.61879595133134,0.12895083184022127
23,0.5,3,TriBranchTDCA,0.975,602.5358529502963,1.73993643221382,1.679287960677261,0.1632791534374154
23,0.5,4,CCA,0.15,26.339508496566104,0.13783380391358763,0.04654443394388075,0.0018196980470939206
23,0.5,4,FBCCA,0.275,76.975596950114,0.26694513181230295,0.23251864053337434,0.03093111071546817
23,0.5,4,TDCA,0.85,470.313294880995,1.0126894776861672,0.914453185819668,0.10491728558087177
23,0.5,4,ImprovedTDCA,0.85,470.313294880995,1.183213576845698,1.2425337894201267,0.035512759934544835
23,0.5,4,TriBranchTDCA,0.825,447.3560245835894,1.3341184985802084,1.434565010848456,0.028687987077300914
23,0.5,5,CCA,0.15,26.339508496566104,0.09906726957244208,0.04914023130477618,0.002733645867250445
23,0.5,5,FBCCA,0.45,170.66189046303805,0.2822247299939987,0.18424117085711,0.004252663921315403
23,0.5,5,TDCA,0.8,425.15034674730606,0.9941605237445635,1.0062195161239011,0.022577915772127533
23,0.5,5,ImprovedTDCA,0.925,544.9453661215437,1.4460428929806297,1.4778162839588325,0.014204259586140022
23,0.5,5,TriBranchTDCA,0.9,518.9270735294228,1.4696711399727345,1.5153054694341586,0.05312752102171325
23,1.0,0,CCA,0.4,70.78417014692076,0.18343385223244646,0.1230223378744999,0.008420147803985367
23,1.0,0,FBCCA,0.675,161.66617507355798,0.8043739581645696,0.8357423481659686,0.02522391670760049
23,1.0,0,TDCA,0.925,272.47268306077183,1.7470424533291413,1.831026610284232,0.09094195434514796
23,1.0,0,ImprovedTDCA,0.925,272.47268306077183,2.4585878052119363,2.5897865124011283,0.06771100024830234
23,1.0,0,TriBranchTDCA,0.95,286.2756616096976,2.493390241390788,2.7385935358798,0.33191818380872773
23,1.0,1,CCA,0.525,108.78996971309905,0.2731177387835326,0.16868995448971447,0.000696227620032186
23,1.0,1,FBCCA,0.9,259.4635367647114,1.1389660618863313,1.0176558311131185,0.104716843840166
23,1.0,1,TDCA,0.95,286.2756616096976,1.7767432474168736,1.780927077889157,0.1629860908897074
23,1.0,1,ImprovedTDCA,0.975,301.26792647514816,2.8071001201629437,3.015589929627218,0.21887413940054312
23,1.0,1,TriBranchTDCA,0.975,301.26792647514816,2.450377444085709,2.3921798686518665,0.08844588249850704
23,1.0,2,CCA,0.65,152.27815577460512,0.2801781938115321,0.2406823684431525,0.0074532806573586186
23,1.0,2,FBCCA,0.975,301.26792647514816,1.3463088242111336,1.2945638318371917,0.02878217845643194
23,1.0,2,TDCA,1.0,319.31568569044634,2.177813088803725,2.2276584230450305,0.6378393487569625
23,1.0,2,ImprovedTDCA,1.0,319.31568569044634,3.120103149194367,3.169924766040671,0.9913399262389546
23,1.0,2,TriBranchTDCA,1.0,319.31568569044634,3.0820928218253205,3.14046666899833,1.2659133903152187
23,1.0,3,CCA,0.475,92.93376305651233,0.22826927874805328,0.19693208503212278,0.01196046478693047
23,1.0,3,FBCCA,0.925,272.47268306077183,1.2362056707958224,1.1706793064500496,0.30089945951310604
23,1.0,3,TDCA,1.0,319.31568569044634,2.3424400420460727,2.431777254958527,0.9675700386237684
23,1.0,3,ImprovedTDCA,1.0,319.31568569044634,3.1976682872100186,3.2063827244620917,0.8205173404286472
23,1.0,3,TriBranchTDCA,1.0,319.31568569044634,3.1524476577561638,3.308019350282173,1.4286337343800977
23,1.0,4,CCA,0.45,85.33094523151902,0.22022896673878184,0.1630802476896881,0.005622511225454652
23,1.0,4,FBCCA,0.8,212.57517337365303,0.9532513642104838,0.7930425754946357,0.06602955239638186
23,1.0,4,TDCA,0.925,272.47268306077183,1.8139618318652275,1.9393135732976996,0.050448201469487586
23,1.0,4,ImprovedTDCA,0.95,286.2756616096976,2.5385025095271523,2.802668315086178,0.08044540785753118
23,1.0,4,TriBranchTDCA,0.95,286.2756616096976,2.40781069719712,2.6565279518148923,0.13100433610835416
23,1.0,5,CCA,0.525,108.78996971309905,0.27391184003066904,0.22500770232848455,0.01860994645578362
23,1.0,5,FBCCA,0.95,286.2756616096976,1.3545418826529105,1.2006795712219134,0.15717548449555085
23,1.0,5,TDCA,0.975,301.26792647514816,2.225061198791604,2.366982600438072,0.19215571061696712
23,1.0,5,ImprovedTDCA,1.0,319.31568569044634,3.17367081709767,3.158420476226979,0.834146109585763
23,1.0,5,TriBranchTDCA,1.0,319.31568569044634,3.089589764391389,3.2338628152565874,0.5560823073239156
23,2.0,0,CCA,0.825,111.83900614589734,0.8164151976979607,0.8887601124915716,0.007968750396264213
23,2.0,0,FBCCA,0.95,143.1378308048488,2.3832139387021916,2.699429518932406,0.06735707726139051
23,2.0,0,TDCA,0.95,143.1378308048488,2.515444846524526,2.5907451186288273,0.21953836450253883
23,2.0,0,ImprovedTDCA,0.975,150.63396323757408,3.9686541656543866,4.313361598567933,0.6487419451372123
23,2.0,0,TriBranchTDCA,0.95,143.1378308048488,3.7750366459204416,4.018722375690953,0.8541782534399123
23,2.0,1,CCA,0.85,117.57832372024875,1.0821836211006992,0.9731577435760459,0.02136351323763419
23,2.0,1,FBCCA,0.975,150.63396323757408,2.85978751177694,3.0257790406732257,0.5131714746556493
23,2.0,1,TDCA,1.0,159.65784284522317,2.5605149675476104,2.7827957768437326,0.6467044759888334
23,2.0,1,ImprovedTDCA,1.0,159.65784284522317,4.1353260779671235,4.488826401967099,2.2498955838897503
23,2.0,1,TriBranchTDCA,1.0,159.65784284522317,2.858706288081053,3.1514542004875077,0.6222841043790668
23,2.0,2,CCA,0.95,143.1378308048488,1.1346301624582786,1.0755429128876686,0.1260323196079498
23,2.0,2,FBCCA,0.975,150.63396323757408,3.1643370407366893,3.2908673584724824,0.4129398275013725
23,2.0,2,TDCA,1.0,159.65784284522317,3.082205673304662,3.262941362972052,1.8343663679050688
23,2.0,2,ImprovedTDCA,1.0,159.65784284522317,4.5008423596910445,4.524544524424446,2.3620138009173948
23,2.0,2,TriBranchTDCA,1.0,159.65784284522317,3.805226144655598,3.8240317307749314,2.529617522330477
23,2.0,3,CCA,0.95,143.1378308048488,1.0682510331758266,1.2260684393467867,0.04887609800266102
23,2.0,3,FBCCA,1.0,159.65784284522317,3.0531222083927454,3.1854034692446556,0.7670162154778475
23,2.0,3,TDCA,1.0,159.65784284522317,3.065549878419337,3.0390915834133665,1.5691102092356548
23,2.0,3,ImprovedTDCA,1.0,159.65784284522317,4.491462599641655,4.665556239118661,2.9143497350052185
23,2.0,3,TriBranchTDCA,1.0,159.65784284522317,3.7144614813098613,3.678752202033258,2.3281951903485383
23,2.0,4,CCA,0.775,100.9055929989103,0.9631621792998457,0.9719026677463543,0.037851528854845995
23,2.0,4,FBCCA,0.925,136.23634153038591,2.6346642028457934,2.817265465451151,0.01258376039177933
23,2.0,4,TDCA,0.975,150.63396323757408,2.498305359227446,2.64866998969123,0.21550223781398392
23,2.0,4,ImprovedTDCA,1.0,159.65784284522317,3.77375421355174,4.284570566768733,0.06811862842133198
23,2.0,4,TriBranchTDCA,1.0,159.65784284522317,2.956589891451407,3.3022316148618405,0.25972015460973763
23,2.0,5,CCA,0.925,136.23634153038591,1.1410871050117142,1.0940496488086269,0.12455934068946961
23,2.0,5,FBCCA,1.0,159.65784284522317,3.1715923297231883,3.175802230225603,1.5964129045883024
23,2.0,5,TDCA,1.0,159.65784284522317,3.1351244712162916,3.225921107567256,0.5830614238219232
23,2.0,5,ImprovedTDCA,1.0,159.65784284522317,4.452905408327733,4.61597802313414,2.6700958706356044
23,2.0,5,TriBranchTDCA,1.0,159.65784284522317,3.812667449749928,3.8821020720352037,1.3724934184916597
23,4.0,0,CCA,0.85,58.78916186012437,2.739213994715128,2.9843523444564846,0.00798502201593787
23,4.0,0,FBCCA,0.95,71.5689154024244,4.03278472539701,4.622015013183792,0.5188602985263278
23,4.0,0,TDCA,0.95,71.5689154024244,3.404686732912738,3.7027248267839115,0.2166577245194956
23,4.0,0,ImprovedTDCA,0.975,75.31698161878704,4.4694618371409005,4.926363483015524,0.2659721170168221
23,4.0,0,TriBranchTDCA,0.95,71.5689154024244,4.250863232359307,4.664837284491602,0.18606268713863017
23,4.0,1,CCA,1.0,79.82892142261159,3.2250883342450636,3.510524677317647,0.7092988023701294
23,4.0,1,FBCCA,1.0,79.82892142261159,4.663901830607604,4.719971027429707,2.9089944262213416
23,4.0,1,TDCA,1.0,79.82892142261159,3.617066431326923,3.8342475583116515,0.4554320426774283
23,4.0,1,ImprovedTDCA,1.0,79.82892142261159,4.558145977870314,4.615686056713614,2.437652800734484
23,4.0,1,TriBranchTDCA,1.0,79.82892142261159,4.535811379323138,4.68199694035987,2.1895517212509925
23,4.0,2,CCA,1.0,79.82892142261159,3.290071367942013,3.3928625532659056,0.9133302748298253
23,4.0,2,FBCCA,1.0,79.82892142261159,4.729016798409502,4.862960542822663,2.8167840323207556
23,4.0,2,TDCA,1.0,79.82892142261159,4.283345979763391,4.414295131468203,2.534991936412936
23,4.0,2,ImprovedTDCA,1.0,79.82892142261159,4.962953662935772,5.088353129483826,3.1569373520068496
23,4.0,2,TriBranchTDCA,1.0,79.82892142261159,5.014200909333868,5.085722167535151,3.579168106720542
23,4.0,3,CCA,1.0,79.82892142261159,3.2148228656170352,3.2222245245931713,1.235721242090578
23,4.0,3,FBCCA,1.0,79.82892142261159,4.936801534080681,5.048390896781108,3.025464852059201
23,4.0,3,TDCA,1.0,79.82892142261159,4.30237221922035,4.439589885011922,3.0432475332502196
23,4.0,3,ImprovedTDCA,1.0,79.82892142261159,4.978348375856696,5.155899940374031,3.353411627870675
23,4.0,3,TriBranchTDCA,1.0,79.82892142261159,4.999017362361923,5.13820417695686,3.601591151810172
23,4.0,4,CCA,0.9,64.86588419117786,2.928281905490564,3.172415430334091,0.04671690421381358
23,4.0,4,FBCCA,1.0,79.82892142261159,4.313281027172232,4.650323512306063,0.7265580995186356
23,4.0,4,TDCA,0.975,75.31698161878704,3.8190613931741964,4.162637819146683,1.4779715164915166
23,4.0,4,ImprovedTDCA,0.975,75.31698161878704,4.392968224088588,4.595905860274048,0.7731729355933172
23,4.0,4,TriBranchTDCA,0.975,75.31698161878704,4.520379419988812,4.774752945674279,0.3834783299692024
23,4.0,5,CCA,1.0,79.82892142261159,3.359212293911239,3.357880903943727,0.3661750167398452
23,4.0,5,FBCCA,1.0,79.82892142261159,4.73991826444731,5.003169546808765,2.730452447908311
23,4.0,5,TDCA,1.0,79.82892142261159,4.2637114823509945,4.414660384173842,1.7611006199882147
23,4.0,5,ImprovedTDCA,1.0,79.82892142261159,4.878244685005099,4.8581000677505015,3.2692874907507203
23,4.0,5,TriBranchTDCA,1.0,79.82892142261159,4.929062793775329,4.935327941183826,2.8668665011020185
24,0.3,0,CCA,0.075,9.723899662657054,0.0985097377351147,0.03768099957229021,0.0017689483980176668
24,0.3,0,FBCCA,0.1,19.21410086441142,0.22565863618160095,0.15504041789677847,0.0006496265966882131
24,0.3,0,TDCA,0.75,637.8598831425336,0.6062791837479908,0.45044362315684894,0.0035104874185827306
24,0.3,0,ImprovedTDCA,0.8,708.5839112455101,0.7194025960408039,0.5797923220983527,0.0052765302476940334
24,0.3,0,TriBranchTDCA,0.775,672.7039533260687,0.7205594534324744,0.6719079122109296,0.01983125182793577
24,0.3,1,CCA,0.125,30.727342036659877,0.06871221333184704,0.038298807590487316,0.0011833827033689293
24,0.3,1,FBCCA,0.1,19.21410086441142,0.22972046858513454,0.1577242955808682,0.006186307109656619
24,0.3,1,TDCA,0.825,745.5933743059824,0.590173183146719,0.396860842890324,0.008943070176715473
24,0.3,1,ImprovedTDCA,0.85,783.855491468325,0.6184394285692116,0.4696855417413768,0.018671856483912563
24,0.3,1,TriBranchTDCA,0.85,783.855491468325,0.7564984440128468,0.6706220419899297,0.007277502159055871
24,0.3,2,CCA,0.05,2.8798059704541856,0.09319944961481921,0.054401187696580644,0.0006020584866508472
24,0.3,2,FBCCA,0.075,9.723899662657054,0.2170658602358539,0.15797763993087377,0.006652533284051465
24,0.3,2,TDCA,0.825,745.5933743059824,0.7103545441624438,0.7350647231271512,0.05392182684918789
24,0.3,2,ImprovedTDCA,0.825,745.5933743059824,0.7607913668337255,0.7432552174118816,0.0050160079094014876
24,0.3,2,TriBranchTDCA,0.75,637.8598831425336,0.7651984548597228,0.6120678085747118,0.0013526754036676802
24,0.3,3,CCA,0.05,2.8798059704541856,0.08660096905260901,0.03278419808638788,0.0013565719663715115
24,0.3,3,FBCCA,0.075,9.723899662657054,0.21939438485579604,0.12363759671676355,0.0029964391935615176
24,0.3,3,TDCA,0.65,507.5938525820171,0.5213459116418633,0.36555437555005776,0.008043622470327305
24,0.3,3,ImprovedTDCA,0.75,637.8598831425336,0.5631709228354994,0.4193376874757927,0.024827449241114685
24,0.3,3,TriBranchTDCA,0.75,637.8598831425336,0.6757869072833481,0.6372400708003176,0.029112081134240686
24,0.3,4,CCA,0.0,7.30517519781877,0.03650178067623318,0.018628875038654513,1.991800443557068e-05
24,0.3,4,FBCCA,0.05,2.8798059704541856,0.16577854311255397,0.1416796851394324,0.002630987585318989
24,0.3,4,TDCA,0.775,672.7039533260687,0.7243855597791974,0.7676850430957679,0.009370613496491487
24,0.3,4,ImprovedTDCA,0.85,783.855491468325,0.7462655154703788,0.7481151425251293,0.006317299005312416
24,0.3,4,TriBranchTDCA,0.775,672.7039533260687,0.7853215098114906,0.7714324637264062,0.011340019004021595
24,0.3,5,CCA,0.1,19.21410086441142,0.07349335985504296,0.028561590727309905,0.0006425659744264678
24,0.3,5,FBCCA,0.075,9.723899662657054,0.2163893842751472,0.12889024393932147,0.0009135844127718951
24,0.3,5,TDCA,0.875,823.537674865997,0.5678754788865098,0.5048929568113634,0.008877713431867162
24,0.3,5,ImprovedTDCA,0.9,864.8784558823714,0.5928597056151765,0.5422048898862132,0.0030056869052368373
24,0.3,5,TriBranchTDCA,0.8,708.5839112455101,0.773263420490783,0.7048101606732478,0.013552595967646575
24,0.5,0,CCA,0.325,101.3454569549014,0.0910188182635269,0.05954572527348467,0.000550856083222584
24,0.5,0,FBCCA,0.275,76.975596950114,0.2543087701965169,0.20406029564023842,0.013262708978873938
24,0.5,0,TDCA,0.95,572.5513232193952,0.7845546289716265,0.7474117103585202,0.00364284062282616
24,0.5,0,ImprovedTDCA,0.95,572.5513232193952,0.8220909823067583,0.7127468654426046,0.00936404561136328
24,0.5,0,TriBranchTDCA,1.0,638.6313713808927,1.1929120403932587,1.0589432603628552,0.17891246572215191
24,0.5,1,CCA,0.15,26.339508496566104,0.09940983112086574,0.06578023026401791,0.0029892823685040426
24,0.5,1,FBCCA,0.2,44.6013869892241,0.28415633490728154,0.22776757026943795,0.0052179163669276996
24,0.5,1,TDCA,0.95,572.5513232193952,0.8972502619974438,0.8972749262266415,0.004397831599334268
24,0.5,1,ImprovedTDCA,0.95,572.5513232193952,1.0280716702276254,1.0015633836413578,0.20154277868761072
24,0.5,1,TriBranchTDCA,0.975,602.5358529502963,1.198839748038242,1.2810325721826512,0.09593289166902208
24,0.5,2,CCA,0.075,5.834339797594232,0.07063229314726141,0.0562936092640538,0.0013423514238015688
24,0.5,2,FBCCA,0.275,76.975596950114,0.28366793796788414,0.18362529271986405,0.0159348689929526
24,0.5,2,TDCA,0.9,518.9270735294228,0.7914540740531727,0.7876274961828271,0.10222059671237349
24,0.5,2,ImprovedTDCA,0.9,518.9270735294228,0.853373392333309,0.7825591750344363,0.13472261922071604
24,0.5,2,TriBranchTDCA,0.9,518.9270735294228,1.21376818649239,1.2383862144224949,0.0003986944043521401
24,0.5,3,CCA,0.15,26.339508496566104,0.0933197194248101,0.040960211749328956,0.0027150089025889113
24,0.5,3,FBCCA,0.2,44.6013869892241,0.2868651006497556,0.23734124113363197,0.00013275206638097004
24,0.5,3,TDCA,0.875,494.1226049195982,0.7601117479733404,0.7219515223817541,0.02994421930456248
24,0.5,3,ImprovedTDCA,0.875,494.1226049195982,0.8177654549260998,0.7641188348234329,0.00435569002750702
24,0.5,3,TriBranchTDCA,0.9,518.9270735294228,1.1397331404924596,1.1147133006130736,0.017782836612452835
24,0.5,4,CCA,0.125,18.436405221995926,0.08487338097140498,0.05793371954144699,0.0038792923884385377
24,0.5,4,FBCCA,0.3,88.90267709437161,0.28610180129133655,0.2545705020576261,0.017280871010888266
24,0.5,4,TDCA,0.95,572.5513232193952,0.8452878748806784,0.8060704342658697,0.1681999969213095
24,0.5,4,ImprovedTDCA,0.95,572.5513232193952,0.8822301112085246,0.7848864216022965,0.00909293587599036
24,0.5,4,TriBranchTDCA,0.975,602.5358529502963,1.08604597783224,1.1189410374983146,0.07859508458343178
24,0.5,5,CCA,0.1,11.528460518646853,0.06511889510128187,0.05797979676003029,0.001277913440857148
24,0.5,5,FBCCA,0.225,54.7858255507327,0.2621305907071513,0.1586441699395602,0.03558259382758844
24,0.5,5,TDCA,0.975,602.5358529502963,0.8773009481136572,0.7473106567784946,0.04121349022566534
24,0.5,5,ImprovedTDCA,0.95,572.5513232193952,1.024973664606178,0.8655340998583025,0.04612711484534193
24,0.5,5,TriBranchTDCA,0.975,602.5358529502963,1.1573593199197763,1.0324283802344858,0.15572462263534792
24,1.0,0,CCA,0.725,181.1936583843377,0.29115726353628146,0.24743171727010838,0.002711032633313959
24,1.0,0,FBCCA,0.725,181.1936583843377,0.7471832592853627,0.6134890552779635,0.007790647554378527
24,1.0,0,TDCA,1.0,319.31568569044634,2.223713577147452,2.2155388075410047,1.235117982620821
24,1.0,0,ImprovedTDCA,1.0,319.31568569044634,3.0068914796356703,3.1006854807086284,1.5430446318070574
24,1.0,0,TriBranchTDCA,1.0,319.31568569044634,3.063332298894888,3.104289702758903,1.7064866920404582
24,1.0,1,CCA,0.525,108.78996971309905,0.23885902023203148,0.16841411793994432,0.010125797614136012
24,1.0,1,FBCCA,0.85,235.1566474404975,0.6604046012887499,0.5320986334317537,0.011881250672509669
24,1.0,1,TDCA,1.0,319.31568569044634,2.1184358342061897,2.1356884090324995,0.5328450723129388
24,1.0,1,ImprovedTDCA,1.0,319.31568569044634,2.854361755018477,2.9229584613289967,0.34338481497899664
24,1.0,1,TriBranchTDCA,1.0,319.31568569044634,2.9142749658445055,2.936305846233094,0.4055491121771353
24,1.0,2,CCA,0.6,134.2089967732677,0.2846596324839682,0.22277289893464647,0.01641556222976437
24,1.0,2,FBCCA,0.825,223.6780122917947,0.7184743337960457,0.6123351255511003,0.07727176512964506
24,1.0,2,TDCA,1.0,319.31568569044634,2.0388320701949403,2.0781469444784224,0.6739998971195331
24,1.0,2,ImprovedTDCA,0.975,301.26792647514816,2.841610688602048,3.028657349578501,0.20719161378663165
24,1.0,2,TriBranchTDCA,1.0,319.31568569044634,2.9475227680747005,3.179436522880286,0.25082613948752774
24,1.0,3,CCA,0.475,92.93376305651233,0.2039554336420512,0.15887756126088115,0.0019774990756897814
24,1.0,3,FBCCA,0.675,161.66617507355798,0.5339606844488852,0.4097855588839443,0.038509276994290964
24,1.0,3,TDCA,1.0,319.31568569044634,1.8656596013646585,1.8700638197969732,0.14943555026023514
24,1.0,3,ImprovedTDCA,1.0,319.31568569044634,2.6065944268432517,2.504211949247913,0.981815121530679
24,1.0,3,TriBranchTDCA,1.0,319.31568569044634,2.7234801009226195,2.7271529068717273,0.7927112992742082
24,1.0,4,CCA,0.525,108.78996971309905,0.21782055845009923,0.16390346309196802,0.00717149501643588
24,1.0,4,FBCCA,0.775,201.8111859978206,0.6741487759249195,0.5637629175169472,0.02937761774607539
24,1.0,4,TDCA,1.0,319.31568569044634,2.147108204479683,2.152778362135401,0.48963102689260074
24,1.0,4,ImprovedTDCA,1.0,319.31568569044634,2.931677677672396,3.0323336400775913,0.7187387192151213
24,1.0,4,TriBranchTDCA,1.0,319.31568569044634,3.009853868829002,3.1371412629583277,1.286731624307948
24,1.0,5,CCA,0.675,161.66617507355798,0.23598389623628124,0.2111611016498609,0.0035573843054388377
24,1.0,5,FBCCA,0.7,171.30099179987968,0.6645900391928149,0.6526580794201666,0.0035349913326463422
24,1.0,5,TDCA,0.975,301.26792647514816,2.0485032702540917,2.0665715088459056,0.2463404240986624
24,1.0,5,ImprovedTDCA,1.0,319.31568569044634,2.740681077405582,3.0307790980076676,0.004731076206605955
24,1.0,5,TriBranchTDCA,1.0,319.31568569044634,2.853883072408775,2.9855081010931217,0.07190591049678696
24,2.0,0,CCA,0.9,129.7317683823557,1.2966216506671557,1.3707604693072284,0.05243754861924499
24,2.0,0,FBCCA,1.0,159.65784284522317,2.8842452639951346,2.855251286415443,0.6742203468206411
24,2.0,0,TDCA,1.0,159.65784284522317,3.3194693140998455,3.315540638188761,1.4072120487620157
24,2.0,0,ImprovedTDCA,1.0,159.65784284522317,4.449639462749219,4.51649243502127,2.8954836112315143
24,2.0,0,TriBranchTDCA,1.0,159.65784284522317,4.376175912586592,4.461059001210877,2.6787381924159206
24,2.0,1,CCA,0.8,106.28758668682651,1.139428981938231,1.1349518471906441,0.008278156013243887
24,2.0,1,FBCCA,0.975,150.63396323757408,2.6849134001545645,2.600210470350754,0.38647779646954206
24,2.0,1,TDCA,0.975,150.63396323757408,3.2447395632272324,3.364943169519143,0.11696709085092794
24,2.0,1,ImprovedTDCA,1.0,159.65784284522317,4.278624649964708,4.423868838777666,0.23383102850435344
24,2.0,1,TriBranchTDCA,0.975,150.63396323757408,4.2016268307647096,4.393740506555078,0.15626403454586546
24,2.0,2,CCA,0.85,117.57832372024875,1.1113972092444673,1.141578455947573,0.03156192891353449
24,2.0,2,FBCCA,0.95,143.1378308048488,2.6259833996762376,2.7075215317722177,0.0202002478608585
24,2.0,2,TDCA,1.0,159.65784284522317,3.2969359117430272,3.2878247076904414,2.0794024308213275
24,2.0,2,ImprovedTDCA,1.0,159.65784284522317,4.251895613874995,4.362692200163228,2.42866088666285
24,2.0,2,TriBranchTDCA,1.0,159.65784284522317,4.247048855147243,4.370949904843263,2.674918544437019
24,2.0,3,CCA,0.85,117.57832372024875,1.1473764456262399,1.1552015174206265,0.05106416250317869
24,2.0,3,FBCCA,1.0,159.65784284522317,2.3863577620476115,2.1917337751751074,0.22204974194883764
24,2.0,3,TDCA,1.0,159.65784284522317,3.1825067239878053,3.3150569925986098,1.920838064872492
24,2.0,3,ImprovedTDCA,1.0,159.65784284522317,4.128896652112475,4.336835558081033,2.733627114840309
24,2.0,3,TriBranchTDCA,1.0,159.65784284522317,4.13041308173838,4.144733874881365,2.9793577699555103
24,2.0,4,CCA,0.775,100.9055929989103,0.868264523108411,0.6102727262299417,0.0015639613119224904
24,2.0,4,FBCCA,1.0,159.65784284522317,2.5750809717087355,2.690070844774371,0.6393282235305429
24,2.0,4,TDCA,1.0,159.65784284522317,3.2633754117416656,3.229031010369535,0.9336359363689275
24,2.0,4,ImprovedTDCA,1.0,159.65784284522317,4.285818114414087,4.404687007183421,2.2910140739804863
24,2.0,4,TriBranchTDCA,1.0,159.65784284522317,4.289676204721326,4.3751714215400614,2.4792608542603554
24,2.0,5,CCA,0.9,129.7317683823557,1.0460507810343578,1.011559518816785,0.08075212483907857
24,2.0,5,FBCCA,0.975,150.63396323757408,2.5796863341927434,2.5918194730584396,0.28194908777120276
24,2.0,5,TDCA,0.975,150.63396323757408,3.273948384809448,3.335951119702145,0.26690651468437987
24,2.0,5,ImprovedTDCA,1.0,159.65784284522317,4.1686962502104175,4.461464383902358,0.41791617146974636
24,2.0,5,TriBranchTDCA,1.0,159.65784284522317,4.135146651920925,4.36320888008647,0.7969099522185044
24,4.0,0,CCA,1.0,79.82892142261159,3.5677294023749475,3.7824755388742943,0.6140719452604282
24,4.0,0,FBCCA,1.0,79.82892142261159,5.057541775166448,5.100534860865971,3.764567274745154
24,4.0,0,TDCA,1.0,79.82892142261159,4.4027044333706105,4.496201130732555,3.4648345551700657
24,4.0,0,ImprovedTDCA,1.0,79.82892142261159,5.259437398427187,5.308080559794147,4.372954683502229
24,4.0,0,TriBranchTDCA,1.0,79.82892142261159,5.089939084051252,5.115764656080581,4.241713671643862
24,4.0,1,CCA,1.0,79.82892142261159,2.6702673826301213,2.7534988470177044,0.31996622863549895
24,4.0,1,FBCCA,1.0,79.82892142261159,4.699163536234358,4.791200059723261,2.585007952433644
24,4.0,1,TDCA,0.975,75.31698161878704,4.1008736037147475,4.212814462532865,0.1570329924378715
24,4.0,1,ImprovedTDCA,1.0,79.82892142261159,4.996656772153125,5.212236623999475,0.11699693958822155
24,4.0,1,TriBranchTDCA,0.975,75.31698161878704,4.837808717915935,5.047073506689532,0.49182343966763065
24,4.0,2,CCA,0.9,64.86588419117786,2.323250790978076,2.444425418620953,0.2717727942579775
24,4.0,2,FBCCA,1.0,79.82892142261159,4.395880329993103,4.649356239971347,1.754247676714034
24,4.0,2,TDCA,1.0,79.82892142261159,4.1614605601321895,4.129680653476685,3.2254297108392143
24,4.0,2,ImprovedTDCA,1.0,79.82892142261159,5.058129192378404,5.070929470698944,4.149342421447228
24,4.0,2,TriBranchTDCA,1.0,79.82892142261159,4.916796664478455,4.892480727030912,4.139475721915193
24,4.0,3,CCA,0.95,71.5689154024244,2.7447907982538142,2.9296390128437606,0.07963538845125973
24,4.0,3,FBCCA,1.0,79.82892142261159,4.598507386574587,4.731729644016875,2.670844805260483
24,4.0,3,TDCA,1.0,79.82892142261159,4.187721048315483,4.299138201284784,1.6958832527215562
24,4.0,3,ImprovedTDCA,1.0,79.82892142261159,4.977914088562533,5.105938787303261,3.1033586194300367
24,4.0,3,TriBranchTDCA,1.0,79.82892142261159,4.858249928154883,4.907292845220745,3.1419410004637562
24,4.0,4,CCA,0.875,61.765325614949774,2.2183429143488125,2.0933929811751786,0.025747199914274876
24,4.0,4,FBCCA,1.0,79.82892142261159,4.600410302513747,4.699464458960953,2.353981022576174
24,4.0,4,TDCA,1.0,79.82892142261159,4.178907427095337,4.29264105675561,1.7597058173836762
24,4.0,4,ImprovedTDCA,1.0,79.82892142261159,5.024644711491588,5.020304892415198,4.143869832689037
24,4.0,4,TriBranchTDCA,1.0,79.82892142261159,4.90537234823689,5.003925794869771,2.881865379482738
24,4.0,5,CCA,0.95,71.5689154024244,2.9924345631848386,3.3349920548496357,0.2419780942418277
24,4.0,5,FBCCA,1.0,79.82892142261159,4.635302608277272,4.90986240085517,0.31472745052974194
24,4.0,5,TDCA,0.975,75.31698161878704,4.116262109146964,4.428342342905987,1.0297993103671226
24,4.0,5,ImprovedTDCA,1.0,79.82892142261159,4.925199457043424,5.175273229864936,0.932415484583732
24,4.0,5,TriBranchTDCA,1.0,79.82892142261159,4.758565797349358,4.993110448407596,0.2546814564180713
25,0.3,0,CCA,0.05,2.8798059704541856,0.07889036113337693,0.03572594268054474,0.0018959210608473498
25,0.3,0,FBCCA,0.05,2.8798059704541856,0.26174083700695683,0.2057425035756162,0.007045125162179922
25,0.3,0,TDCA,0.75,637.8598831425336,0.5379008747251696,0.5656392477504355,0.014028280416014782
25,0.3,0,ImprovedTDCA,0.75,637.8598831425336,0.5720771964793606,0.5736129349071138,0.0051234625261697975
25,0.3,0,TriBranchTDCA,0.725,603.9788612811258,0.5805396216091511,0.47299694348686194,0.001159958999242594
25,0.3,1,CCA,0.05,2.8798059704541856,0.08632718734981701,0.05556417587815621,0.006558599632420448
25,0.3,1,FBCCA,0.1,19.21410086441142,0.21581656866182386,0.17533958329056698,0.004389713460313027
25,0.3,1,TDCA,0.7,571.003305999599,0.4717464131739928,0.39691800610621075,0.005859279739075518
25,0.3,1,ImprovedTDCA,0.7,571.003305999599,0.4956689951890315,0.41728006554634234,0.054324786607960585
25,0.3,1,TriBranchTDCA,0.65,507.5938525820171,0.44698893622524966,0.3225413812296024,0.004546201311514064
25,0.3,2,CCA,0.075,9.723899662657054,0.10628203689219577,0.05881094584299318,0.00271281374505028
25,0.3,2,FBCCA,0.05,2.8798059704541856,0.22974118145451933,0.19454593329312442,0.0006820020181375064
25,0.3,2,TDCA,0.75,637.8598831425336,0.5150693238787667,0.4928150343584925,0.002916084119395812
25,0.3,2,ImprovedTDCA,0.775,672.7039533260687,0.6487184764296312,0.6090538972314914,0.01200374412578098
25,0.3,2,TriBranchTDCA,0.7,571.003305999599,0.64394739362914,0.4972031279015463,0.03157917690822609
25,0.3,3,CCA,0.075,9.723899662657054,0.08917707881880262,0.04435222789394,0.0027535220842533903
25,0.3,3,FBCCA,0.025,0.0,0.2552887598196748,0.15529283108984449,0.0011953635920511907
25,0.3,3,TDCA,0.575,418.38477784954415,0.4329507275364278,0.40552567367125025,0.017201503266476514
25,0.3,3,ImprovedTDCA,0.575,418.38477784954415,0.43509247575467624,0.3716308300620098,0.005437416234004733
25,0.3,3,TriBranchTDCA,0.6,447.363322577559,0.508420749457633,0.3694274156517001,0.0013880129283940779
25,0.3,4,CCA,0.075,9.723899662657054,0.06837184997183235,0.05120889553927177,0.0016937269914782949
25,0.3,4,FBCCA,0.025,0.0,0.19652478886064842,0.11015305496649219,0.001875019762231478
25,0.3,4,TDCA,0.65,507.5938525820171,0.49072081313538246,0.42876040414475336,0.04156317335013471
25,0.3,4,ImprovedTDCA,0.7,571.003305999599,0.5034629305367766,0.4587424571188363,0.0029428287673682885
25,0.3,4,TriBranchTDCA,0.65,507.5938525820171,0.5357119316130101,0.44285967551468464,0.025538238846309902
25,0.3,5,CCA,0.025,0.0,0.10671085813998318,0.039050226986208636,0.001515328199527044
25,0.3,5,FBCCA,0.05,2.8798059704541856,0.28855634914285855,0.23644836143203052,0.0021979509838943034
25,0.3,5,TDCA,0.65,507.5938525820171,0.4520423180620526,0.3631060864167679,0.0009014956280870567
25,0.3,5,ImprovedTDCA,0.675,538.8872502451933,0.47177605754851104,0.37484502383993135,0.0013854646641187074
25,0.3,5,TriBranchTDCA,0.575,418.38477784954415,0.4707813960422366,0.33821664879785285,0.00023355609934894161
25,0.5,0,CCA,0.225,54.7858255507327,0.11019321039040023,0.06172869091392508,0.003773038500232362
25,0.5,0,FBCCA,0.325,101.3454569549014,0.24149683978175435,0.1695886929900411,0.007395734464200832
25,0.5,0,TDCA,0.85,470.313294880995,0.7049745550566568,0.5482380592294864,0.06645430550852982
25,0.5,0,ImprovedTDCA,0.925,544.9453661215437,1.040664273512552,0.9427655388520331,0.04531077157518215
25,0.5,0,TriBranchTDCA,0.9,518.9270735294228,0.9853943128899182,0.8435277946564157,0.03687186532920972
25,0.5,1,CCA,0.225,54.7858255507327,0.12404720073581203,0.04503161698783931,0.004502399368398358
25,0.5,1,FBCCA,0.3,88.90267709437161,0.2805315365067017,0.20571570631118652,0.002762388916913938
25,0.5,1,TDCA,0.775,403.6223719956412,0.7305264404654086,0.545428686947973,0.0019155827030816752
25,0.5,1,ImprovedTDCA,0.875,494.1226049195982,0.9141723330299107,0.9145258952404316,0.03278294348028421
25,0.5,1,TriBranchTDCA,0.85,470.313294880995,0.9571203216194991,0.795015487476531,0.038521994995918796
25,0.5,2,CCA,0.125,18.436405221995926,0.12113593884545612,0.07498374354953252,0.002118398337493055
25,0.5,2,FBCCA,0.125,18.436405221995926,0.2590207366883421,0.20782339252001658,0.007737607923397949
25,0.5,2,TDCA,0.875,494.1226049195982,0.8568793525859834,0.8707647198218954,0.044531048762231684
25,0.5,2,ImprovedTDCA,0.9,518.9270735294228,1.017281449036201,0.9580842809354578,0.007860860777865408
25,0.5,2,TriBranchTDCA,0.9,518.9270735294228,1.2003930647180368,1.2272426324952102,0.06419769318862256
25,0.5,3,CCA,0.3,88.90267709437161,0.07292985060590443,0.05153409050258906,0.004075476122602728
25,0.5,3,FBCCA,0.3,88.90267709437161,0.243275556858432,0.2023778682377395,0.012530538570997729
25,0.5,3,TDCA,0.85,470.313294880995,0.6675903699995063,0.6159769057899158,0.00803199828098533
25,0.5,3,ImprovedTDCA,0.9,518.9270735294228,1.012812040871357,0.9731829556519982,0.14656083952964205
25,0.5,3,TriBranchTDCA,0.9,518.9270735294228,0.9832202378325896,0.8188611651194304,0.009665753435553537
25,0.5,4,CCA,0.175,35.09465151233407,0.11812486647913198,0.05516351140784537,0.001065369287721163
25,0.5,4,FBCCA,0.275,76.975596950114,0.25142800165133716,0.20388764410445281,0.0027998867638354685
25,0.5,4,TDCA,0.825,447.3560245835894,0.7118028203489628,0.5555541810892177,0.0173980738472288
25,0.5,4,ImprovedTDCA,0.85,470.313294880995,1.0002329381781572,0.8635270261633257,0.024978863162684384
25,0.5,4,TriBranchTDCA,0.85,470.313294880995,1.0334781506058852,0.8452858545020285,0.023726712369776637
25,0.5,5,CCA,0.275,76.975596950114,0.07316691057265018,0.05161248142546215,0.0008142056131128506
25,0.5,5,FBCCA,0.25,65.59179675378513,0.22733954075676657,0.13720617301736304,0.0073731533366334645
25,0.5,5,TDCA,0.825,447.3560245835894,0.8072559266412075,0.800923057150659,0.04761032320747205
25,0.5,5,ImprovedTDCA,0.825,447.3560245835894,1.0441353213375966,0.9745320598098299,0.07712596353073886
25,0.5,5,TriBranchTDCA,0.8,425.15034674730606,1.0002895600301671,0.8412502594370439,0.025781754322043993
25,1.0,0,CCA,0.6,134.2089967732677,0.24747289135165734,0.2237868699138834,0.0062944619604210494
25,1.0,0,FBCCA,0.725,181.1936583843377,0.6599654677044343,0.46083558829006743,0.0005906767567114279
25,1.0,0,TDCA,0.925,272.47268306077183,1.496371275979022,1.483735240935982,0.06621396094334209
25,1.0,0,ImprovedTDCA,1.0,319.31568569044634,2.5174104924791436,2.5564176666626923,0.4083165800955837
25,1.0,0,TriBranchTDCA,0.975,301.26792647514816,2.4998171903101793,2.6724466345982405,0.110249463985161
25,1.0,1,CCA,0.75,191.35796494276008,0.18708729816367428,0.1359132007206878,0.006543224156427385
25,1.0,1,FBCCA,0.825,223.6780122917947,0.5826087574821024,0.5962530746313346,0.03283607460021054
25,1.0,1,TDCA,1.0,319.31568569044634,1.6850769852929397,1.8077792958800953,0.2610268250062684
25,1.0,1,ImprovedTDCA,1.0,319.31568569044634,2.621521267680364,2.6713935111768343,1.107301720574779
25,1.0,1,TriBranchTDCA,1.0,319.31568569044634,2.6792118728332115,2.8489245049495264,0.6020199057853723
25,1.0,2,CCA,0.725,181.1936583843377,0.21739041067342274,0.20276357825945834,0.0055519425197916306
25,1.0,2,FBCCA,0.875,247.0613024597991,0.7310787032575068,0.6452713745690755,0.034955685495594135
25,1.0,2,TDCA,1.0,319.31568569044634,2.054958169891421,2.0945538791954625,0.23963532369819784
25,1.0,2,ImprovedTDCA,0.975,301.26792647514816,2.8203544868072936,2.8350274962268323,0.10560278155898484
25,1.0,2,TriBranchTDCA,1.0,319.31568569044634,2.8803656936945083,3.036329561169377,0.167729475164466
25,1.0,3,CCA,0.7,171.30099179987968,0.1784833006207402,0.16101459860607048,0.0008526297506832314
25,1.0,3,FBCCA,0.8,212.57517337365303,0.5854810062419032,0.5059878634306647,0.001984212915716821
25,1.0,3,TDCA,0.975,301.26792647514816,1.7686076016528225,1.763789938768015,0.2385113818006146
25,1.0,3,ImprovedTDCA,1.0,319.31568569044634,2.6788685487978405,2.7968806147098517,0.013261308698790497
25,1.0,3,TriBranchTDCA,0.975,301.26792647514816,2.7036589624230603,2.746319292279402,0.3598877511076424
25,1.0,4,CCA,0.6,134.2089967732677,0.22467922110329352,0.1832315798203572,0.008670552344256066
25,1.0,4,FBCCA,0.7,171.30099179987968,0.4975270113626,0.4833693259711831,0.004823470955259701
25,1.0,4,TDCA,1.0,319.31568569044634,1.704659958778631,1.797260445201903,0.21782342374332497
25,1.0,4,ImprovedTDCA,1.0,319.31568569044634,2.5222008796956854,2.462983609890725,1.1747337829837647
25,1.0,4,TriBranchTDCA,1.0,319.31568569044634,2.6086431964003785,2.6281504536168794,0.901487067366157
25,1.0,5,CCA,0.725,181.1936583843377,0.20779518342841055,0.18755453276122047,0.003307339465274506
25,1.0,5,FBCCA,0.725,181.1936583843377,0.6163210912528235,0.49804272858538057,0.0033651024807532792
25,1.0,5,TDCA,0.975,301.26792647514816,1.6346571849854001,1.669003581711517,0.05269417386988895
25,1.0,5,ImprovedTDCA,1.0,319.31568569044634,2.671796289686905,2.7457170522094545,0.4263690621203744
25,1.0,5,TriBranchTDCA,1.0,319.31568569044634,2.620965104424628,2.5144116277077213,0.49641714994982156
25,2.0,0,CCA,0.975,150.63396323757408,1.1021838441346934,1.1362686404068199,0.040342264076019596
25,2.0,0,FBCCA,1.0,159.65784284522317,2.3518246950747317,2.4231939322971003,0.6745902345302306
25,2.0,0,TDCA,0.975,150.63396323757408,2.558377728828161,2.576675521051091,0.05419914247565405
25,2.0,0,ImprovedTDCA,1.0,159.65784284522317,4.249949731083679,4.269656348338513,2.88169215961504
25,2.0,0,TriBranchTDCA,1.0,159.65784284522317,3.8399678222976847,3.9610378731725207,1.7850109836598986
25,2.0,1,CCA,1.0,159.65784284522317,1.1788784023387724,1.213574729728482,0.0633956457614655
25,2.0,1,FBCCA,1.0,159.65784284522317,2.433979654111135,2.4686407205574596,0.13255228014993126
25,2.0,1,TDCA,1.0,159.65784284522317,3.0896506396263814,3.117172315249698,1.5461664157930284
25,2.0,1,ImprovedTDCA,1.0,159.65784284522317,4.64914635854794,4.667430801514223,3.7113806570976138
25,2.0,1,TriBranchTDCA,1.0,159.65784284522317,4.274742309740046,4.310274957137264,3.4825442205671435
25,2.0,2,CCA,0.975,150.63396323757408,1.1119086871568329,1.125807034291523,0.024810867380784085
25,2.0,2,FBCCA,1.0,159.65784284522317,2.3801460133872765,2.3509855701777465,0.8889179562189047
25,2.0,2,TDCA,1.0,159.65784284522317,3.042917159146991,3.186898721855645,0.25218323774166773
25,2.0,2,ImprovedTDCA,1.0,159.65784284522317,4.4972461712468075,4.520904059436509,2.532488355236408
25,2.0,2,TriBranchTDCA,1.0,159.65784284522317,4.189353286694273,4.285625028984795,1.406482238620078
25,2.0,3,CCA,0.975,150.63396323757408,0.8998090339580169,0.9275279242654688,0.150004458639307
25,2.0,3,FBCCA,1.0,159.65784284522317,2.1584239956508724,2.3125874986426336,0.12947175995828575
25,2.0,3,TDCA,1.0,159.65784284522317,3.151701623254895,3.192229026668035,1.1806158870526116
25,2.0,3,ImprovedTDCA,1.0,159.65784284522317,4.46176570726842,4.487574250463168,1.8036386647915639
25,2.0,3,TriBranchTDCA,1.0,159.65784284522317,4.252004688934232,4.272759661332865,1.808415807305638
25,2.0,4,CCA,0.975,150.63396323757408,1.083283433779442,1.1273760527100538,0.2239872703287764
25,2.0,4,FBCCA,1.0,159.65784284522317,2.3695577770861065,2.3485878609039896,0.9542715600746496
25,2.0,4,TDCA,1.0,159.65784284522317,3.093410462579246,3.1592441264641744,1.6362224926378084
25,2.0,4,ImprovedTDCA,1.0,159.65784284522317,4.612163880925765,4.655628425321423,2.974693252165974
25,2.0,4,TriBranchTDCA,1.0,159.65784284522317,4.306064902708956,4.423888819958025,2.896231397705075
25,2.0,5,CCA,1.0,159.65784284522317,1.0451862586604714,1.1134878742482035,0.039100628834843665
25,2.0,5,FBCCA,1.0,159.65784284522317,2.3187950039757514,2.391322101347291,0.6760145056956031
25,2.0,5,TDCA,1.0,159.65784284522317,2.982811037255547,3.029212930008212,1.8286140495739756
25,2.0,5,ImprovedTDCA,1.0,159.65784284522317,4.534154219608885,4.567825667084815,3.459256615584892
25,2.0,5,TriBranchTDCA,1.0,159.65784284522317,4.220111226342962,4.216041173225417,3.3071773987235504
25,4.0,0,CCA,1.0,79.82892142261159,4.024318771022881,4.147565509589938,1.1017886529164684
25,4.0,0,FBCCA,1.0,79.82892142261159,4.853238216413847,4.914553904505188,1.7677582544387187
25,4.0,0,TDCA,1.0,79.82892142261159,3.8995111685260637,4.016907712341597,0.09196375832375647
25,4.0,0,ImprovedTDCA,1.0,79.82892142261159,4.97743968950725,5.092315652755157,3.1671966974213817
25,4.0,0,TriBranchTDCA,1.0,79.82892142261159,4.704955777519871,4.7857532856807685,1.838387746191366
25,4.0,1,CCA,1.0,79.82892142261159,4.1891994861227175,4.4015604057557125,2.370851804934628
25,4.0,1,FBCCA,1.0,79.82892142261159,5.120913285354433,5.223552944996452,3.9326388096458467
25,4.0,1,TDCA,1.0,79.82892142261159,4.228428463132737,4.313787735880615,2.8668092526500497
25,4.0,1,ImprovedTDCA,1.0,79.82892142261159,5.1935517213052265,5.169465954883329,4.461691082164947
25,4.0,1,TriBranchTDCA,1.0,79.82892142261159,4.962732768182081,4.980486298008721,3.533073121553609
25,4.0,2,CCA,1.0,79.82892142261159,3.7150081013254237,3.8536364618302974,1.6702412409987493
25,4.0,2,FBCCA,1.0,79.82892142261159,4.815049818888722,4.973475394830284,1.7087615244991987
25,4.0,2,TDCA,1.0,79.82892142261159,4.1527912664226205,4.254300325406572,2.1675075376474995
25,4.0,2,ImprovedTDCA,1.0,79.82892142261159,5.0622160253340125,5.18019035864763,4.107710745180504
25,4.0,2,TriBranchTDCA,1.0,79.82892142261159,4.870970371480485,4.915302448697771,3.1222261670855516
25,4.0,3,CCA,0.975,75.31698161878704,3.9866471694712944,4.097829200721531,1.652229950858369
25,4.0,3,FBCCA,0.975,75.31698161878704,5.038848776681791,5.085377236884346,3.572386503463385
25,4.0,3,TDCA,0.975,75.31698161878704,4.195417323554568,4.250557923102299,1.455669352974127
25,4.0,3,ImprovedTDCA,0.975,75.31698161878704,5.046067182521751,5.208821859503621,0.9762673171011422
25,4.0,3,TriBranchTDCA,0.975,75.31698161878704,4.868325916317237,5.034323361320933,1.2367563006726066
25,4.0,4,CCA,1.0,79.82892142261159,3.8801129136099073,3.9429930961036086,2.165435372983651
25,4.0,4,FBCCA,1.0,79.82892142261159,4.968136051107111,5.053465956663986,3.646997809811873
25,4.0,4,TDCA,1.0,79.82892142261159,4.29844672278867,4.371204244692411,3.079326552052243
25,4.0,4,ImprovedTDCA,1.0,79.82892142261159,5.149958920032768,5.17144468640043,4.438875715611596
25,4.0,4,TriBranchTDCA,1.0,79.82892142261159,5.022821599561018,5.051110524765283,4.087131504889433
25,4.0,5,CCA,1.0,79.82892142261159,3.8276621578384633,4.085840788561818,0.712361034110665
25,4.0,5,FBCCA,1.0,79.82892142261159,4.8030710640776295,4.947418018409147,1.3393743222643733
25,4.0,5,TDCA,1.0,79.82892142261159,4.118821371231223,4.262062539435495,0.11227036740949381
25,4.0,5,ImprovedTDCA,1.0,79.82892142261159,5.1361332271263365,5.2100868539196545,4.038546172853389
25,4.0,5,TriBranchTDCA,1.0,79.82892142261159,4.877638182253444,4.918446294094869,2.5368724248307633
26,0.3,0,CCA,0.15,43.899180827610174,0.08390041270935289,0.05181001970465171,0.0005957146840818162
26,0.3,0,FBCCA,0.1,19.21410086441142,0.2321227420343485,0.1787964177717748,0.0018818672983611506
26,0.3,0,TDCA,0.6,447.363322577559,0.5282482829940051,0.49133699209510895,0.0033939236426543395
26,0.3,0,ImprovedTDCA,0.7,571.003305999599,0.5905223373637112,0.5168566731840728,0.0026373109561248498
26,0.3,0,TriBranchTDCA,0.65,507.5938525820171,0.627159441371146,0.4916854989531403,0.010037490825699491
26,0.3,1,CCA,0.175,58.49108585389011,0.07368744662749475,0.03467539520308116,0.002518331916221417
26,0.3,1,FBCCA,0.125,30.727342036659877,0.29654567628016626,0.2249218705245566,0.002780280616925257
26,0.3,1,TDCA,0.775,672.7039533260687,0.5496699552202373,0.47936929168204556,0.02374706528513193
26,0.3,1,ImprovedTDCA,0.725,603.9788612811258,0.5810901546072426,0.5358702932037422,0.018950525604917612
26,0.3,1,TriBranchTDCA,0.75,637.8598831425336,0.6833099641708816,0.5375834470660086,0.003621377286309846
26,0.3,2,CCA,0.075,9.723899662657054,0.07823784678332127,0.04501760489268014,0.0005702938038827376
26,0.3,2,FBCCA,0.05,2.8798059704541856,0.2110941862595766,0.1241528081475104,0.0037200129459709075
26,0.3,2,TDCA,0.625,477.0936519778108,0.47479678537583664,0.411960670905573,0.004628282357340474
26,0.3,2,ImprovedTDCA,0.625,477.0936519778108,0.47058040993212746,0.3383736419484311,0.010892456117236105
26,0.3,2,TriBranchTDCA,0.65,507.5938525820171,0.592261970246623,0.4857395074527956,0.015293526252019074
26,0.3,3,CCA,0.15,43.899180827610174,0.11361226871423995,0.048580024590823,0.0006475087643926791
26,0.3,3,FBCCA,0.05,2.8798059704541856,0.22954955180470255,0.18448629320658982,0.005868071017617993
26,0.3,3,TDCA,0.7,571.003305999599,0.5878419331449063,0.511466753670284,0.011627316643603613
26,0.3,3,ImprovedTDCA,0.7,571.003305999599,0.6942857833772719,0.6666818971714764,0.09549843025164906
26,0.3,3,TriBranchTDCA,0.725,603.9788612811258,0.6684713432218414,0.5948541352544695,0.0021034753754527458
26,0.3,4,CCA,0.05,2.8798059704541856,0.0413744673342012,0.02555722900598334,0.000916176419641257
26,0.3,4,FBCCA,0.1,19.21410086441142,0.19874985598683106,0.17009304650647117,0.012540349664725836
26,0.3,4,TDCA,0.725,603.9788612811258,0.48367045915323337,0.3962900966572257,0.016185119993930686
26,0.3,4,ImprovedTDCA,0.775,672.7039533260687,0.5778414112103248,0.44759521964963456,0.020657308343477565
26,0.3,4,TriBranchTDCA,0.75,637.8598831425336,0.6220492604332571,0.5575387863482224,0.006085066427119923
26,0.3,5,CCA,0.2,74.33564498204018,0.07730166150993922,0.04702248296667039,6.415939898452017e-05
26,0.3,5,FBCCA,0.175,58.49108585389011,0.23867397632440762,0.17720461569967716,0.011449264769745504
26,0.3,5,TDCA,0.75,637.8598831425336,0.635103429639107,0.5726438949851405,0.020758172971981015
26,0.3,5,ImprovedTDCA,0.775,672.7039533260687,0.654470192811648,0.580373779924447,0.010854477211795999
26,0.3,5,TriBranchTDCA,0.75,637.8598831425336,0.7153475126152564,0.480768958039236,0.009360238244514374
26,0.5,0,CCA,0.3,88.90267709437161,0.0984065981541254,0.06176453689706718,0.002657835030406952
26,0.5,0,FBCCA,0.275,76.975596950114,0.23714126611946088,0.15558224084503292,0.0029561603299395056
26,0.5,0,TDCA,0.8,425.15034674730606,0.7861874919967156,0.7077227025878552,0.008664906088267976
26,0.5,0,ImprovedTDCA,0.85,470.313294880995,0.8854611914653514,0.8257723442732376,0.010261574747699953
26,0.5,0,TriBranchTDCA,0.825,447.3560245835894,1.0629099074675499,1.0423043901394151,0.1186143849552761
26,0.5,1,CCA,0.3,88.90267709437161,0.06225740030525769,0.0433407772474832,0.00019871974949503546
26,0.5,1,FBCCA,0.2,44.6013869892241,0.24791135729554742,0.1225942888835182,0.0026402552297573045
26,0.5,1,TDCA,0.925,544.9453661215437,0.8394743734996727,0.8535181301630448,0.012134437907580953
26,0.5,1,ImprovedTDCA,0.95,572.5513232193952,0.883732115087264,0.8364879037785473,0.00865401491040485
26,0.5,1,TriBranchTDCA,1.0,638.6313713808927,1.0674022311395186,1.1130834767788336,0.011905117356478812
26,0.5,2,CCA,0.3,88.90267709437161,0.074483072245031,0.05210252291856188,0.00015415992602374473
26,0.5,2,FBCCA,0.275,76.975596950114,0.2679663263040458,0.21518253481707683,0.023778818815675118
26,0.5,2,TDCA,0.825,447.3560245835894,0.761340015172878,0.7594737454101009,0.06159127124524266
26,0.5,2,ImprovedTDCA,0.85,470.313294880995,0.9354310046088605,0.6726041793197646,0.02798332058555353
26,0.5,2,TriBranchTDCA,0.85,470.313294880995,1.0510681520447032,0.8204060160999119,0.07371584261547337
26,0.5,3,CCA,0.225,54.7858255507327,0.09454919228454203,0.05451911749570337,2.8658613846932468e-05
26,0.5,3,FBCCA,0.275,76.975596950114,0.2770196734096601,0.17760616172321053,0.006018436563873575
26,0.5,3,TDCA,0.825,447.3560245835894,0.8217865214998226,0.7936870420812924,0.0001762353700041075
26,0.5,3,ImprovedTDCA,0.85,470.313294880995,0.834409062056837,0.8057671534852138,0.010157258251088042
26,0.5,3,TriBranchTDCA,0.9,518.9270735294228,1.0628985264393411,1.005156594412207,0.039664484336945804
26,0.5,4,CCA,0.225,54.7858255507327,0.05023126307928907,0.03736366160522442,0.00046587972983269665
26,0.5,4,FBCCA,0.3,88.90267709437161,0.29080289127826847,0.26485350164386967,0.015667720774136917
26,0.5,4,TDCA,1.0,638.6313713808927,0.9365505568651311,0.9014124481674384,0.10324234469990401
26,0.5,4,ImprovedTDCA,1.0,638.6313713808927,0.9666731514347202,0.8772561430452837,0.09575124665613233
26,0.5,4,TriBranchTDCA,1.0,638.6313713808927,1.1714474823487742,1.1419558831014536,0.13677851962272936
26,0.5,5,CCA,0.35,114.28183167016918,0.06115488623572931,0.04798202678399188,0.0044257135224303745
26,0.5,5,FBCCA,0.525,217.5799394261981,0.2545745260183644,0.21918962343396542,0.030449633684112243
26,0.5,5,TDCA,0.975,602.5358529502963,1.0330346351154112,0.9966557927992983,0.04879283885083652
26,0.5,5,ImprovedTDCA,1.0,638.6313713808927,1.2016000017374642,1.118970774447194,0.008091915451348353
26,0.5,5,TriBranchTDCA,0.975,602.5358529502963,1.3918005275887837,1.2762020575068758,0.06353618442678988
26,1.0,0,CCA,0.775,201.8111859978206,0.22156005860403508,0.22913133996032387,0.01334236404450051
26,1.0,0,FBCCA,0.85,235.1566474404975,0.5712990554063516,0.49025925821021143,0.009832326313078177
26,1.0,0,TDCA,1.0,319.31568569044634,1.9320963925083183,2.040752943454909,0.4903690609274358
26,1.0,0,ImprovedTDCA,1.0,319.31568569044634,2.8452426849916828,2.794808188027413,1.2525763518593473
26,1.0,0,TriBranchTDCA,1.0,319.31568569044634,2.8204555464988252,2.7982311391745913,0.44904435521038977
26,1.0,1,CCA,0.75,191.35796494276008,0.19667427438221446,0.20248690070164432,0.0005606634378101383
26,1.0,1,FBCCA,0.85,235.1566474404975,0.6091097977750742,0.6193436882568335,0.03237631728773449
26,1.0,1,TDCA,1.0,319.31568569044634,2.068572111576256,2.0750521189377897,0.40508145303889176
26,1.0,1,ImprovedTDCA,1.0,319.31568569044634,2.8846205029120897,3.01657495649743,1.1992070917195479
26,1.0,1,TriBranchTDCA,1.0,319.31568569044634,2.9755635394554467,3.0591607123840494,0.89498156308251
26,1.0,2,CCA,0.75,191.35796494276008,0.23432606741019027,0.23148744353068174,0.0012655630410423058
26,1.0,2,FBCCA,0.85,235.1566474404975,0.6260797699736086,0.6011923821482268,0.03811708248755341
26,1.0,2,TDCA,1.0,319.31568569044634,1.7929613177184571,1.7412430726789911,0.5186048362443043
26,1.0,2,ImprovedTDCA,1.0,319.31568569044634,2.5798459338970576,2.473539277564581,0.6265878404355658
26,1.0,2,TriBranchTDCA,1.0,319.31568569044634,2.5554417041786976,2.6067236541554166,0.17706199064457362
26,1.0,3,CCA,0.725,181.1936583843377,0.2639691234534341,0.26149559481378226,0.022345600298342205
26,1.0,3,FBCCA,0.775,201.8111859978206,0.6276260132069535,0.5552281549324201,0.0472309804439095
26,1.0,3,TDCA,0.975,301.26792647514816,1.7916315457306986,1.922702572793169,0.19659916812815492
26,1.0,3,ImprovedTDCA,0.975,301.26792647514816,2.5855365897692195,2.597655327232932,0.5685805985474635
26,1.0,3,TriBranchTDCA,0.975,301.26792647514816,2.6667383946038994,2.7881271823596365,0.2387932897905194
26,1.0,4,CCA,0.775,201.8111859978206,0.21379305207971216,0.193184765246609,0.01897764642909916
26,1.0,4,FBCCA,0.85,235.1566474404975,0.6626296101033182,0.6599080612443284,0.058658361764554634
26,1.0,4,TDCA,1.0,319.31568569044634,2.1426101501077426,2.1105369653536936,0.4244096346079782
26,1.0,4,ImprovedTDCA,1.0,319.31568569044634,3.00772036999238,3.043731383787521,0.7113000177877149
26,1.0,4,TriBranchTDCA,1.0,319.31568569044634,3.032678274253804,3.1537471205982586,1.3026492807719356
26,1.0,5,CCA,0.85,235.1566474404975,0.2195060501192782,0.1970698273998983,0.011639711891803906
26,1.0,5,FBCCA,0.85,235.1566474404975,0.6249615967383318,0.4549870998432304,0.010037885983393835
26,1.0,5,TDCA,1.0,319.31568569044634,2.05094643665047,2.0327591559133915,0.2966081279952464
26,1.0,5,ImprovedTDCA,1.0,319.31568569044634,2.944515250180033,3.067999625756711,1.2293318334744212
26,1.0,5,TriBranchTDCA,1.0,319.31568569044634,3.069656494482567,3.1281713075931146,1.2955817800100085
26,2.0,0,CCA,0.95,143.1378308048488,1.0837635698005832,1.1043731504211933,0.3263736158795276
26,2.0,0,FBCCA,1.0,159.65784284522317,2.1562217272665967,2.156941974943173,0.388857374890069
26,2.0,0,TDCA,1.0,159.65784284522317,3.26122333520082,3.244514726061102,2.4879459924207303
26,2.0,0,ImprovedTDCA,1.0,159.65784284522317,4.626268389987144,4.7125842356300005,3.5079301077429434
26,2.0,0,TriBranchTDCA,1.0,159.65784284522317,4.396457602517382,4.415981836853272,3.3652379024195795
26,2.0,1,CCA,0.925,136.23634153038591,1.041542945543931,1.1237374181983149,0.115425478149068
26,2.0,1,FBCCA,0.975,150.63396323757408,2.3334226794470774,2.352964001111568,0.36746913455378616
26,2.0,1,TDCA,0.975,150.63396323757408,3.181664041835836,3.276658759002488,0.002303043573429253
26,2.0,1,ImprovedTDCA,1.0,159.65784284522317,4.700422165482863,4.817306912630622,1.2993111733143041
26,2.0,1,TriBranchTDCA,1.0,159.65784284522317,4.4263352501571065,4.598966544004576,0.36841754064068954
26,2.0,2,CCA,1.0,159.65784284522317,1.1622292452868443,1.1635472777291336,0.1367585544208496
26,2.0,2,FBCCA,1.0,159.65784284522317,2.20548394526583,2.1855683682583207,0.9954950827828557
26,2.0,2,TDCA,1.0,159.65784284522317,3.096833826541596,3.176598415419548,0.7073071112008775
26,2.0,2,ImprovedTDCA,1.0,159.65784284522317,4.630161774223301,4.724812964000698,2.4043192386851437
26,2.0,2,TriBranchTDCA,1.0,159.65784284522317,4.311357695941762,4.3798021137615795,2.2831353622894057
26,2.0,3,CCA,0.95,143.1378308048488,1.0402508477732748,1.0752042234339454,0.16583310497469483
26,2.0,3,FBCCA,0.95,143.1378308048488,2.162820101987254,2.168879997252759,0.6279983758591698
26,2.0,3,TDCA,1.0,159.65784284522317,2.9035417342274945,2.9672844997377132,0.6772066638647054
26,2.0,3,ImprovedTDCA,1.0,159.65784284522317,4.46160890945976,4.543175777691928,2.0638961968806138
26,2.0,3,TriBranchTDCA,1.0,159.65784284522317,4.108901679893366,4.211035522902005,0.8900251038337563
26,2.0,4,CCA,0.975,150.63396323757408,1.1204090845813124,1.19461148782392,0.22483880434740788
26,2.0,4,FBCCA,0.975,150.63396323757408,2.4168630357258065,2.519888148845286,0.6143048075769615
26,2.0,4,TDCA,0.975,150.63396323757408,3.38303740634331,3.543308639416725,0.25107859362739426
26,2.0,4,ImprovedTDCA,0.975,150.63396323757408,4.7347826203531,4.905657047662238,1.1349733012519452
26,2.0,4,TriBranchTDCA,0.975,150.63396323757408,4.518556471517153,4.659949454038747,1.0012488834994462
26,2.0,5,CCA,0.975,150.63396323757408,1.269174290605252,1.2917037527538064,0.08468043359154276
26,2.0,5,FBCCA,0.975,150.63396323757408,2.528199560176129,2.542063860787696,1.2148184652183578
26,2.0,5,TDCA,0.975,150.63396323757408,3.2445141779942643,3.3527199284208984,0.5159860245870576
26,2.0,5,ImprovedTDCA,0.975,150.63396323757408,4.661537574997675,4.884276301937295,0.12488807851896011
26,2.0,5,TriBranchTDCA,0.975,150.63396323757408,4.396006183494779,4.600486722947877,0.6585454661065153
26,4.0,0,CCA,1.0,79.82892142261159,4.111638699889832,4.025198726210388,3.320843308229226
26,4.0,0,FBCCA,1.0,79.82892142261159,4.90740493751173,4.965425950268433,4.037930225142243
26,4.0,0,TDCA,1.0,79.82892142261159,4.371471728299307,4.483695480649496,2.763240471095564
26,4.0,0,ImprovedTDCA,1.0,79.82892142261159,5.269825014863137,5.277893227845224,3.7077366791639097
26,4.0,0,TriBranchTDCA,1.0,79.82892142261159,5.088934543642969,5.182112887398537,3.8865168262988172
26,4.0,1,CCA,1.0,79.82892142261159,4.0939419516505176,4.132212663598709,1.5565734227532726
26,4.0,1,FBCCA,1.0,79.82892142261159,5.026951843897081,5.058757601331447,3.99085490447436
26,4.0,1,TDCA,0.975,75.31698161878704,4.27240536038244,4.397753896929975,1.1542342317297933
26,4.0,1,ImprovedTDCA,1.0,79.82892142261159,5.155213199083408,5.323861698333781,1.0349526141691259
26,4.0,1,TriBranchTDCA,0.975,75.31698161878704,4.996906958613652,5.155462575749201,1.8576206044095345
26,4.0,2,CCA,1.0,79.82892142261159,3.973398536480172,3.999450821489318,1.3726132151652144
26,4.0,2,FBCCA,1.0,79.82892142261159,5.12157155112522,5.24663333358145,4.238136866066216
26,4.0,2,TDCA,1.0,79.82892142261159,4.340919790107779,4.448699877315516,3.309404729366732
26,4.0,2,ImprovedTDCA,1.0,79.82892142261159,5.283209370243753,5.4104065374140395,4.591195977950908
26,4.0,2,TriBranchTDCA,1.0,79.82892142261159,5.080570975949468,5.129152251877138,4.33967263004512
26,4.0,3,CCA,1.0,79.82892142261159,3.742709901988377,3.660382762336352,1.9829852977951479
26,4.0,3,FBCCA,1.0,79.82892142261159,4.646595728875948,4.67232192239627,3.173029577419072
26,4.0,3,TDCA,0.975,75.31698161878704,4.0719510513662955,4.343704148641004,0.21652559342816868
26,4.0,3,ImprovedTDCA,1.0,79.82892142261159,4.908632142413759,5.015260874459729,2.1791345815962098
26,4.0,3,TriBranchTDCA,1.0,79.82892142261159,4.811431540195331,4.9849822362053855,1.3219211925414043
26,4.0,4,CCA,1.0,79.82892142261159,4.045846785451004,4.231076668467092,0.21289677999938839
26,4.0,4,FBCCA,1.0,79.82892142261159,4.996165027376854,5.20559222047673,0.6253337343590368
26,4.0,4,TDCA,1.0,79.82892142261159,4.4032959949577135,4.458726883927106,0.5231124604034143
26,4.0,4,ImprovedTDCA,1.0,79.82892142261159,5.233717386399516,5.3608975571353765,1.104972380683701
26,4.0,4,TriBranchTDCA,1.0,79.82892142261159,5.111325613865235,5.269454233414056,1.0197651545150554
26,4.0,5,CCA,1.0,79.82892142261159,4.152964576222801,4.215903074258547,1.6274057635655144
26,4.0,5,FBCCA,1.0,79.82892142261159,5.06354045696064,5.16872935879155,2.444537491069285
26,4.0,5,TDCA,0.975,75.31698161878704,4.285432403285635,4.425208017505648,0.9844831112560053
26,4.0,5,ImprovedTDCA,1.0,79.82892142261159,5.163093180662591,5.2534312374912595,1.6740527256441462
26,4.0,5,TriBranchTDCA,1.0,79.82892142261159,4.9700033406408055,5.176615326645438,0.4448467879821698
27,0.3,0,CCA,0.025,0.0,0.07694674895595244,0.03777526806324094,9.727253030611394e-06
27,0.3,0,FBCCA,0.025,0.0,0.25547458950168683,0.25410216290530774,0.005158705648134809
27,0.3,0,TDCA,0.775,672.7039533260687,0.7215420494224621,0.6335695267114252,0.02348928244211823
27,0.3,0,ImprovedTDCA,0.8,708.5839112455101,0.7935169088698183,0.6142827511967589,0.030951022821978924
27,0.3,0,TriBranchTDCA,0.825,745.5933743059824,0.8120067251445077,0.8425353492010721,0.026876642738019818
27,0.3,1,CCA,0.05,2.8798059704541856,0.0721388982601086,0.04773028713862887,0.00020807200047534558
27,0.3,1,FBCCA,0.025,0.0,0.21959173764058365,0.1707827670519798,0.0032200487249332
27,0.3,1,TDCA,0.85,783.855491468325,0.5687870523321132,0.4710572956447707,0.026488619716782624
27,0.3,1,ImprovedTDCA,0.875,823.537674865997,0.6818983669338508,0.557439551681063,0.005761775757390897
27,0.3,1,TriBranchTDCA,0.825,745.5933743059824,0.8665245535398896,0.7543823743946674,0.006983914854111539
27,0.3,2,CCA,0.125,30.727342036659877,0.08078771450413096,0.03165602127722156,0.00016606091075344054
27,0.3,2,FBCCA,0.025,0.0,0.22993905220922964,0.1649916314364659,0.012132466896398242
27,0.3,2,TDCA,0.9,864.8784558823714,0.7136778223318319,0.675892159445656,0.0002228836355695485
27,0.3,2,ImprovedTDCA,0.925,908.2422768692395,0.8916212344823145,0.8455027792509088,0.012068296150971491
27,0.3,2,TriBranchTDCA,0.875,823.537674865997,0.807575486428728,0.8254559968862019,0.03727226405160167
27,0.3,3,CCA,0.075,9.723899662657054,0.06951849080116429,0.019988202675879863,0.0006687478663012225
27,0.3,3,FBCCA,0.075,9.723899662657054,0.266045483206382,0.1939184057966724,0.010881839873378762
27,0.3,3,TDCA,0.8,708.5839112455101,0.6304715021977542,0.5947983001392689,0.03885133644649641
27,0.3,3,ImprovedTDCA,0.8,708.5839112455101,0.7564003976760263,0.7242056586507243,0.000617874924209616
27,0.3,3,TriBranchTDCA,0.85,783.855491468325,0.772059109507439,0.6940779003485799,0.023175947985878187
27,0.3,4,CCA,0.05,2.8798059704541856,0.05511722015877242,0.030220692908008218,0.0018609597486058949
27,0.3,4,FBCCA,0.05,2.8798059704541856,0.22549001840175556,0.14487501872674124,0.010533735745656525
27,0.3,4,TDCA,0.75,637.8598831425336,0.739729982657786,0.7424597074892015,0.00360924559123621
27,0.3,4,ImprovedTDCA,0.725,603.9788612811258,0.7463399457152374,0.7578357690049515,0.002552828975858956
27,0.3,4,TriBranchTDCA,0.8,708.5839112455101,0.7791191148147819,0.7040719176702205,0.022732744191190868
27,0.3,5,CCA,0.025,0.0,0.05877633733569894,0.02847463965784125,0.000573497012064994
27,0.3,5,FBCCA,0.075,9.723899662657054,0.174736534589031,0.15109680275298498,0.009851459413112051
27,0.3,5,TDCA,0.775,672.7039533260687,0.7251936589844078,0.6864508251037558,0.054935518696853425
27,0.3,5,ImprovedTDCA,0.8,708.5839112455101,0.8403248661664048,0.7832937001211767,0.13727335336425583
27,0.3,5,TriBranchTDCA,0.85,783.855491468325,0.9349037123196243,0.8362926180713623,0.16703117342812646
27,0.5,0,CCA,0.25,65.59179675378513,0.08847519517730816,0.0512473030849212,0.0014138183639467172
27,0.5,0,FBCCA,0.225,54.7858255507327,0.24534013372962277,0.2054957772999222,0.010600103547427464
27,0.5,0,TDCA,0.925,544.9453661215437,0.8482982004977646,0.8199255102164451,0.11456629049027534
27,0.5,0,ImprovedTDCA,0.9,518.9270735294228,1.122868981893143,1.1221457026635826,0.19878818864726644
27,0.5,0,TriBranchTDCA,0.875,494.1226049195982,1.2792572107009714,1.4005226141241824,0.02675156596286188
27,0.5,1,CCA,0.125,18.436405221995926,0.07563695736337991,0.05105271979150294,0.0058201382736737806
27,0.5,1,FBCCA,0.15,26.339508496566104,0.29824770730811234,0.24332632917281272,0.009789921369190768
27,0.5,1,TDCA,0.975,602.5358529502963,0.8649776529128921,0.8293091142506206,0.23959009986373792
27,0.5,1,ImprovedTDCA,1.0,638.6313713808927,1.1728018297899114,1.187302852980217,0.08566407787470132
27,0.5,1,TriBranchTDCA,1.0,638.6313713808927,1.3688299795877927,1.200507328781947,0.19065644404206572
27,0.5,2,CCA,0.1,11.528460518646853,0.08757283676084596,0.06936193086880027,0.001129503003406196
27,0.5,2,FBCCA,0.3,88.90267709437161,0.21144150643534862,0.19038622207910427,0.00483253691625718
27,0.5,2,TDCA,0.975,602.5358529502963,0.9894177259554485,0.8814591307637112,0.014318010107148282
27,0.5,2,ImprovedTDCA,0.975,602.5358529502963,1.327434875768066,1.30003383383028,0.14776452672159524
27,0.5,2,TriBranchTDCA,0.975,602.5358529502963,1.3977676383811075,1.3271618279745439,0.054529640515572186
27,0.5,3,CCA,0.05,1.7278835822725114,0.07987024575296613,0.04466066098458654,0.000972339843665404
27,0.5,3,FBCCA,0.2,44.6013869892241,0.22588421411238474,0.2101215111813849,0.00598508344926052
27,0.5,3,TDCA,0.95,572.5513232193952,0.9226682767870701,0.8463899561226667,0.14237853151987023
27,0.5,3,ImprovedTDCA,0.975,602.5358529502963,1.1276455331562656,1.1649400382279915,0.0871838253504027
27,0.5,3,TriBranchTDCA,0.975,602.5358529502963,1.2093810478968678,1.1468817767004293,0.2153545352665267
27,0.5,4,CCA,0.075,5.834339797594232,0.06730121629528799,0.03580828950459336,0.0008175810784003534
27,0.5,4,FBCCA,0.175,35.09465151233407,0.29023542924896273,0.23980407163064055,0.010007729418672007
27,0.5,4,TDCA,0.85,470.313294880995,0.7800502683599,0.7595042135372508,0.03500006634121933
27,0.5,4,ImprovedTDCA,0.9,518.9270735294228,1.1836637597048132,1.1010575661678883,0.14043871578822253
27,0.5,4,TriBranchTDCA,0.9,518.9270735294228,1.2160748461610582,1.273832722758274,0.019264656879092623
27,0.5,5,CCA,0.075,5.834339797594232,0.06775102224315839,0.05450380606227012,0.0025586411087012984
27,0.5,5,FBCCA,0.25,65.59179675378513,0.2261127107953984,0.1750042432027028,0.002558043490250128
27,0.5,5,TDCA,0.9,518.9270735294228,0.8083570360827214,0.8023558655929285,0.0024201278521878145
27,0.5,5,ImprovedTDCA,0.925,544.9453661215437,1.1226656642432111,1.1563542155325162,0.008716473518361578
27,0.5,5,TriBranchTDCA,0.925,544.9453661215437,1.2568295504620575,1.2626576077939842,0.18082441632112323
27,1.0,0,CCA,0.675,161.66617507355798,0.28352066169159224,0.15931398774168337,0.017883086939364468
27,1.0,0,FBCCA,0.825,223.6780122917947,0.6569273539529066,0.532761437949313,0.04599165510317693
27,1.0,0,TDCA,1.0,319.31568569044634,2.376426511936791,2.368769091162504,1.0761363318927675
27,1.0,0,ImprovedTDCA,1.0,319.31568569044634,2.7686289842656584,2.7189036571950154,1.3619410062888928
27,1.0,0,TriBranchTDCA,1.0,319.31568569044634,3.1101988949473878,3.03847024465514,1.3419964744048811
27,1.0,1,CCA,0.675,161.66617507355798,0.28590963877471226,0.19889973221593027,0.007827433301505149
27,1.0,1,FBCCA,0.85,235.1566474404975,0.7719570713963309,0.7196928769076107,0.03222294656594604
27,1.0,1,TDCA,1.0,319.31568569044634,2.485355859057637,2.4693677672640266,1.0564837454238707
27,1.0,1,ImprovedTDCA,1.0,319.31568569044634,3.1980364342528422,3.2049933898453795,1.6920355060045589
27,1.0,1,TriBranchTDCA,1.0,319.31568569044634,3.302055262562014,3.2251925305326274,1.9807371295388232
27,1.0,2,CCA,0.675,161.66617507355798,0.2330558606928581,0.207781164947773,0.001579714456251935
27,1.0,2,FBCCA,0.825,223.6780122917947,0.7801807285658551,0.6292404056380889,0.06337902403062845
27,1.0,2,TDCA,1.0,319.31568569044634,2.430295702038979,2.398605937324221,1.0158045011065322
27,1.0,2,ImprovedTDCA,1.0,319.31568569044634,3.1376465431695317,3.2798288575255636,0.7250566366261393
27,1.0,2,TriBranchTDCA,1.0,319.31568569044634,3.2794954378654557,3.3119767625112435,1.4793127265293373
27,1.0,3,CCA,0.325,50.6727284774507,0.176823821357794,0.11908177018947008,0.0022247949112941257
27,1.0,3,FBCCA,0.8,212.57517337365303,0.8019659776206336,0.7244803498222354,0.038279810668509384
27,1.0,3,TDCA,0.975,301.26792647514816,2.332484221707041,2.4170486218104834,0.13597295360159634
27,1.0,3,ImprovedTDCA,0.975,301.26792647514816,2.8172219549317066,3.0841202072869125,0.1564337954984727
27,1.0,3,TriBranchTDCA,0.975,301.26792647514816,3.0857243869176614,3.141184040009554,0.2368808531935267
27,1.0,4,CCA,0.4,70.78417014692076,0.1859675756824637,0.12700627365036166,0.013266576870261337
27,1.0,4,FBCCA,0.8,212.57517337365303,0.6175960406456987,0.5528107114192129,0.03735529044920716
27,1.0,4,TDCA,0.975,301.26792647514816,2.215123406868795,2.358284605950737,0.1932641571360687
27,1.0,4,ImprovedTDCA,1.0,319.31568569044634,2.8580946572414425,3.022337365516826,0.21135106189345132
27,1.0,4,TriBranchTDCA,1.0,319.31568569044634,2.9936236159813574,3.1273366307017127,0.5583413094270684
27,1.0,5,CCA,0.525,108.78996971309905,0.18327018969582473,0.14446454896844596,0.007063245060761503
27,1.0,5,FBCCA,0.85,235.1566474404975,0.6379639293003767,0.6195730376662596,0.007160634470337879
27,1.0,5,TDCA,1.0,319.31568569044634,2.3743033898369132,2.513073418514621,0.6694336527507061
27,1.0,5,ImprovedTDCA,1.0,319.31568569044634,3.0268657019405683,3.0240020133474745,0.8444170638622404
27,1.0,5,TriBranchTDCA,1.0,319.31568569044634,3.125684965635897,3.2421320898919133,1.29794738079916
27,2.0,0,CCA,0.975,150.63396323757408,1.5191910892182112,1.4029688304786254,0.3319077962119861
27,2.0,0,FBCCA,1.0,159.65784284522317,2.990890213648336,3.1599126463878724,0.7180248616372498
27,2.0,0,TDCA,1.0,159.65784284522317,3.7037628731420695,3.7709914379930796,2.622780916944233
27,2.0,0,ImprovedTDCA,1.0,159.65784284522317,4.475979636810128,4.478786852019944,3.2210004656040305
27,2.0,0,TriBranchTDCA,1.0,159.65784284522317,4.5171056432227985,4.504493031118434,3.1937202639040114
27,2.0,1,CCA,0.975,150.63396323757408,1.248200345525587,1.2629924778552217,0.11683773669986586
27,2.0,1,FBCCA,1.0,159.65784284522317,2.966741281057607,3.1659922934404054,0.2200445958557835
27,2.0,1,TDCA,1.0,159.65784284522317,3.756297843600957,3.793885817926668,2.596540770662272
27,2.0,1,ImprovedTDCA,1.0,159.65784284522317,4.391473265826328,4.474645302504044,2.5459062222398967
27,2.0,1,TriBranchTDCA,1.0,159.65784284522317,4.5688420566917465,4.609669472546816,3.2679198253604267
27,2.0,2,CCA,0.95,143.1378308048488,1.259171033806804,1.1378961685431441,0.05517376293976506
27,2.0,2,FBCCA,1.0,159.65784284522317,2.959074519444268,2.951658898794544,1.3944581303435846
27,2.0,2,TDCA,1.0,159.65784284522317,3.6769400628794586,3.741935523420528,1.5120763218066102
27,2.0,2,ImprovedTDCA,1.0,159.65784284522317,4.419328203622129,4.526935724351377,3.0686645569508872
27,2.0,2,TriBranchTDCA,1.0,159.65784284522317,4.560134220421849,4.536881411351285,2.7207729142184527
27,2.0,3,CCA,0.8,106.28758668682651,0.8459399958223113,0.6746767188185645,0.00904375635976784
27,2.0,3,FBCCA,0.975,150.63396323757408,2.380711959598759,2.405978579799017,0.6475142300450871
27,2.0,3,TDCA,0.975,150.63396323757408,3.5002695235463195,3.5477010506262685,0.2892893640105272
27,2.0,3,ImprovedTDCA,0.975,150.63396323757408,4.07799628573461,4.123875550078484,0.20810065420812207
27,2.0,3,TriBranchTDCA,0.975,150.63396323757408,4.326068904515093,4.4432407192758845,0.665112339319365
27,2.0,4,CCA,0.825,111.83900614589734,0.8426308683259011,0.617442382641487,0.010886970736007306
27,2.0,4,FBCCA,1.0,159.65784284522317,2.5545577063207268,2.7358756054274735,0.5398915525182182
27,2.0,4,TDCA,1.0,159.65784284522317,3.2795737712014557,3.3942165670790883,1.3961929695765865
27,2.0,4,ImprovedTDCA,1.0,159.65784284522317,4.121971257452591,4.270668011141699,2.096244890081052
27,2.0,4,TriBranchTDCA,1.0,159.65784284522317,4.240469334823717,4.348438302306256,2.3966661064707777
27,2.0,5,CCA,0.975,150.63396323757408,1.0421988732132714,1.012319050596449,0.1009590743954889
27,2.0,5,FBCCA,1.0,159.65784284522317,2.828505000349161,3.027335198995273,1.5557580654806258
27,2.0,5,TDCA,1.0,159.65784284522317,3.453258524286641,3.450290327777042,1.7544413002924277
27,2.0,5,ImprovedTDCA,1.0,159.65784284522317,4.23615607623921,4.224876476384445,2.9128674442106504
27,2.0,5,TriBranchTDCA,1.0,159.65784284522317,4.364334289266385,4.368855300609891,3.1149322774341703
27,4.0,0,CCA,1.0,79.82892142261159,3.216601454299403,3.2773805436886043,0.5322738248778074
27,4.0,0,FBCCA,1.0,79.82892142261159,4.67258311243676,4.912509918462632,1.129718434621875
27,4.0,0,TDCA,1.0,79.82892142261159,4.498888830709148,4.549367259330392,3.034791321835063
27,4.0,0,ImprovedTDCA,1.0,79.82892142261159,5.1336710398854635,5.214466722671359,3.0788155063113485
27,4.0,0,TriBranchTDCA,1.0,79.82892142261159,5.072298395693228,5.07071463013258,4.121535033162481
27,4.0,1,CCA,1.0,79.82892142261159,2.92394650037546,2.980118525044634,0.4660409556126073
27,4.0,1,FBCCA,1.0,79.82892142261159,4.575950306227621,4.936403244755515,1.565292173477828
27,4.0,1,TDCA,1.0,79.82892142261159,4.834777078809941,4.94221375442823,3.183816389341126
27,4.0,1,ImprovedTDCA,1.0,79.82892142261159,5.21686440323964,5.349027364400765,3.675802718370142
27,4.0,1,TriBranchTDCA,1.0,79.82892142261159,5.26957039848295,5.3329557590374765,3.5805556550426823
27,4.0,2,CCA,1.0,79.82892142261159,2.761932114827066,2.7793168006969755,0.16080466190743214
27,4.0,2,FBCCA,1.0,79.82892142261159,4.616555437907973,4.881466588477993,1.5931529767070143
27,4.0,2,TDCA,1.0,79.82892142261159,4.6241936411886675,4.72948674473189,3.6964579194412277
27,4.0,2,ImprovedTDCA,1.0,79.82892142261159,5.164558512427767,5.275279153095196,3.440558991298233
27,4.0,2,TriBranchTDCA,1.0,79.82892142261159,5.180807766033927,5.275943524423331,4.059752244984259
27,4.0,3,CCA,0.95,71.5689154024244,2.249253077699371,2.4176803942771574,0.18198065254587537
27,4.0,3,FBCCA,0.975,75.31698161878704,4.041449321593491,4.367534329756781,0.6866370825782573
27,4.0,3,TDCA,0.975,75.31698161878704,4.2783903440834745,4.527197138399441,0.7627110163380615
27,4.0,3,ImprovedTDCA,0.975,75.31698161878704,4.724554672215971,5.113093875093957,0.07701662448654445
27,4.0,3,TriBranchTDCA,0.975,75.31698161878704,4.807443389744472,5.180982088055137,0.4946293113811575
27,4.0,4,CCA,0.95,71.5689154024244,2.3891743659152036,2.6423254481326817,0.21063785300796223
27,4.0,4,FBCCA,1.0,79.82892142261159,4.384040573615413,4.50660707864969,1.7913206932113757
27,4.0,4,TDCA,1.0,79.82892142261159,4.4069976271119575,4.636345096187961,2.2156577946868588
27,4.0,4,ImprovedTDCA,1.0,79.82892142261159,5.022587392360809,5.131363215289137,3.0823447510437907
27,4.0,4,TriBranchTDCA,1.0,79.82892142261159,4.990905963562253,5.14783049968881,3.1694315102747095
27,4.0,5,CCA,1.0,79.82892142261159,2.705236478842113,2.8914305697352005,0.5031278846357017
27,4.0,5,FBCCA,1.0,79.82892142261159,4.496240658158815,4.704630758755036,1.7195096157015146
27,4.0,5,TDCA,1.0,79.82892142261159,4.439798385232692,4.478011492867882,3.1631481872761
27,4.0,5,ImprovedTDCA,1.0,79.82892142261159,4.984346568897097,5.011698223448136,3.7839123274628514
27,4.0,5,TriBranchTDCA,1.0,79.82892142261159,4.993993809936344,5.111429691220163,3.857251818880701
28,0.3,0,CCA,0.075,9.723899662657054,0.07823084854230335,0.03561267652434141,6.895548779572991e-05
28,0.3,0,FBCCA,0.075,9.723899662657054,0.22452651579218313,0.11725283012472065,0.005891061021820576
28,0.3,0,TDCA,0.925,908.2422768692395,1.0763542399684367,1.1383073744106538,0.09460828987496117
28,0.3,0,ImprovedTDCA,0.95,954.2522053656586,1.1678717186297694,1.1293663319753091,0.07619582736689212
28,0.3,0,TriBranchTDCA,0.975,1004.2264215838272,1.4238434414974626,1.481361113220352,0.154315583907624
28,0.3,1,CCA,0.0,7.30517519781877,0.09807428252241665,0.044101479347606554,0.00010786092468850761
28,0.3,1,FBCCA,0.15,43.899180827610174,0.19088877112544292,0.14029568726500274,0.0034624457142444776
28,0.3,1,TDCA,0.825,745.5933743059824,0.7569239683502479,0.60271313502688,0.0510785334854611
28,0.3,1,ImprovedTDCA,0.85,783.855491468325,0.8724744582110329,0.8820519440212964,0.01538991753636787
28,0.3,1,TriBranchTDCA,0.85,783.855491468325,0.9288723259519174,0.9264793539399215,0.01893475070113526
28,0.3,2,CCA,0.025,0.0,0.1178682438403281,0.047475190416651825,0.000951353651352127
28,0.3,2,FBCCA,0.05,2.8798059704541856,0.22306254470163617,0.15148354755960491,0.0029731161853936428
28,0.3,2,TDCA,0.725,603.9788612811258,0.8082353302403135,0.6909540109569292,0.004297979136218766
28,0.3,2,ImprovedTDCA,0.725,603.9788612811258,0.8267587602496818,0.800199534712391,0.02706447692951519
28,0.3,2,TriBranchTDCA,0.7,571.003305999599,0.9298821078046607,0.8322806498561599,0.0027947900878806387
28,0.3,3,CCA,0.075,9.723899662657054,0.06092470326251902,0.03937819828274913,0.003001719257035962
28,0.3,3,FBCCA,0.075,9.723899662657054,0.2060566888939456,0.12640841139603354,0.00807989306399537
28,0.3,3,TDCA,0.8,708.5839112455101,0.8071732365385852,0.682508974759436,0.04166047696008235
28,0.3,3,ImprovedTDCA,0.825,745.5933743059824,0.9097193527517675,0.7147893903394528,0.02500162077385326
28,0.3,3,TriBranchTDCA,0.775,672.7039533260687,1.0086102954670093,0.9755783101376642,0.050163692391851145
28,0.3,4,CCA,0.025,0.0,0.0751738358053474,0.048522153746861196,0.00014428682431155693
28,0.3,4,FBCCA,0.025,0.0,0.20054056829317438,0.1446918522429066,0.0006476176305860726
28,0.3,4,TDCA,0.8,708.5839112455101,0.80363635342498,0.8212913507344664,0.01063058592456434
28,0.3,4,ImprovedTDCA,0.8,708.5839112455101,0.8813589360676961,0.8805485371808225,0.05795557854313271
28,0.3,4,TriBranchTDCA,0.85,783.855491468325,1.0662053146409394,1.155297524395031,0.018626416567641968
28,0.3,5,CCA,0.075,9.723899662657054,0.08274415619069016,0.04869305565906823,0.001281587024937858
28,0.3,5,FBCCA,0.125,30.727342036659877,0.18869068425869265,0.13905024583787617,0.0015340921410060826
28,0.3,5,TDCA,0.9,864.8784558823714,0.9193142527658363,0.8412737722240108,0.029330056546093886
28,0.3,5,ImprovedTDCA,0.925,908.2422768692395,0.9908945743042846,0.9798291141803602,0.08352853417201023
28,0.3,5,TriBranchTDCA,0.9,864.8784558823714,1.0488880078733813,0.979227543156033,0.0018989668445088537
28,0.5,0,CCA,0.175,35.09465151233407,0.13390131138164824,0.08741277181072526,0.0035442343752403183
28,0.5,0,FBCCA,0.4,141.56834029384152,0.32061765602428094,0.2149134265027497,0.026644538968619846
28,0.5,0,TDCA,1.0,638.6313713808927,1.350571442386022,1.278311694275755,0.26424709636115784
28,0.5,0,ImprovedTDCA,1.0,638.6313713808927,1.760601588220683,1.7569591895196561,0.49123848785146995
28,0.5,0,TriBranchTDCA,1.0,638.6313713808927,1.7700900353013929,1.8996631390719547,0.2535171976959609
28,0.5,1,CCA,0.075,5.834339797594232,0.1030260579748639,0.05290714426660481,0.002648144144765663
28,0.5,1,FBCCA,0.325,101.3454569549014,0.21706409048296577,0.16469939616495266,0.011469203685597673
28,0.5,1,TDCA,0.95,572.5513232193952,1.2164825245691033,1.2285537954972319,0.02115694654502498
28,0.5,1,ImprovedTDCA,1.0,638.6313713808927,1.5716073238909787,1.5117611978198409,0.04008771249899956
28,0.5,1,TriBranchTDCA,0.975,602.5358529502963,1.649830582450449,1.628953634363342,0.13797729922995527
28,0.5,2,CCA,0.05,1.7278835822725114,0.07797188560845049,0.049548620679871314,0.00013287125817140755
28,0.5,2,FBCCA,0.15,26.339508496566104,0.330009346770115,0.19511751081210982,0.005888626071065328
28,0.5,2,TDCA,0.9,518.9270735294228,1.1816209742764072,1.19005280694137,0.07038631339539969
28,0.5,2,ImprovedTDCA,0.85,470.313294880995,1.354058241607591,1.4714107263274376,0.04174357581496313
28,0.5,2,TriBranchTDCA,0.875,494.1226049195982,1.4940902486383643,1.5820800963938009,0.03407764796527468
28,0.5,3,CCA,0.1,11.528460518646853,0.09642441218236265,0.06848936641750947,0.0024295873984576666
28,0.5,3,FBCCA,0.275,76.975596950114,0.2851139034686707,0.21198205566132977,0.0023586104096950944
28,0.5,3,TDCA,0.975,602.5358529502963,1.2204280524790623,1.2425077414334793,0.0926173473644627
28,0.5,3,ImprovedTDCA,0.825,447.3560245835894,1.5215037828677223,1.5229071266099599,0.0673984964696066
28,0.5,3,TriBranchTDCA,0.95,572.5513232193952,1.6024448164142264,1.642722899261059,0.022330361134003773
28,0.5,4,CCA,0.1,11.528460518646853,0.09306633432640253,0.07440230819397586,0.0004469350311984144
28,0.5,4,FBCCA,0.325,101.3454569549014,0.3388990459801751,0.24861551287323258,0.007730346876615002
28,0.5,4,TDCA,0.95,572.5513232193952,1.2733667599964047,1.4197981899476326,0.0328659762713408
28,0.5,4,ImprovedTDCA,0.95,572.5513232193952,1.6363380728066546,1.6990522518023767,0.07853033592365755
28,0.5,4,TriBranchTDCA,0.975,602.5358529502963,1.5525780109048646,1.6327384280578097,0.06083313642117716
28,0.5,5,CCA,0.2,44.6013869892241,0.09528851610837855,0.07177578779521443,0.013630948554296918
28,0.5,5,FBCCA,0.3,88.90267709437161,0.35147363309623386,0.2627502815580077,0.0033017806116537596
28,0.5,5,TDCA,0.95,572.5513232193952,1.3608946712326044,1.4984303102978664,0.0500184859280246
28,0.5,5,ImprovedTDCA,0.975,602.5358529502963,1.721939792504164,1.7746857393384827,0.25704275729844106
28,0.5,5,TriBranchTDCA,0.975,602.5358529502963,1.8684332029379953,1.918110254459727,0.47576308081431895
28,1.0,0,CCA,0.525,108.78996971309905,0.2587366814030522,0.17475834996072392,0.0024342323162001023
28,1.0,0,FBCCA,0.775,201.8111859978206,1.0244923958655354,1.0029070397607074,0.06895938956148129
28,1.0,0,TDCA,1.0,319.31568569044634,2.4751494139755885,2.454835389850511,0.6472650978774124
28,1.0,0,ImprovedTDCA,1.0,319.31568569044634,3.0619737228675117,3.227545242527183,0.2507827982342641
28,1.0,0,TriBranchTDCA,1.0,319.31568569044634,3.2137240552914443,3.333231030811098,0.4025711059439323
28,1.0,1,CCA,0.625,143.12809559334323,0.23905704884964063,0.15705119516869104,0.004152974265796638
28,1.0,1,FBCCA,0.825,223.6780122917947,1.1169644846448346,1.0108236740105052,0.013556265316367444
28,1.0,1,TDCA,0.975,301.26792647514816,2.173584249393719,2.2407751898233506,1.0387709091891475
28,1.0,1,ImprovedTDCA,1.0,319.31568569044634,2.930092297343266,3.0792593662153243,0.4823445592100857
28,1.0,1,TriBranchTDCA,1.0,319.31568569044634,3.0839579734311777,3.2448350648285613,0.7331567439553988
28,1.0,2,CCA,0.375,63.84706231040955,0.20357305527084635,0.17865902845339043,0.005181934806244515
28,1.0,2,FBCCA,0.775,201.8111859978206,0.6867213730985302,0.5665300223555761,0.0029538545523211113
28,1.0,2,TDCA,1.0,319.31568569044634,2.3296147655124133,2.3138687411799066,1.4867253615072982
28,1.0,2,ImprovedTDCA,1.0,319.31568569044634,2.81391456883524,2.879427096232627,0.29266008014621336
28,1.0,2,TriBranchTDCA,1.0,319.31568569044634,3.0472632353343903,3.0184285392011083,1.3886449872869204
28,1.0,3,CCA,0.575,125.51543335486325,0.2640273192641491,0.15526625225988766,0.011928639836951804
28,1.0,3,FBCCA,0.825,223.6780122917947,1.0249103353942908,0.9335765231726235,0.07777982197388456
28,1.0,3,TDCA,1.0,319.31568569044634,2.5305231139854003,2.5820352162798277,1.2907254267353099
28,1.0,3,ImprovedTDCA,1.0,319.31568569044634,3.010653905971985,3.162603993186136,0.7186429077222902
28,1.0,3,TriBranchTDCA,1.0,319.31568569044634,3.3173795496279026,3.362469427720248,1.5414902526070071
28,1.0,4,CCA,0.475,92.93376305651233,0.2491972615453794,0.15716929283024228,7.638367651230382e-05
28,1.0,4,FBCCA,0.825,223.6780122917947,1.048379724545128,0.9854083310088856,0.08277043915092808
28,1.0,4,TDCA,1.0,319.31568569044634,2.3861769852757972,2.5087299586475673,0.21171202652173715
28,1.0,4,ImprovedTDCA,1.0,319.31568569044634,2.843692948857534,2.9225987240914413,0.4730289626514059
28,1.0,4,TriBranchTDCA,1.0,319.31568569044634,3.129203030264276,3.2106829418485465,1.2035326340486587
28,1.0,5,CCA,0.45,85.33094523151902,0.27711795827366226,0.1605748653142971,0.0066768616819707916
28,1.0,5,FBCCA,0.9,259.4635367647114,0.9377963844176428,0.8721242031548777,0.019404611364521873
28,1.0,5,TDCA,1.0,319.31568569044634,2.3874364718610526,2.4497639339959028,0.6826164023609747
28,1.0,5,ImprovedTDCA,1.0,319.31568569044634,2.938795992927116,3.049554896632677,1.1904107387606255
28,1.0,5,TriBranchTDCA,1.0,319.31568569044634,3.2061692550881515,3.2933798961236707,1.7287767115059083
28,2.0,0,CCA,0.8,106.28758668682651,0.9525347574420555,0.8345571144193602,0.03110553839752983
28,2.0,0,FBCCA,1.0,159.65784284522317,2.926451314672529,3.0197607371106834,0.273529304867564
28,2.0,0,TDCA,1.0,159.65784284522317,3.4597016229088253,3.3995519172707898,1.3866132697410636
28,2.0,0,ImprovedTDCA,1.0,159.65784284522317,4.205396546967491,4.368868877371192,1.91922802419929
28,2.0,0,TriBranchTDCA,1.0,159.65784284522317,4.2793342276113915,4.4673761442798785,1.6934870327324973
28,2.0,1,CCA,0.825,111.83900614589734,0.8913546034593451,0.8827604720870152,0.028771164455171583
28,2.0,1,FBCCA,0.975,150.63396323757408,2.755490023018141,2.770048331418578,0.637006186733108
28,2.0,1,TDCA,1.0,159.65784284522317,3.0638582287364624,3.3290456545383336,1.3160154666220991
28,2.0,1,ImprovedTDCA,1.0,159.65784284522317,4.070327763305317,4.114330611667304,2.408575134311408
28,2.0,1,TriBranchTDCA,1.0,159.65784284522317,4.0117905107119025,4.0833242252674555,2.9013319405085167
28,2.0,2,CCA,0.65,76.13907788730256,0.8691375903735811,0.662988805966571,0.10779009737425715
28,2.0,2,FBCCA,0.975,150.63396323757408,2.6366642209284046,2.596251034165922,0.30530840396141823
28,2.0,2,TDCA,1.0,159.65784284522317,3.1336243984496073,3.119028521973987,1.526213923188466
28,2.0,2,ImprovedTDCA,1.0,159.65784284522317,4.035767597275887,4.087645901429781,2.5028003051566214
28,2.0,2,TriBranchTDCA,1.0,159.65784284522317,3.992898028474,4.080091490733073,2.571681701365913
28,2.0,3,CCA,0.8,106.28758668682651,1.0484686721480492,1.029054852773813,0.002604276541826156
28,2.0,3,FBCCA,1.0,159.65784284522317,3.136564892752035,3.2584100623245824,1.3715696074724333
28,2.0,3,TDCA,1.0,159.65784284522317,3.342881221654713,3.25903089647501,2.420944334668438
28,2.0,3,ImprovedTDCA,1.0,159.65784284522317,4.226966908055469,4.302302749154036,2.7729461995680227
28,2.0,3,TriBranchTDCA,1.0,159.65784284522317,4.222980785050813,4.24928484073809,3.093617558681245
28,2.0,4,CCA,0.7,85.65049589993984,0.7303814029771745,0.5021566851015056,0.0029425156481135417
28,2.0,4,FBCCA,1.0,159.65784284522317,2.7569778852648357,2.605116257176933,0.7041325824627416
28,2.0,4,TDCA,1.0,159.65784284522317,3.382664352646509,3.410857407452344,1.354313843264742
28,2.0,4,ImprovedTDCA,1.0,159.65784284522317,4.153837758984643,4.215056974968599,2.561996398317038
28,2.0,4,TriBranchTDCA,1.0,159.65784284522317,4.201020967171727,4.2373490178382,3.0476678591308364
28,2.0,5,CCA,0.525,54.39498485654953,0.7590839512963428,0.6790044380617041,0.008296743860322753
28,2.0,5,FBCCA,0.9,129.7317683823557,2.643195660406814,2.9301631444344394,0.18650886491842344
28,2.0,5,TDCA,1.0,159.65784284522317,3.004130901676212,3.151020443470805,0.2222288027292485
28,2.0,5,ImprovedTDCA,1.0,159.65784284522317,3.755177666085095,4.0804720317265195,0.3385907317113972
28,2.0,5,TriBranchTDCA,1.0,159.65784284522317,3.827992525508069,4.013947124089737,0.7235711802071445
28,4.0,0,CCA,0.8,53.14379334341326,2.0597099003552453,2.232012415347513,0.024694985010142556
28,4.0,0,FBCCA,1.0,79.82892142261159,4.345431674007441,4.602111037198174,1.7103079494637519
28,4.0,0,TDCA,1.0,79.82892142261159,4.133358072574909,4.25244395604818,1.6765639947356812
28,4.0,0,ImprovedTDCA,1.0,79.82892142261159,4.190411749615704,4.312148381706978,1.741059817095027
28,4.0,0,TriBranchTDCA,1.0,79.82892142261159,4.736159178341113,4.857666012728705,2.612621601319488
28,4.0,1,CCA,0.825,55.91950307294867,2.0551521514645836,2.1557072668996717,0.07821851666679303
28,4.0,1,FBCCA,1.0,79.82892142261159,4.199819061518467,4.308334220143078,1.4367480397547192
28,4.0,1,TDCA,1.0,79.82892142261159,3.809275240342738,3.8565941461722026,2.0756652226470025
28,4.0,1,ImprovedTDCA,1.0,79.82892142261159,4.770744895220532,4.83205160238206,3.9273103824124043
28,4.0,1,TriBranchTDCA,1.0,79.82892142261159,4.571700093102949,4.584232563586756,3.3771915567372153
28,4.0,2,CCA,0.85,58.78916186012437,1.6766089613629191,1.5192568148171726,0.012182403548573806
28,4.0,2,FBCCA,0.975,75.31698161878704,4.050110711390593,4.074365326985674,0.4443731184877051
28,4.0,2,TDCA,0.975,75.31698161878704,3.7129178584982037,3.8316864937894906,0.10959192879503177
28,4.0,2,ImprovedTDCA,0.975,75.31698161878704,4.655708748753119,4.780708557466296,1.5363005490989852
28,4.0,2,TriBranchTDCA,0.975,75.31698161878704,4.45942880738326,4.554433593800544,1.4113383980585845
28,4.0,3,CCA,0.9,64.86588419117786,1.7615004338240339,1.4562738947422957,0.06191981463390883
28,4.0,3,FBCCA,1.0,79.82892142261159,4.126147379155644,4.100229382316942,2.5350605743863484
28,4.0,3,TDCA,1.0,79.82892142261159,4.028427421626077,4.096105114437874,1.5066545867764152
28,4.0,3,ImprovedTDCA,1.0,79.82892142261159,4.078886994062176,4.039842769990459,1.737090151016953
28,4.0,3,TriBranchTDCA,1.0,79.82892142261159,4.709623371078127,4.685440900843376,3.194996299634605
28,4.0,4,CCA,0.825,55.91950307294867,1.9224998447549744,1.9562241279259935,0.05758539778224181
28,4.0,4,FBCCA,1.0,79.82892142261159,4.241483637455313,4.376671592678033,1.9217539194637236
28,4.0,4,TDCA,1.0,79.82892142261159,4.048795492109899,4.033429504364346,2.9746151679897057
28,4.0,4,ImprovedTDCA,1.0,79.82892142261159,4.836932327946869,4.912706408054581,3.2283491421233212
28,4.0,4,TriBranchTDCA,1.0,79.82892142261159,4.686367399140841,4.716026843919373,3.5447665441528304
28,4.0,5,CCA,0.725,45.29841459608443,1.5771211882669365,1.384379723442163,0.12344937474619
28,4.0,5,FBCCA,1.0,79.82892142261159,3.6557523564417833,3.880247117278488,1.243392490724926
28,4.0,5,TDCA,1.0,79.82892142261159,3.9482496335957515,4.039200063370453,1.6359830423001394
28,4.0,5,ImprovedTDCA,1.0,79.82892142261159,4.219752647896591,4.313397046590277,2.143567242835633
28,4.0,5,TriBranchTDCA,1.0,79.82892142261159,4.603984817708264,4.739929058741742,2.7187010721476463
29,0.3,0,CCA,0.025,0.0,0.14131159588265757,0.07508080332493605,0.012019083227786886
29,0.3,0,FBCCA,0.075,9.723899662657054,0.28934434191435854,0.24801387532686348,0.004101286873623211
29,0.3,0,TDCA,0.575,418.38477784954415,0.49068447407485205,0.356102048850099,0.010721509170175114
29,0.3,0,ImprovedTDCA,0.575,418.38477784954415,0.5360238111321117,0.45275524940442347,0.0055356322561370686
29,0.3,0,TriBranchTDCA,0.55,390.1445284823086,0.673283547323494,0.4619976329517962,0.035024158850206266
29,0.3,1,CCA,0.025,0.0,0.08835736238382318,0.05660428336277956,0.00021882998316180569
29,0.3,1,FBCCA,0.05,2.8798059704541856,0.26457852752333094,0.2392020295849725,0.004085052657644139
29,0.3,1,TDCA,0.475,309.77921018837446,0.43726354568754894,0.32394868568239266,0.005802494767560784
29,0.3,1,ImprovedTDCA,0.5,335.84539709124766,0.5520135386322085,0.4324950403691048,0.03014956070443575
29,0.3,1,TriBranchTDCA,0.45,284.4364841050634,0.650540615963967,0.5840043127995025,0.016771799979040214
29,0.3,2,CCA,0.05,2.8798059704541856,0.10861760223380656,0.09269761419918221,0.007937607657976908
29,0.3,2,FBCCA,0.025,0.0,0.2788443705778874,0.23155980586000635,0.006162719382446946
29,0.3,2,TDCA,0.4,235.9472338230692,0.44843560962893303,0.3341590690542984,0.01758301071636037
29,0.3,2,ImprovedTDCA,0.475,309.77921018837446,0.46972783667543005,0.4118355538116334,0.02096181250692397
29,0.3,2,TriBranchTDCA,0.5,335.84539709124766,0.5172084661166352,0.5009696321839113,0.032792752970411954
29,0.3,3,CCA,0.05,2.8798059704541856,0.08540545943849831,0.06059863268763388,5.9264055897845225e-05
29,0.3,3,FBCCA,0.025,0.0,0.20328785628362409,0.18190581643335146,0.00018650572302059132
29,0.3,3,TDCA,0.4,235.9472338230692,0.6227447326732664,0.5471748904070377,0.0005647281346605748
29,0.3,3,ImprovedTDCA,0.425,259.8227112836768,0.5815681211695527,0.546148578959495,0.01211805620186035
29,0.3,3,TriBranchTDCA,0.6,447.363322577559,0.7013578005155738,0.58504784412431,0.015632262313848955
29,0.3,4,CCA,0.025,0.0,0.11886895738113315,0.051552422423106425,0.0007143686774335745
29,0.3,4,FBCCA,0.075,9.723899662657054,0.22638787904333846,0.17268511365632122,0.0032508004132119073
29,0.3,4,TDCA,0.5,335.84539709124766,0.5935163584127727,0.50751277496569,0.000977891822257826
29,0.3,4,ImprovedTDCA,0.6,447.363322577559,0.6659765715985999,0.5223447974631122,0.036121468990741645
29,0.3,4,TriBranchTDCA,0.525,362.6332323769969,0.7286670141989326,0.5779498447722118,0.023425851271565712
29,0.3,5,CCA,0.05,2.8798059704541856,0.15071776007897303,0.07402073135830689,0.002397721463438529
29,0.3,5,FBCCA,0.025,0.0,0.2936408804841343,0.2447338112950752,0.0010539842161547686
29,0.3,5,TDCA,0.225,91.30970925122118,0.43915633236821766,0.27354141799041076,0.020860057833170353
29,0.3,5,ImprovedTDCA,0.275,128.29266158352334,0.41615415596187305,0.2791417952286993,0.012935329815424446
29,0.3,5,TriBranchTDCA,0.325,168.90909492483567,0.5465622642987211,0.3318729637826663,0.03387225011381423
29,0.5,0,CCA,0.05,1.7278835822725114,0.14793638341647686,0.09208703138500329,0.0029509806349339307
29,0.5,0,FBCCA,0.25,65.59179675378513,0.3976946524392207,0.28907954839420735,0.008345778030621753
29,0.5,0,TDCA,0.625,286.25619118668646,0.735945847633275,0.6496303240940877,0.040766246667953476
29,0.5,0,ImprovedTDCA,0.75,382.71592988552015,0.8936646208264024,0.7555425163817066,0.06904465191580167
29,0.5,0,TriBranchTDCA,0.725,362.3873167686754,0.8958799675486027,0.6646285714269023,0.011912967646891648
29,0.5,1,CCA,0.1,11.528460518646853,0.1524131978062593,0.12778419496895255,0.0018862927729859091
29,0.5,1,FBCCA,0.125,18.436405221995926,0.43755838345557485,0.3187621890169754,0.0009311456131686491
29,0.5,1,TDCA,0.55,234.08671708938516,0.5653785444397634,0.4684484173388025,0.005695200907865683
29,0.5,1,ImprovedTDCA,0.65,304.55631154921025,0.6668665913652312,0.46520502985838486,0.0004357151477822896
29,0.5,1,TriBranchTDCA,0.65,304.55631154921025,0.7211862406677481,0.4993565941516187,0.007615846644690283
29,0.5,2,CCA,0.0,4.383105118691262,0.2195071594577999,0.14265516802839417,0.0010148719885416657
29,0.5,2,FBCCA,0.1,11.528460518646853,0.2951914899269735,0.262888868986203,0.022223621349166667
29,0.5,2,TDCA,0.7,342.60198359975936,0.558930746071367,0.3674674204585021,0.010731868268423206
29,0.5,2,ImprovedTDCA,0.725,362.3873167686754,0.6080735014047354,0.5393789029416061,0.004950722969246257
29,0.5,2,TriBranchTDCA,0.7,342.60198359975936,0.7837959865461267,0.6129721265231545,0.0057274359343963965
29,0.5,3,CCA,0.025,0.0,0.16647188025399506,0.11225485992874695,0.002054703855846274
29,0.5,3,FBCCA,0.025,0.0,0.3233582150991329,0.22518793235605172,0.009585131603905506
29,0.5,3,TDCA,0.7,342.60198359975936,0.746782866197154,0.6366844004644002,0.000858911108801319
29,0.5,3,ImprovedTDCA,0.725,362.3873167686754,0.8040125368892465,0.7169764332991087,0.02597379814930445
29,0.5,3,TriBranchTDCA,0.775,403.6223719956412,0.9483159011937659,0.6898664454061714,0.010352546234781101
29,0.5,4,CCA,0.05,1.7278835822725114,0.17700847438985529,0.10865458474765988,0.001690129416557662
29,0.5,4,FBCCA,0.15,26.339508496566104,0.37085751964272684,0.2794812831996907,0.031635300591240645
29,0.5,4,TDCA,0.8,425.15034674730606,0.8390312440342622,0.755151116075922,0.03341222451057124
29,0.5,4,ImprovedTDCA,0.775,403.6223719956412,0.9691979544174316,0.975198767314346,0.0012650109059400005
29,0.5,4,TriBranchTDCA,0.75,382.71592988552015,0.9688643403657411,0.7386649620094418,0.1111412332238495
29,0.5,5,CCA,0.025,0.0,0.17756670261972302,0.10301922361853555,0.0004549388786025954
29,0.5,5,FBCCA,0.1,11.528460518646853,0.3397360870113393,0.3048380894003143,0.028528477471161162
29,0.5,5,TDCA,0.525,217.5799394261981,0.6230975333472062,0.519307048651348,0.016027349399438062
29,0.5,5,ImprovedTDCA,0.625,286.25619118668646,0.7283311418757036,0.6376497807851363,0.005762143373682971
29,0.5,5,TriBranchTDCA,0.65,304.55631154921025,0.8076510832744223,0.6290900155340737,0.038069963098398274
29,1.0,0,CCA,0.125,9.218202610997963,0.2639452233214854,0.1437757763257258,0.0003431593342457795
29,1.0,0,FBCCA,0.325,50.6727284774507,0.5635679296490625,0.4451832034665598,0.012951406199807725
29,1.0,0,TDCA,0.875,247.0613024597991,1.3155548300768798,1.2778451248965232,0.012546190263199808
29,1.0,0,ImprovedTDCA,0.925,272.47268306077183,1.6323647802722427,1.6986401063250924,0.3140327453174061
29,1.0,0,TriBranchTDCA,0.95,286.2756616096976,1.8081125552791026,1.4192034890154133,0.09981431660894735
29,1.0,1,CCA,0.125,9.218202610997963,0.3003693252543621,0.21704510699550017,0.00220052972087581
29,1.0,1,FBCCA,0.4,70.78417014692076,0.5482926844392427,0.3770594739883112,0.01987477423862294
29,1.0,1,TDCA,0.95,286.2756616096976,1.500058087971047,1.5328690836308152,0.0823254777819602
29,1.0,1,ImprovedTDCA,0.9,259.4635367647114,1.855399783017491,1.7180141227964092,0.006023645156671753
29,1.0,1,TriBranchTDCA,0.9,259.4635367647114,1.8542642043464093,1.9917393994473094,0.013209135132056016
29,1.0,2,CCA,0.225,27.39291277536635,0.26721191241955156,0.23599500652517014,0.01242737972825192
29,1.0,2,FBCCA,0.5,100.7536191273743,0.5645212361576342,0.4309516446548749,0.03151469364023196
29,1.0,2,TDCA,0.975,301.26792647514816,1.6418437379671311,1.786645048106176,0.055959687185985985
29,1.0,2,ImprovedTDCA,0.975,301.26792647514816,2.1185746930275324,2.243738916654221,0.13957680775051795
29,1.0,2,TriBranchTDCA,0.975,301.26792647514816,2.0752051898304478,2.297311823041179,0.020594629194803815
29,1.0,3,CCA,0.05,0.8639417911362557,0.24574487205039813,0.18544988422340503,0.00036727426322435974
29,1.0,3,FBCCA,0.275,38.487798475057,0.3652614991895704,0.2544237337115247,0.010398977538383036
29,1.0,3,TDCA,0.9,259.4635367647114,1.5547017549185238,1.6065514001217587,0.03015498289260221
29,1.0,3,ImprovedTDCA,0.975,301.26792647514816,1.8769368462118816,1.898655551664309,0.0013218981012075304
29,1.0,3,TriBranchTDCA,0.975,301.26792647514816,2.055216828451674,2.0928102975647795,0.10420076153343727
29,1.0,4,CCA,0.075,2.917169898797116,0.253100076040255,0.1787017465746381,0.00460787267173135
29,1.0,4,FBCCA,0.45,85.33094523151902,0.41785092332282625,0.28330711439682754,0.005534058907409101
29,1.0,4,TDCA,0.95,286.2756616096976,1.784319714078774,1.8194084249465572,0.1479269146723854
29,1.0,4,ImprovedTDCA,0.925,272.47268306077183,2.064288106767357,2.2566143102402547,0.10615449496388263
29,1.0,4,TriBranchTDCA,0.95,286.2756616096976,2.060264735504009,2.2458533781706254,0.3013952291180124
29,1.0,5,CCA,0.15,13.169754248283052,0.3687542486728572,0.27208734766637366,0.014793755151461863
29,1.0,5,FBCCA,0.275,38.487798475057,0.49388691224408066,0.45895460856892845,0.034679128137767634
29,1.0,5,TDCA,0.9,259.4635367647114,1.3644111458026857,1.3183554143305254,0.04531712877926042
29,1.0,5,ImprovedTDCA,0.9,259.4635367647114,1.6778425929903862,1.7449687295003744,0.006233378175466875
29,1.0,5,TriBranchTDCA,0.95,286.2756616096976,1.735764008638025,1.7713433886609682,0.10857675978787418
29,2.0,0,CCA,0.4,35.39208507346038,0.5766328424804028,0.47842484630566184,0.0038647967804941175
29,2.0,0,FBCCA,0.75,95.67898247138004,1.325804440952879,1.297362718172302,0.038069189722574226
29,2.0,0,TDCA,0.975,150.63396323757408,2.203758932314897,2.0899141432784436,0.014959067108005097
29,2.0,0,ImprovedTDCA,0.95,143.1378308048488,2.8812341136577926,3.1956873446838787,0.09808780395535388
29,2.0,0,TriBranchTDCA,0.975,150.63396323757408,2.9205620632322953,3.083896910398673,0.4262754237341988
29,2.0,1,CCA,0.475,46.46688152825617,0.5355501585066083,0.32022575648481344,0.015395739593349944
29,2.0,1,FBCCA,0.8,106.28758668682651,1.3487796621599628,1.1688533905940823,0.030993453189024134
29,2.0,1,TDCA,1.0,159.65784284522317,2.264224976950434,2.2406898927228758,0.2580587362753377
29,2.0,1,ImprovedTDCA,1.0,159.65784284522317,3.0431675857919087,3.255181744143781,0.32437733071527
29,2.0,1,TriBranchTDCA,1.0,159.65784284522317,3.142276545648693,3.1756212487724937,1.4158322358462756
29,2.0,2,CCA,0.4,35.39208507346038,0.6880754482461662,0.5344106570991128,0.06373549850589222
29,2.0,2,FBCCA,0.775,100.9055929989103,1.3290487319447835,1.2029336492804803,0.05258779633517463
29,2.0,2,TDCA,1.0,159.65784284522317,2.418985477976502,2.526171986038303,0.12817992539637313
29,2.0,2,ImprovedTDCA,0.975,150.63396323757408,2.88288327979905,3.089823691710664,0.11477364132806445
29,2.0,2,TriBranchTDCA,1.0,159.65784284522317,2.9953700138443127,3.1766793346968543,1.266651421946004
29,2.0,3,CCA,0.375,31.923531155204774,0.6028843677013804,0.5646252723075005,0.06321075413147215
29,2.0,3,FBCCA,0.725,90.59682919216885,1.1970457853612912,0.9191022756191939,0.003210628903523194
29,2.0,3,TDCA,1.0,159.65784284522317,2.3099141446664264,2.349382971203189,1.0694197379293753
29,2.0,3,ImprovedTDCA,1.0,159.65784284522317,2.9652840522944706,2.7614693400238672,0.9081380834285016
29,2.0,3,TriBranchTDCA,1.0,159.65784284522317,3.1954072077847044,3.099036798178504,2.0023177343224026
29,2.0,4,CCA,0.4,35.39208507346038,0.5500822274306223,0.4018904512472783,0.002801906226321371
29,2.0,4,FBCCA,0.8,106.28758668682651,1.3936651067066679,1.3261006799793953,0.03863636842902762
29,2.0,4,TDCA,0.95,143.1378308048488,2.61843163591793,2.871998536484199,0.09896190346836109
29,2.0,4,ImprovedTDCA,0.95,143.1378308048488,3.033946497736166,3.0988997648741936,0.15937520977342468
29,2.0,4,TriBranchTDCA,0.975,150.63396323757408,3.2124878641581205,3.391120277198249,0.31046847512592946
29,2.0,5,CCA,0.4,35.39208507346038,0.6322826934182932,0.4656479592494134,0.04589328218563038
29,2.0,5,FBCCA,0.775,100.9055929989103,1.2386613931810748,0.9327571606243088,0.07650436436092978
29,2.0,5,TDCA,1.0,159.65784284522317,2.2746726289873207,2.500185621169233,0.0060906790685337775
29,2.0,5,ImprovedTDCA,1.0,159.65784284522317,2.879002437499841,3.0715574372404,0.02334061755412975
29,2.0,5,TriBranchTDCA,1.0,159.65784284522317,3.0264365089357748,3.080005644089645,1.2609113492582793
29,4.0,0,CCA,0.7,42.82524794996992,1.1161258602961683,0.959320773691064,0.06462562922000847
29,4.0,0,FBCCA,0.925,68.11817076519296,2.4214060585719945,2.692562187186099,0.04170582663350508
29,4.0,0,TDCA,1.0,79.82892142261159,3.6842775907570116,3.940308458512252,0.8699742611592782
29,4.0,0,ImprovedTDCA,1.0,79.82892142261159,4.066119871341362,4.11384477704191,2.649096706187139
29,4.0,0,TriBranchTDCA,1.0,79.82892142261159,4.090524699027742,4.293806328458325,1.5154797403081859
29,4.0,1,CCA,0.725,45.29841459608443,1.3463485104095345,1.1174173735741126,0.025157096969566695
29,4.0,1,FBCCA,0.95,71.5689154024244,2.731718771872054,2.7632395125842892,0.09548679934322557
29,4.0,1,TDCA,1.0,79.82892142261159,3.5533992155763143,3.7642877658591924,0.5612684999087136
29,4.0,1,ImprovedTDCA,1.0,79.82892142261159,4.087402721504506,4.204800739444415,0.9137919210144689
29,4.0,1,TriBranchTDCA,1.0,79.82892142261159,4.105856595964939,4.206701504008013,1.4411138231393723
29,4.0,2,CCA,0.675,40.416543768389495,1.2882305661823383,1.2361808173088589,0.09558579446565885
29,4.0,2,FBCCA,1.0,79.82892142261159,2.4673254138672247,2.4406833393998406,0.15141941134802828
29,4.0,2,TDCA,1.0,79.82892142261159,3.7365390375812355,3.832264996149938,2.338295320446797
29,4.0,2,ImprovedTDCA,1.0,79.82892142261159,4.091527433520686,4.3015821550962485,2.3132835485111998
29,4.0,2,TriBranchTDCA,1.0,79.82892142261159,4.192253559127068,4.323542842827143,2.6467540197967305
29,4.0,3,CCA,0.625,35.78202389833581,1.368015074987195,1.1817069716497026,0.00810038617761144
29,4.0,3,FBCCA,1.0,79.82892142261159,2.658813160532897,2.6130827647006143,0.2803334475454031
29,4.0,3,TDCA,1.0,79.82892142261159,3.8227007264393267,3.865375944706573,2.8300926511774582
29,4.0,3,ImprovedTDCA,1.0,79.82892142261159,4.115758728385006,4.02756078985121,2.5209065221279223
29,4.0,3,TriBranchTDCA,1.0,79.82892142261159,4.28050711999187,4.375972184415126,2.6866067364338186
29,4.0,4,CCA,0.7,42.82524794996992,1.4673303207846309,1.4950870514711574,0.07121680941592468
29,4.0,4,FBCCA,0.95,71.5689154024244,2.7119671743064426,2.5038569352026903,0.5441888814096765
29,4.0,4,TDCA,0.975,75.31698161878704,3.898361529602692,4.01668752039685,0.30158462112101536
29,4.0,4,ImprovedTDCA,1.0,79.82892142261159,4.0691599783263905,4.266776084127558,2.0062744895642477
29,4.0,4,TriBranchTDCA,0.975,75.31698161878704,4.2869806868509315,4.349848191657191,0.062453798608101296
29,4.0,5,CCA,0.8,53.14379334341326,1.2298394013176723,0.9108218848696452,0.09873190720723057
29,4.0,5,FBCCA,0.975,75.31698161878704,2.664180569464455,2.853619866655237,0.44116456181531216
29,4.0,5,TDCA,1.0,79.82892142261159,3.730719440181086,3.7136619970795453,1.5305435878089741
29,4.0,5,ImprovedTDCA,1.0,79.82892142261159,4.145527163376075,4.277585759339245,1.7700517692825883
29,4.0,5,TriBranchTDCA,1.0,79.82892142261159,4.311793264088499,4.47657102572153,1.9657516898136196
30,0.3,0,CCA,0.025,0.0,0.14043473328033942,0.0698421092668754,0.002180705841222874
30,0.3,0,FBCCA,0.075,9.723899662657054,0.2231007619612208,0.16811448439685295,0.010420490477036859
30,0.3,0,TDCA,0.75,637.8598831425336,0.5473038126816826,0.31596036298309427,0.017789607558702514
30,0.3,0,ImprovedTDCA,0.75,637.8598831425336,0.5751051991219038,0.41488230754241484,0.008347940898293604
30,0.3,0,TriBranchTDCA,0.675,538.8872502451933,0.6989783035093285,0.5161100555262654,0.024725814063164098
30,0.3,1,CCA,0.075,9.723899662657054,0.1431218642052203,0.06982777124804562,0.0008814913776455935
30,0.3,1,FBCCA,0.075,9.723899662657054,0.18806279847268662,0.12867283243797034,0.008683971836961346
30,0.3,1,TDCA,0.775,672.7039533260687,0.642338221024449,0.6505512295229894,0.04378623486573785
30,0.3,1,ImprovedTDCA,0.8,708.5839112455101,0.647709181561702,0.5985352533885515,0.020120784691100457
30,0.3,1,TriBranchTDCA,0.725,603.9788612811258,0.7495367270326555,0.6698416390413924,0.02805215564438779
30,0.3,2,CCA,0.025,0.0,0.1113769654503011,0.06098463322837777,0.0012495168978399196
30,0.3,2,FBCCA,0.0,7.30517519781877,0.26550045774777997,0.16981806780437603,0.004327785439828924
30,0.3,2,TDCA,0.725,603.9788612811258,0.6396128184960919,0.5355688345623526,0.0013330265406077402
30,0.3,2,ImprovedTDCA,0.775,672.7039533260687,0.6664666676535358,0.7045217469736866,0.00029525152314335834
30,0.3,2,TriBranchTDCA,0.75,637.8598831425336,0.8260510911953347,0.7536534444198688,0.015878030490376727
30,0.3,3,CCA,0.025,0.0,0.09519889744845265,0.05472398908211151,0.0005111071389167776
30,0.3,3,FBCCA,0.025,0.0,0.21434801167455914,0.15988801346551706,0.003009275545590384
30,0.3,3,TDCA,0.675,538.8872502451933,0.5458256318534186,0.37025614939440854,0.010901571399795529
30,0.3,3,ImprovedTDCA,0.675,538.8872502451933,0.5836686548950804,0.4622096684978534,0.05314313497862555
30,0.3,3,TriBranchTDCA,0.725,603.9788612811258,0.5710113671145428,0.4205453669809144,0.023047092484480114
30,0.3,4,CCA,0.0,7.30517519781877,0.07741707541514885,0.04773510809034198,0.0031585966781313424
30,0.3,4,FBCCA,0.0,7.30517519781877,0.18105363261137336,0.16175941734034904,0.0037161227391115936
30,0.3,4,TDCA,0.625,477.0936519778108,0.4430236798604829,0.38436069240541537,0.0036705548889335304
30,0.3,4,ImprovedTDCA,0.7,571.003305999599,0.4319146374491922,0.34709820112464274,0.014899865748496888
30,0.3,4,TriBranchTDCA,0.625,477.0936519778108,0.48150298258424795,0.4272406905231252,0.06402039288033556
30,0.3,5,CCA,0.0,7.30517519781877,0.09074203426315962,0.056375713235682356,0.0004726307623750259
30,0.3,5,FBCCA,0.0,7.30517519781877,0.21449985202394312,0.18800969921471866,0.0061909819697882895
30,0.3,5,TDCA,0.65,507.5938525820171,0.5007190060917516,0.41473036107826855,0.004490564297206179
30,0.3,5,ImprovedTDCA,0.675,538.8872502451933,0.6067113298959301,0.46274432126017884,0.028847512087459393
30,0.3,5,TriBranchTDCA,0.75,637.8598831425336,0.6204767756168235,0.4758929629994093,0.0011062782704067686
30,0.5,0,CCA,0.1,11.528460518646853,0.1933287844980583,0.09901092586531834,0.002860548146930819
30,0.5,0,FBCCA,0.025,0.0,0.3156107721918871,0.2150158269522442,0.029300165182414517
30,0.5,0,TDCA,0.85,470.313294880995,0.7067563456302205,0.6520076843728444,0.024372418840469035
30,0.5,0,ImprovedTDCA,0.85,470.313294880995,0.7845592630708477,0.7255233094371656,0.04191850695876287
30,0.5,0,TriBranchTDCA,0.85,470.313294880995,0.9256158941832133,0.8521131005521402,0.04414139086023705
30,0.5,1,CCA,0.125,18.436405221995926,0.10483945611990067,0.06920302045869331,0.006470350843929662
30,0.5,1,FBCCA,0.15,26.339508496566104,0.23889848700729743,0.18046704483836207,0.010166501695924035
30,0.5,1,TDCA,0.925,544.9453661215437,0.890760880085614,0.8894697472945705,0.07865910401183251
30,0.5,1,ImprovedTDCA,0.95,572.5513232193952,0.9421622824351857,0.9236293526518551,0.07154836397182751
30,0.5,1,TriBranchTDCA,0.9,518.9270735294228,1.0175150118921816,0.9773054790228313,0.006297979619942495
30,0.5,2,CCA,0.075,5.834339797594232,0.11069646872021965,0.07076695030171021,0.0008025084217102574
30,0.5,2,FBCCA,0.125,18.436405221995926,0.28021670449420744,0.20787385389950308,0.012017188762715625
30,0.5,2,TDCA,0.95,572.5513232193952,0.8035165787901196,0.6817057935282576,0.022953319194641608
30,0.5,2,ImprovedTDCA,0.95,572.5513232193952,0.8806999186610369,0.8230197693630399,0.025114919334487062
30,0.5,2,TriBranchTDCA,0.9,518.9270735294228,0.9670034736811512,0.9411905207602442,2.8103852369287807e-05
30,0.5,3,CCA,0.125,18.436405221995926,0.11180231811363602,0.07868087406775504,0.0008678917346891524
30,0.5,3,FBCCA,0.075,5.834339797594232,0.18409861869624003,0.14134438132317606,0.002466434456676936
30,0.5,3,TDCA,0.875,494.1226049195982,0.8286023034104053,0.7034101078912336,0.1296989660243555
30,0.5,3,ImprovedTDCA,0.85,470.313294880995,0.8545605425898126,0.7468536965575763,0.02333585871053856
30,0.5,3,TriBranchTDCA,0.875,494.1226049195982,0.8108191247791968,0.6776391775890191,0.018016553979574912
30,0.5,4,CCA,0.15,26.339508496566104,0.08649803322044551,0.07759805699621825,0.0017555744972086451
30,0.5,4,FBCCA,0.15,26.339508496566104,0.2647769045115105,0.21535408320672167,0.008940093600350751
30,0.5,4,TDCA,0.85,470.313294880995,0.7616426488783246,0.5864040939024797,0.11414497125154055
30,0.5,4,ImprovedTDCA,0.875,494.1226049195982,0.7736841809484225,0.6464395009687076,0.009615103804660574
30,0.5,4,TriBranchTDCA,0.8,425.15034674730606,0.8592141306483232,0.8894638058921044,0.0028359481000954645
30,0.5,5,CCA,0.1,11.528460518646853,0.11244797994550519,0.09044782402134177,0.003019647150051874
30,0.5,5,FBCCA,0.225,54.7858255507327,0.2628035093954262,0.20610948996861422,0.0011984647490967948
30,0.5,5,TDCA,0.9,518.9270735294228,0.7974303084316221,0.7325606600496773,0.02813540043531404
30,0.5,5,ImprovedTDCA,0.925,544.9453661215437,0.8825212046102046,0.8011547379324415,0.015353396648832174
30,0.5,5,TriBranchTDCA,0.875,494.1226049195982,1.0620857375835882,1.0939177412487406,0.007151350097513998
30,1.0,0,CCA,0.55,117.04335854469258,0.27896436522468976,0.21377825214167734,0.017682087273783953
30,1.0,0,FBCCA,0.5,100.7536191273743,0.5112670712250225,0.4963800274370558,0.008754362912090308
30,1.0,0,TDCA,0.975,301.26792647514816,1.736635999267368,1.8231330719231724,0.2455894835898289
30,1.0,0,ImprovedTDCA,0.975,301.26792647514816,2.1656357593794597,2.1071957117917153,0.08819186923686217
30,1.0,0,TriBranchTDCA,0.975,301.26792647514816,2.2222770906613176,2.108834294190805,0.25702173733722256
30,1.0,1,CCA,0.55,117.04335854469258,0.24059887064125957,0.24063884261553137,0.002659508705025848
30,1.0,1,FBCCA,0.575,125.51543335486325,0.6160868658482455,0.46674072085496876,0.018632260779881227
30,1.0,1,TDCA,0.975,301.26792647514816,1.941073694393414,1.9313678880646958,0.22816929826172871
30,1.0,1,ImprovedTDCA,0.95,286.2756616096976,2.4691525222831507,2.62410724150051,0.15126756076192693
30,1.0,1,TriBranchTDCA,0.95,286.2756616096976,2.3560446441627656,2.486795934439746,0.00026731082438335996
30,1.0,2,CCA,0.45,85.33094523151902,0.2722896817566182,0.1892801568778022,0.013828357291823412
30,1.0,2,FBCCA,0.6,134.2089967732677,0.48179514908192456,0.348116632160404,0.05504452834977669
30,1.0,2,TDCA,1.0,319.31568569044634,1.80670461455673,1.8697616441815736,0.11236120946143568
30,1.0,2,ImprovedTDCA,1.0,319.31568569044634,2.387815311975539,2.3997889003079336,0.4905904504932135
30,1.0,2,TriBranchTDCA,0.975,301.26792647514816,2.245431570803274,2.429244746313918,0.06765997471690799
30,1.0,3,CCA,0.45,85.33094523151902,0.24552043022278996,0.1779478907027655,0.011885954366661178
30,1.0,3,FBCCA,0.65,152.27815577460512,0.5541699374148366,0.5353973205431645,0.00022331763596117327
30,1.0,3,TDCA,0.95,286.2756616096976,1.6972732148518468,1.654154909774042,0.09289203612731933
30,1.0,3,ImprovedTDCA,0.9,259.4635367647114,2.2053061446771958,2.3911043899929902,0.004203820784843604
30,1.0,3,TriBranchTDCA,0.925,272.47268306077183,2.166903673904393,2.446384642069164,0.019908013681888548
30,1.0,4,CCA,0.425,77.94681338510304,0.2749595183658314,0.18117790756938634,0.01357359613000475
30,1.0,4,FBCCA,0.7,171.30099179987968,0.531920738755272,0.4344322350623102,0.057661661278186394
30,1.0,4,TDCA,1.0,319.31568569044634,1.7247549720967303,1.7455318449818087,0.16693906554162252
30,1.0,4,ImprovedTDCA,1.0,319.31568569044634,2.394042874841177,2.459785163093433,0.44400486299646014
30,1.0,4,TriBranchTDCA,1.0,319.31568569044634,2.274144042560728,2.4629970154857865,0.471832294506604
30,1.0,5,CCA,0.475,92.93376305651233,0.2663499962020795,0.2379208100864243,0.001124154769198249
30,1.0,5,FBCCA,0.65,152.27815577460512,0.6706906491355134,0.5975181838872206,0.01423196674833127
30,1.0,5,TDCA,1.0,319.31568569044634,1.874244160241981,1.8507116259644354,0.28461155744922984
30,1.0,5,ImprovedTDCA,0.975,301.26792647514816,2.5077051337713834,2.5282268099054686,0.15963312803393936
30,1.0,5,TriBranchTDCA,1.0,319.31568569044634,2.2947934278897435,2.2720793954808833,0.41373889320082613
30,2.0,0,CCA,0.975,150.63396323757408,1.330958060245931,1.4390587431993207,0.02901376033619285
30,2.0,0,FBCCA,0.975,150.63396323757408,2.1986963949101175,2.324221120336063,0.23281144421126898
30,2.0,0,TDCA,1.0,159.65784284522317,2.8469237075593874,2.9499479901012156,1.550834414870887
30,2.0,0,ImprovedTDCA,0.975,150.63396323757408,3.6977073535660168,3.8108773739574975,0.1898811324879235
30,2.0,0,TriBranchTDCA,1.0,159.65784284522317,3.4961262229004517,3.6526484029292323,0.7979113268022364
30,2.0,1,CCA,0.875,123.53065122989955,1.2463395342200065,1.3003216254528456,0.0010402045358799406
30,2.0,1,FBCCA,0.95,143.1378308048488,2.3032208871982527,2.3840605357288194,0.2700007852431665
30,2.0,1,TDCA,1.0,159.65784284522317,2.9077805132769257,3.0787435213243572,0.6894539797548993
30,2.0,1,ImprovedTDCA,1.0,159.65784284522317,3.7671276855867575,4.010347072306415,1.289263049658484
30,2.0,1,TriBranchTDCA,1.0,159.65784284522317,3.5548645871979403,3.8216250391352795,1.2304225922957586
30,2.0,2,CCA,0.9,129.7317683823557,1.1322865640146884,1.1750267376600965,0.20679943690697478
30,2.0,2,FBCCA,0.975,150.63396323757408,2.163830347701359,2.20508382325924,0.3043067426276025
30,2.0,2,TDCA,1.0,159.65784284522317,2.889123210155071,2.8987159462732586,1.1314583416655055
30,2.0,2,ImprovedTDCA,1.0,159.65784284522317,3.68451483746961,3.8251455348210603,0.5396730170409034
30,2.0,2,TriBranchTDCA,1.0,159.65784284522317,3.483101339879282,3.5781751913929787,1.2257495615464489
30,2.0,3,CCA,0.725,90.59682919216885,1.0862448082960772,1.1185340434210367,0.037474828788814474
30,2.0,3,FBCCA,0.875,123.53065122989955,1.7724278345673141,1.8870495770978375,0.028018645866175973
30,2.0,3,TDCA,1.0,159.65784284522317,2.7090572446432235,2.942822440060157,0.3916423335090422
30,2.0,3,ImprovedTDCA,0.975,150.63396323757408,3.261785479203824,3.635693006543241,0.04379568149127544
30,2.0,3,TriBranchTDCA,1.0,159.65784284522317,3.3042651033966353,3.545515113670034,0.36042396650843034
30,2.0,4,CCA,0.925,136.23634153038591,1.085187756862255,1.03853217947772,0.07982485545147466
30,2.0,4,FBCCA,0.975,150.63396323757408,2.3969424403339312,2.5615265782369847,0.16946712818040988
30,2.0,4,TDCA,1.0,159.65784284522317,2.8296871830592094,2.8091898523862513,1.4559697843574644
30,2.0,4,ImprovedTDCA,1.0,159.65784284522317,3.8000789597149263,3.8306470111357207,1.8069690336383506
30,2.0,4,TriBranchTDCA,1.0,159.65784284522317,3.539678683343452,3.64970430548928,2.0570581884846737
30,2.0,5,CCA,0.9,129.7317683823557,1.1996148300905929,1.1191130390534973,0.0893581210324692
30,2.0,5,FBCCA,0.95,143.1378308048488,2.451448948849128,2.510784024240719,0.3596796755002165
30,2.0,5,TDCA,1.0,159.65784284522317,2.8766876835959594,2.87156200941547,1.8675676541474273
30,2.0,5,ImprovedTDCA,1.0,159.65784284522317,3.736583194856837,3.8870685684064004,1.9116767658719922
30,2.0,5,TriBranchTDCA,1.0,159.65784284522317,3.4685418200540177,3.421035022111348,1.6511626257312275
30,4.0,0,CCA,1.0,79.82892142261159,3.6616434324906235,3.859094300159093,2.0319063281202894
30,4.0,0,FBCCA,0.975,75.31698161878704,4.268281867760822,4.578845093518406,1.002591014701692
30,4.0,0,TDCA,1.0,79.82892142261159,3.666348540581841,3.745487222072525,1.5289758480498328
30,4.0,0,ImprovedTDCA,1.0,79.82892142261159,3.875035588650229,3.9986430102094825,1.7124718035778228
30,4.0,0,TriBranchTDCA,1.0,79.82892142261159,3.8981183783097477,4.0155559179467675,1.8457005781031428
30,4.0,1,CCA,1.0,79.82892142261159,3.3972018787782643,3.5937383265367657,1.2374401792175989
30,4.0,1,FBCCA,1.0,79.82892142261159,4.37791318523779,4.621152306636355,1.9979616032474312
30,4.0,1,TDCA,1.0,79.82892142261159,3.7881611763492407,3.796573053149558,0.22458050167820254
30,4.0,1,ImprovedTDCA,0.975,75.31698161878704,3.9612611256111925,3.9757686807892516,0.033680700790243545
30,4.0,1,TriBranchTDCA,1.0,79.82892142261159,4.057505436160769,4.1270385802342275,0.4759605556017634
30,4.0,2,CCA,0.95,71.5689154024244,3.1379575530068715,3.3640441486278436,0.09790740047660007
30,4.0,2,FBCCA,1.0,79.82892142261159,4.198569987245577,4.391306380082497,1.5209421794177516
30,4.0,2,TDCA,1.0,79.82892142261159,3.6090968846658145,3.7655115828919374,0.02427991402315799
30,4.0,2,ImprovedTDCA,0.975,75.31698161878704,3.6038558714735607,3.759048714592061,0.11712199728714356
30,4.0,2,TriBranchTDCA,1.0,79.82892142261159,3.7300303898963927,3.8585125705306145,0.20224249275898343
30,4.0,3,CCA,0.925,68.11817076519296,3.1788491207137226,3.325493961177756,0.4415197424450059
30,4.0,3,FBCCA,0.95,71.5689154024244,4.090186790273283,4.415686818191661,0.21971015802577165
30,4.0,3,TDCA,0.975,75.31698161878704,3.643209531197578,3.7298683662622594,0.9889572982561696
30,4.0,3,ImprovedTDCA,0.975,75.31698161878704,4.472815100723139,4.644990232174825,2.850020619856494
30,4.0,3,TriBranchTDCA,0.975,75.31698161878704,4.287195161201905,4.465188833047474,2.5431987277118377
30,4.0,4,CCA,1.0,79.82892142261159,3.3918416350708918,3.4576346593303153,0.14711046466644762
30,4.0,4,FBCCA,1.0,79.82892142261159,4.62637355523439,4.796941553133721,2.465706859006615
30,4.0,4,TDCA,1.0,79.82892142261159,3.669080633880955,3.6417171230587093,2.740140612650482
30,4.0,4,ImprovedTDCA,1.0,79.82892142261159,3.8437191790366625,3.8500709940610136,3.0073542654542096
30,4.0,4,TriBranchTDCA,1.0,79.82892142261159,3.9570884573438385,3.979266409010834,3.3141263247582056
30,4.0,5,CCA,1.0,79.82892142261159,3.3460495320559955,3.3270674530254323,1.575125136458721
30,4.0,5,FBCCA,1.0,79.82892142261159,4.352766630942892,4.5374917769408984,2.4212732779068293
30,4.0,5,TDCA,1.0,79.82892142261159,3.738443873040329,3.7930881706258535,2.241018221834982
30,4.0,5,ImprovedTDCA,1.0,79.82892142261159,3.6918690240821945,3.755026215305376,2.149693260227687
30,4.0,5,TriBranchTDCA,1.0,79.82892142261159,3.7923231092753893,3.8248302854574874,2.021591126315696
31,0.3,0,CCA,0.125,30.727342036659877,0.05801989501373862,0.03175916551572844,0.0026787936054093464
31,0.3,0,FBCCA,0.125,30.727342036659877,0.19222254119116494,0.15132155411943704,0.0011053407270444904
31,0.3,0,TDCA,0.95,954.2522053656586,0.9683058147243742,0.9122860450457757,0.026016411341618806
31,0.3,0,ImprovedTDCA,0.95,954.2522053656586,1.1013086097009757,1.0986723429092045,0.01523157952346077
31,0.3,0,TriBranchTDCA,0.975,1004.2264215838272,1.2979402220261478,1.2589509717271057,0.07264991799760656
31,0.3,1,CCA,0.125,30.727342036659877,0.0605827019570133,0.041248715259949886,0.0004848021862569052
31,0.3,1,FBCCA,0.075,9.723899662657054,0.24873604020977574,0.1688452772428044,0.0026472770613596985
31,0.3,1,TDCA,0.95,954.2522053656586,0.9244592464037265,0.8247146079090139,0.06527090156670834
31,0.3,1,ImprovedTDCA,0.925,908.2422768692395,1.0444883341842808,1.0582344850672674,0.12266795138348474
31,0.3,1,TriBranchTDCA,0.95,954.2522053656586,1.2504364504800942,1.2477660914699074,0.12000319273321014
31,0.3,2,CCA,0.1,19.21410086441142,0.07712084177925708,0.031005414575070223,0.0013410513818199465
31,0.3,2,FBCCA,0.05,2.8798059704541856,0.25763946472766,0.1649100281638134,0.012963781185626688
31,0.3,2,TDCA,1.0,1064.3856189681546,0.9868511067680771,1.0410058162197722,0.045361745951363996
31,0.3,2,ImprovedTDCA,0.975,1004.2264215838272,0.9917650275910308,0.9370539303818382,0.02961734789100756
31,0.3,2,TriBranchTDCA,0.975,1004.2264215838272,1.369469276152063,1.4398670236657107,0.11350141370100775
31,0.3,3,CCA,0.175,58.49108585389011,0.06675743440149282,0.03530639165724925,0.0004953774978122549
31,0.3,3,FBCCA,0.15,43.899180827610174,0.22409457543388528,0.15480938808212108,0.004367613788149871
31,0.3,3,TDCA,0.925,908.2422768692395,1.1235463461775697,1.1717468728504266,0.231745030896799
31,0.3,3,ImprovedTDCA,0.95,954.2522053656586,1.2864222281402324,1.3055620674294182,0.02321669213926736
31,0.3,3,TriBranchTDCA,0.925,908.2422768692395,1.4998868989520417,1.539008170125035,0.11579266019815959
31,0.3,4,CCA,0.075,9.723899662657054,0.0570801077117035,0.023875587617390615,5.05994872135318e-05
31,0.3,4,FBCCA,0.1,19.21410086441142,0.24218901830839173,0.20897490930679918,0.003182128121973493
31,0.3,4,TDCA,0.975,1004.2264215838272,0.9711873165539234,1.0214216043524778,0.06134343604870174
31,0.3,4,ImprovedTDCA,1.0,1064.3856189681546,1.130918012084478,1.0482926363387897,0.09575689651716335
31,0.3,4,TriBranchTDCA,1.0,1064.3856189681546,1.3665218524533178,1.3830268457887713,0.3909371613483237
31,0.3,5,CCA,0.175,58.49108585389011,0.05616723131645853,0.03643595543297884,0.002816195633509766
31,0.3,5,FBCCA,0.15,43.899180827610174,0.23725958825470456,0.16760294550006982,0.00018639810605813878
31,0.3,5,TDCA,0.9,864.8784558823714,1.0009540770569036,1.0148653878410436,0.04650940002939308
31,0.3,5,ImprovedTDCA,0.9,864.8784558823714,1.2526546061509618,1.344202772657281,0.058737617389680974
31,0.3,5,TriBranchTDCA,0.925,908.2422768692395,1.4073995872307903,1.5312491534115784,0.031130671200644278
31,0.5,0,CCA,0.275,76.975596950114,0.07721211634050897,0.0499607207855689,0.0019205509839690382
31,0.5,0,FBCCA,0.4,141.56834029384152,0.21636913002076857,0.15873003133233343,0.010442033462781275
31,0.5,0,TDCA,1.0,638.6313713808927,1.4094573691180443,1.4015081072941826,0.0513482978663955
31,0.5,0,ImprovedTDCA,0.975,602.5358529502963,1.5901741474498643,1.5685945394019654,0.1726793393949242
31,0.5,0,TriBranchTDCA,1.0,638.6313713808927,1.8523261127190467,1.7187442627356497,0.5885998190995978
31,0.5,1,CCA,0.35,114.28183167016918,0.07078912593543628,0.056856767454323776,0.00034547070441082184
31,0.5,1,FBCCA,0.45,170.66189046303805,0.29813621967253756,0.21733310122335314,0.008143601048110405
31,0.5,1,TDCA,0.975,602.5358529502963,1.4048333794606838,1.3615072924280838,0.2731302510045106
31,0.5,1,ImprovedTDCA,0.95,572.5513232193952,1.5048995313035787,1.5683643283633875,0.04715434313701605
31,0.5,1,TriBranchTDCA,0.975,602.5358529502963,1.897286513792492,2.0162896384827835,0.024766904722352878
31,0.5,2,CCA,0.3,88.90267709437161,0.08355381581117602,0.054101767455752015,0.0005774211221147851
31,0.5,2,FBCCA,0.375,127.6941246208191,0.2670896697680855,0.19203786961322966,0.016476613156160003
31,0.5,2,TDCA,1.0,638.6313713808927,1.2621438540017387,1.245519909603153,0.3012899829530973
31,0.5,2,ImprovedTDCA,1.0,638.6313713808927,1.4718719474317994,1.5186786357159017,0.41981195806824134
31,0.5,2,TriBranchTDCA,1.0,638.6313713808927,1.8805714927811326,1.8468687047500527,0.8196498711044149
31,0.5,3,CCA,0.275,76.975596950114,0.06433894540769451,0.049110618262632855,0.002445900195616524
31,0.5,3,FBCCA,0.325,101.3454569549014,0.31045306651333515,0.253220834612202,0.013655049966460941
31,0.5,3,TDCA,0.975,602.5358529502963,1.4755691510267195,1.437055944475183,0.05282801525808267
31,0.5,3,ImprovedTDCA,0.975,602.5358529502963,1.7394318041773773,1.7602262542571316,0.0624454305150266
31,0.5,3,TriBranchTDCA,0.95,572.5513232193952,2.0082520523858305,2.0674079691915503,0.014942756921560996
31,0.5,4,CCA,0.225,54.7858255507327,0.08336064314351835,0.07124522187667592,0.002485855349685373
31,0.5,4,FBCCA,0.35,114.28183167016918,0.327834979284868,0.2589031005426522,0.0005937878193764679
31,0.5,4,TDCA,1.0,638.6313713808927,1.4158198311911252,1.4582497751497607,0.45763337220116895
31,0.5,4,ImprovedTDCA,1.0,638.6313713808927,1.71920928749419,1.788575373592503,0.6290679695661825
31,0.5,4,TriBranchTDCA,1.0,638.6313713808927,1.9244437189783934,1.974942387753928,1.1828371699373437
31,0.5,5,CCA,0.3,88.90267709437161,0.083281936601776,0.04975399747216869,0.00028491371782979336
31,0.5,5,FBCCA,0.5,201.5072382547486,0.28643475388022166,0.19092159811123688,0.005373908424369356
31,0.5,5,TDCA,0.975,602.5358529502963,1.3968746024950387,1.5109000333039972,0.3072791687677383
31,0.5,5,ImprovedTDCA,0.975,602.5358529502963,1.7036617278925779,1.8276565703823273,0.06099380496406681
31,0.5,5,TriBranchTDCA,0.975,602.5358529502963,1.992075403418628,2.0623949703203674,0.03496761019108918
31,1.0,0,CCA,0.675,161.66617507355798,0.2274890639826745,0.20320475954734718,0.0006169176392369913
31,1.0,0,FBCCA,0.875,247.0613024597991,0.7621021816265994,0.6804256427438691,0.017598817329190553
31,1.0,0,TDCA,1.0,319.31568569044634,2.588129482943267,2.48644023527919,0.1309181021352832
31,1.0,0,ImprovedTDCA,1.0,319.31568569044634,3.2344722405569923,3.327377408564592,0.3924588422417927
31,1.0,0,TriBranchTDCA,1.0,319.31568569044634,3.5220851125020607,3.6976945738993217,0.6919160021451813
31,1.0,1,CCA,0.6,134.2089967732677,0.21683556658241274,0.1711477373540915,0.014275170632185308
31,1.0,1,FBCCA,0.875,247.0613024597991,0.8560350452455111,0.7567874494384821,0.04196473648516719
31,1.0,1,TDCA,0.975,301.26792647514816,2.5525493474395473,2.608979138547155,0.07306057243841457
31,1.0,1,ImprovedTDCA,1.0,319.31568569044634,3.183619384596777,3.0941791626299073,1.6545976329233874
31,1.0,1,TriBranchTDCA,1.0,319.31568569044634,3.4522969584597107,3.565213767616121,0.2718775177460069
31,1.0,2,CCA,0.7,171.30099179987968,0.22742836450973297,0.18289397689217046,0.00016533658724027234
31,1.0,2,FBCCA,0.9,259.4635367647114,0.7969252752283553,0.7185138598849274,0.031895540362210095
31,1.0,2,TDCA,1.0,319.31568569044634,2.694665595932905,2.7791533545165708,1.3125224029957931
31,1.0,2,ImprovedTDCA,1.0,319.31568569044634,3.3381303162071836,3.4108362857040024,1.8523560866205164
31,1.0,2,TriBranchTDCA,1.0,319.31568569044634,3.6949805559302566,3.8117521891632595,2.2393690825994033
31,1.0,3,CCA,0.8,212.57517337365303,0.2025855596980844,0.186855721272164,0.00417971918797333
31,1.0,3,FBCCA,0.95,286.2756616096976,0.8133393043628605,0.7719558026534719,0.12209955697771857
31,1.0,3,TDCA,0.975,301.26792647514816,2.721119874824397,2.8436412198837693,0.9138312045298189
31,1.0,3,ImprovedTDCA,0.975,301.26792647514816,3.3466621949104365,3.3135659539572826,0.04332676618830078
31,1.0,3,TriBranchTDCA,0.975,301.26792647514816,3.5866961871059813,3.726738160542045,0.7603261490288862
31,1.0,4,CCA,0.675,161.66617507355798,0.22555537293704217,0.16039932546024938,0.004383701638039472
31,1.0,4,FBCCA,0.875,247.0613024597991,0.7831021193744163,0.6866854545310184,0.028873386027081338
31,1.0,4,TDCA,1.0,319.31568569044634,2.7478532465597216,2.871007040332928,1.4363048239399974
31,1.0,4,ImprovedTDCA,1.0,319.31568569044634,3.3133642699476296,3.2543724228096407,1.3995584456451584
31,1.0,4,TriBranchTDCA,1.0,319.31568569044634,3.635521642026815,3.747791518468368,2.1450229169679442
31,1.0,5,CCA,0.7,171.30099179987968,0.22687286989635286,0.19523753719163373,0.0024200215826177818
31,1.0,5,FBCCA,0.925,272.47268306077183,0.9772558700783511,0.9141249600963219,0.15577503606524568
31,1.0,5,TDCA,1.0,319.31568569044634,2.717408217881373,2.898514413239053,0.38496269846573394
31,1.0,5,ImprovedTDCA,1.0,319.31568569044634,3.4513811585416954,3.557775361446722,0.9419720255435737
31,1.0,5,TriBranchTDCA,1.0,319.31568569044634,3.6413718264164787,3.805542130847804,0.357389861366765
31,2.0,0,CCA,1.0,159.65784284522317,0.9317065999647796,0.885731626294022,0.1440117842169104
31,2.0,0,FBCCA,1.0,159.65784284522317,2.4276249378988046,2.4182375444772672,0.929341376977872
31,2.0,0,TDCA,1.0,159.65784284522317,3.541041432560367,3.651225044372075,1.7799753252931256
31,2.0,0,ImprovedTDCA,1.0,159.65784284522317,4.9203051934033555,4.9820240731609635,3.950359541078699
31,2.0,0,TriBranchTDCA,1.0,159.65784284522317,4.733881588150075,4.7608490592685335,3.597802374748563
31,2.0,1,CCA,0.975,150.63396323757408,0.9033707250751967,0.8063774811046429,0.042104314580694524
31,2.0,1,FBCCA,1.0,159.65784284522317,2.348068016332623,2.171684932652582,0.015397392666973264
31,2.0,1,TDCA,0.975,150.63396323757408,3.551703648703446,3.564204024172282,0.5185298560558151
31,2.0,1,ImprovedTDCA,1.0,159.65784284522317,4.873027162041816,4.878514465626132,3.277012777203546
31,2.0,1,TriBranchTDCA,1.0,159.65784284522317,4.68812210124085,4.743343831309375,1.0194275270663278
31,2.0,2,CCA,0.975,150.63396323757408,0.9085802133395567,0.9381333945869772,0.0995541435857028
31,2.0,2,FBCCA,1.0,159.65784284522317,2.251557490921244,2.1976054953148,0.8739807779419917
31,2.0,2,TDCA,1.0,159.65784284522317,3.571141614002093,3.5752545217524596,2.271347591166532
31,2.0,2,ImprovedTDCA,1.0,159.65784284522317,4.758855340913412,4.874904315871461,3.1932436290873927
31,2.0,2,TriBranchTDCA,1.0,159.65784284522317,4.711655705685656,4.78919562609732,3.616163390789417
31,2.0,3,CCA,0.95,143.1378308048488,0.9583640230315847,0.9341410347131569,0.014239810030684197
31,2.0,3,FBCCA,1.0,159.65784284522317,2.3752198934173117,2.4148327773098757,0.31675464922165286
31,2.0,3,TDCA,0.975,150.63396323757408,3.4835832208524544,3.4337157977396107,0.0800759479701223
31,2.0,3,ImprovedTDCA,1.0,159.65784284522317,4.628184432104826,4.841708095776159,2.1793413590991486
31,2.0,3,TriBranchTDCA,0.975,150.63396323757408,4.547421189026628,4.681886668521972,0.00847924031296543
31,2.0,4,CCA,0.95,143.1378308048488,0.9731831105769515,0.9088196508949724,0.12860097523520597
31,2.0,4,FBCCA,0.975,150.63396323757408,2.39354444139228,2.6591007610725192,0.07126391273757582
31,2.0,4,TDCA,1.0,159.65784284522317,3.6112429760870954,3.5017099845416144,2.4426391603879
31,2.0,4,ImprovedTDCA,1.0,159.65784284522317,4.727930327174741,4.761712610580828,3.5803227025389415
31,2.0,4,TriBranchTDCA,1.0,159.65784284522317,4.697450783763799,4.71474109174424,3.7488448507516288
31,2.0,5,CCA,1.0,159.65784284522317,0.9825286465609494,0.9543186683573543,0.19744478397071275
31,2.0,5,FBCCA,1.0,159.65784284522317,2.588833085686127,2.6153314433981536,0.6210315579862336
31,2.0,5,TDCA,1.0,159.65784284522317,3.494423463582707,3.4756841641030825,1.0607285253526912
31,2.0,5,ImprovedTDCA,1.0,159.65784284522317,4.874036556310981,4.932518634135799,3.238048770885568
31,2.0,5,TriBranchTDCA,1.0,159.65784284522317,4.668154815388864,4.814576612637907,2.3530498852451145
31,4.0,0,CCA,1.0,79.82892142261159,4.312919497891687,4.354843765205009,2.5067190492822546
31,4.0,0,FBCCA,1.0,79.82892142261159,5.123494670607535,5.260384881223207,2.9180060376700956
31,4.0,0,TDCA,1.0,79.82892142261159,5.008452141819853,5.105333903456449,3.4575925222798407
31,4.0,0,ImprovedTDCA,1.0,79.82892142261159,5.423877608301266,5.554607942556545,4.317141818368171
31,4.0,0,TriBranchTDCA,1.0,79.82892142261159,5.40573947256061,5.508247305531453,4.4257233013861885
31,4.0,1,CCA,1.0,79.82892142261159,4.204644587351922,4.167113709267454,3.012921357773161
31,4.0,1,FBCCA,1.0,79.82892142261159,5.013851105999663,5.165406078618204,3.7121190606871557
31,4.0,1,TDCA,1.0,79.82892142261159,4.99547775349081,5.107703390670302,1.3154912227924171
31,4.0,1,ImprovedTDCA,1.0,79.82892142261159,5.4177846317540554,5.488813918843125,4.385322103997195
31,4.0,1,TriBranchTDCA,1.0,79.82892142261159,5.402731474551943,5.505956233371952,2.3108840276406113
31,4.0,2,CCA,1.0,79.82892142261159,4.059500672574407,4.1119832724508925,2.3070014658839937
31,4.0,2,FBCCA,1.0,79.82892142261159,4.921793639857469,5.008827130960283,2.835738986076287
31,4.0,2,TDCA,1.0,79.82892142261159,5.0465863439440435,5.107809610208551,4.221542879576296
31,4.0,2,ImprovedTDCA,1.0,79.82892142261159,5.338228611853495,5.496850466580177,4.007677192707454
31,4.0,2,TriBranchTDCA,1.0,79.82892142261159,5.413408649475372,5.4867769587874005,4.266071989364114
31,4.0,3,CCA,1.0,79.82892142261159,3.844277484913346,3.861433510421566,1.7477949159031958
31,4.0,3,FBCCA,1.0,79.82892142261159,4.765914275840913,4.878999334816628,2.9900386849805654
31,4.0,3,TDCA,0.975,75.31698161878704,4.877143331642321,5.044329720497109,0.08297739383967562
31,4.0,3,ImprovedTDCA,1.0,79.82892142261159,5.179288726924704,5.279808286302905,1.7435270023341385
31,4.0,3,TriBranchTDCA,1.0,79.82892142261159,5.235268595675949,5.455359751762961,0.13540221460142554
31,4.0,4,CCA,1.0,79.82892142261159,4.10461862834565,4.1257471237329675,2.585295980417269
31,4.0,4,FBCCA,1.0,79.82892142261159,4.925408747305794,4.984832430848595,3.6621528600345394
31,4.0,4,TDCA,1.0,79.82892142261159,5.09114894078307,5.1248593954144965,4.284548037469692
31,4.0,4,ImprovedTDCA,1.0,79.82892142261159,5.3378286374587836,5.437328593660146,4.355057637370416
31,4.0,4,TriBranchTDCA,1.0,79.82892142261159,5.381507755489573,5.455450615060105,4.559228637941284
31,4.0,5,CCA,1.0,79.82892142261159,4.24170562336341,4.305400092851446,2.7256549314307863
31,4.0,5,FBCCA,1.0,79.82892142261159,5.080244791554291,5.2059760106003745,3.639246933704615
31,4.0,5,TDCA,1.0,79.82892142261159,5.014665454361165,5.025439093727609,4.072427338545542
31,4.0,5,ImprovedTDCA,1.0,79.82892142261159,5.456749514560058,5.505678538666867,4.682672409603641
31,4.0,5,TriBranchTDCA,1.0,79.82892142261159,5.426175277995658,5.498842671385605,4.263211470238015
32,0.3,0,CCA,0.025,0.0,0.08719783580990761,0.037790213633017156,0.003341434354563466
32,0.3,0,FBCCA,0.1,19.21410086441142,0.2177063819680996,0.1510726606952809,0.006511499543483179
32,0.3,0,TDCA,0.925,908.2422768692395,0.9297160982281489,1.0215311777635099,0.04298751933400702
32,0.3,0,ImprovedTDCA,0.9,864.8784558823714,1.0025370920618288,0.9814466687544771,0.018520591436896883
32,0.3,0,TriBranchTDCA,0.875,823.537674865997,1.0057767958849841,0.790219489007799,0.07090500168473568
32,0.3,1,CCA,0.125,30.727342036659877,0.10157043416375226,0.03772120076211716,3.100091314189868e-05
32,0.3,1,FBCCA,0.05,2.8798059704541856,0.20617762743447,0.18848538859035868,0.010301348652602238
32,0.3,1,TDCA,0.975,1004.2264215838272,1.2250355677272686,1.262444519296411,0.21027515358833426
32,0.3,1,ImprovedTDCA,0.975,1004.2264215838272,1.2907536460769466,1.3193699366346263,0.2714717737709129
32,0.3,1,TriBranchTDCA,0.975,1004.2264215838272,1.4749958537948085,1.5241519317664247,0.1048688802058464
32,0.3,2,CCA,0.075,9.723899662657054,0.1205690192557253,0.05347822975748906,0.0014099395995654795
32,0.3,2,FBCCA,0.075,9.723899662657054,0.23124938887898566,0.19798425478101211,0.004722839456738015
32,0.3,2,TDCA,0.8,708.5839112455101,0.9290042177932655,0.8334513811519455,0.01363087594229162
32,0.3,2,ImprovedTDCA,0.85,783.855491468325,1.091590968190981,0.9745396703188454,0.023704721826376174
32,0.3,2,TriBranchTDCA,0.85,783.855491468325,1.1855342646304288,1.1539907925317112,0.0008597520064959063
32,0.3,3,CCA,0.05,2.8798059704541856,0.07482587587502121,0.04178726197073035,0.002908309473738324
32,0.3,3,FBCCA,0.075,9.723899662657054,0.194960767716066,0.1074804276466248,0.0014212904103998447
32,0.3,3,TDCA,0.9,864.8784558823714,0.9737290659620935,0.949029734247732,0.028595574802244172
32,0.3,3,ImprovedTDCA,0.925,908.2422768692395,1.07962641467086,0.9933678646365376,0.05896230500352062
32,0.3,3,TriBranchTDCA,0.925,908.2422768692395,1.172914162136579,1.2315937378885715,0.03583130196599926
32,0.3,4,CCA,0.05,2.8798059704541856,0.06874566781442311,0.03167773002926588,0.0007591414724479328
32,0.3,4,FBCCA,0.1,19.21410086441142,0.2045406894047029,0.133578736359108,0.007123848073974148
32,0.3,4,TDCA,0.9,864.8784558823714,0.9287860734499439,0.9850581019593744,0.009634487694105909
32,0.3,4,ImprovedTDCA,0.9,864.8784558823714,1.0274205374400136,1.0354143348024534,0.028755289194685396
32,0.3,4,TriBranchTDCA,0.85,783.855491468325,1.1580694177987614,1.1779818249452845,0.025208839789777837
32,0.3,5,CCA,0.025,0.0,0.08781134257673331,0.06745607592163672,0.00033838205443226244
32,0.3,5,FBCCA,0.05,2.8798059704541856,0.21049909630510316,0.1911582662115816,0.00790910696539382
32,0.3,5,TDCA,0.975,1004.2264215838272,0.8519924102212869,0.8777240062178062,0.04063450902318655
32,0.3,5,ImprovedTDCA,0.925,908.2422768692395,0.9415313794178332,0.9067845976871325,0.005631074718503104
32,0.3,5,TriBranchTDCA,0.95,954.2522053656586,1.0125173981672873,1.1023663731870632,0.019183527315911775
32,0.5,0,CCA,0.125,18.436405221995926,0.10338645599166754,0.08228473313901474,0.0009777914090063344
32,0.5,0,FBCCA,0.325,101.3454569549014,0.2637085365797693,0.22946132576280642,0.024548576062117355
32,0.5,0,TDCA,0.975,602.5358529502963,1.1069192975922295,1.1082435659878516,0.014550899673455131
32,0.5,0,ImprovedTDCA,0.95,572.5513232193952,1.2195035015491666,1.194074579615966,0.0521011328758072
32,0.5,0,TriBranchTDCA,0.95,572.5513232193952,1.4690230307053302,1.4764179438274634,0.01991785451173067
32,0.5,1,CCA,0.375,127.6941246208191,0.17503779301987726,0.07204568855840787,0.0015987688820251478
32,0.5,1,FBCCA,0.4,141.56834029384152,0.38062456499511654,0.2694383363133783,0.006602883613315846
32,0.5,1,TDCA,1.0,638.6313713808927,1.443079896384122,1.3858661735443665,0.08878100838713698
32,0.5,1,ImprovedTDCA,1.0,638.6313713808927,1.891674893258831,1.8525783927602482,0.3410520974077671
32,0.5,1,TriBranchTDCA,1.0,638.6313713808927,1.9331128324285243,1.993405712121806,0.3016357593350545
32,0.5,2,CCA,0.225,54.7858255507327,0.1254295493066785,0.06690807585584302,0.00049574302914146
32,0.5,2,FBCCA,0.4,141.56834029384152,0.26677889894621687,0.2051556288153148,0.01840940960168691
32,0.5,2,TDCA,0.95,572.5513232193952,1.3038362785015984,1.2428471986556253,0.23761640334392098
32,0.5,2,ImprovedTDCA,0.95,572.5513232193952,1.684738857247686,1.766920494274232,0.06288283021812013
32,0.5,2,TriBranchTDCA,0.95,572.5513232193952,1.7560813172274556,1.7100489553946336,0.1619237835395544
32,0.5,3,CCA,0.05,1.7278835822725114,0.11387479325136404,0.033857908467264886,0.0006325154116926246
32,0.5,3,FBCCA,0.2,44.6013869892241,0.24526111661559485,0.21175622485029078,0.008462517898524036
32,0.5,3,TDCA,0.975,602.5358529502963,1.3434993329612201,1.3692208483743022,0.29562384958844756
32,0.5,3,ImprovedTDCA,0.95,572.5513232193952,1.6336342415967167,1.6778922698698437,0.19482522614088027
32,0.5,3,TriBranchTDCA,0.95,572.5513232193952,1.5561757913253715,1.5977158523076247,0.04137064320403727
32,0.5,4,CCA,0.2,44.6013869892241,0.10686684744429058,0.07523475409599922,0.008380343103885357
32,0.5,4,FBCCA,0.4,141.56834029384152,0.3272154196022766,0.21473117898184646,0.015247629002260954
32,0.5,4,TDCA,0.975,602.5358529502963,1.2497571974117412,1.2195265027796012,0.009927404615212243
32,0.5,4,ImprovedTDCA,0.975,602.5358529502963,1.3540899663663553,1.3098209790837099,0.03880104500837511
32,0.5,4,TriBranchTDCA,0.975,602.5358529502963,1.7158936441368582,1.710266381191566,0.08354565086876709
32,0.5,5,CCA,0.2,44.6013869892241,0.1390399900497123,0.07071056345812932,0.0006471488175230355
32,0.5,5,FBCCA,0.125,18.436405221995926,0.37962468774688857,0.24714153344871137,0.006876181574491991
32,0.5,5,TDCA,0.975,602.5358529502963,1.1768079689033273,1.1277861965078848,0.2118235757758189
32,0.5,5,ImprovedTDCA,1.0,638.6313713808927,1.5097433848943995,1.5594304738140006,0.14779001821852056
32,0.5,5,TriBranchTDCA,0.975,602.5358529502963,1.3560608755953922,1.3268934485620554,0.20267724119216357
32,1.0,0,CCA,0.65,152.27815577460512,0.28541273218739405,0.23071811017257948,0.0063055060530921025
32,1.0,0,FBCCA,0.825,223.6780122917947,0.7668457578478456,0.6770710263595543,0.009422643928081786
32,1.0,0,TDCA,1.0,319.31568569044634,2.15619070124909,2.0992221981516765,1.2843074799340033
32,1.0,0,ImprovedTDCA,1.0,319.31568569044634,2.870747315578687,3.072341173358708,0.2704420724096379
32,1.0,0,TriBranchTDCA,1.0,319.31568569044634,3.084065467376883,3.197950916548677,1.137415028445139
32,1.0,1,CCA,1.0,319.31568569044634,0.32055471830724336,0.3029814387831731,0.006689102079203035
32,1.0,1,FBCCA,1.0,319.31568569044634,1.1844414765395521,1.2249942713690138,0.12567146915858496
32,1.0,1,TDCA,1.0,319.31568569044634,2.6455346325070153,2.623283436187231,0.9988134794558334
32,1.0,1,ImprovedTDCA,1.0,319.31568569044634,3.6036057328557805,3.682533139391448,1.905985923785996
32,1.0,1,TriBranchTDCA,1.0,319.31568569044634,3.667208488402152,3.832597712872664,1.7685138355144372
32,1.0,2,CCA,0.875,247.0613024597991,0.31369897609870573,0.259594339580113,0.018602434745266017
32,1.0,2,FBCCA,0.9,259.4635367647114,1.0317716629670588,0.9391445803509841,0.0017764591078015535
32,1.0,2,TDCA,1.0,319.31568569044634,2.592880450123052,2.6472078672861907,1.4082597397369407
32,1.0,2,ImprovedTDCA,1.0,319.31568569044634,3.3336250564888985,3.545592832607837,1.2314081803779389
32,1.0,2,TriBranchTDCA,1.0,319.31568569044634,3.5456261158810056,3.592264243727464,1.7711328897510632
32,1.0,3,CCA,0.875,247.0613024597991,0.35844769042713,0.281910067857998,0.003381778651740941
32,1.0,3,FBCCA,0.925,272.47268306077183,1.1151614655210338,1.028253719075796,0.01655498843123926
32,1.0,3,TDCA,1.0,319.31568569044634,2.319424088166201,2.3788821653025596,0.97573052873478
32,1.0,3,ImprovedTDCA,1.0,319.31568569044634,3.2465553319647045,3.3931969525954973,0.5247403584357944
32,1.0,3,TriBranchTDCA,1.0,319.31568569044634,3.3188682170066826,3.4179777118343684,1.09377339772518
32,1.0,4,CCA,0.8,212.57517337365303,0.324880928754485,0.2706839109310737,0.004284726426544427
32,1.0,4,FBCCA,0.85,235.1566474404975,0.9788167616480848,0.8988864168917996,0.003178047489997393
32,1.0,4,TDCA,1.0,319.31568569044634,2.3718192888929717,2.3790285651763785,1.1983954905722451
32,1.0,4,ImprovedTDCA,1.0,319.31568569044634,3.218601746929091,3.2931166385235873,1.6012316725645692
32,1.0,4,TriBranchTDCA,1.0,319.31568569044634,3.404530875342972,3.440748826683379,1.7896400132904984
32,1.0,5,CCA,0.875,247.0613024597991,0.29906299249314133,0.2892236344024136,0.014532874350090097
32,1.0,5,FBCCA,0.875,247.0613024597991,0.7986621251059084,0.7530884709718166,0.04135713076164782
32,1.0,5,TDCA,1.0,319.31568569044634,2.3512492528932576,2.4339890708025465,0.9649103776350754
32,1.0,5,ImprovedTDCA,1.0,319.31568569044634,3.0584713909517647,3.1916697512631202,0.11346768960757503
32,1.0,5,TriBranchTDCA,1.0,319.31568569044634,3.2105996577412292,3.332508726058034,1.0482465080136285
32,2.0,0,CCA,0.925,136.23634153038591,1.0016657052835503,1.054261999545017,0.023332224187648798
32,2.0,0,FBCCA,1.0,159.65784284522317,2.3996415747586335,2.271652259909805,0.9516628370749296
32,2.0,0,TDCA,1.0,159.65784284522317,2.846664200579837,2.8653971295078144,1.3532958861792
32,2.0,0,ImprovedTDCA,1.0,159.65784284522317,4.03474495272319,4.132771364007498,2.3680142795644805
32,2.0,0,TriBranchTDCA,1.0,159.65784284522317,3.9662651395561097,4.098291116180938,2.189812981527491
32,2.0,1,CCA,1.0,159.65784284522317,1.3789810601954557,1.4224738666937387,0.4114275520068471
32,2.0,1,FBCCA,1.0,159.65784284522317,3.2858678302997846,3.383931360437095,1.2970711457987738
32,2.0,1,TDCA,1.0,159.65784284522317,3.221255921413518,3.3543307711418935,1.708172411495629
32,2.0,1,ImprovedTDCA,1.0,159.65784284522317,4.560110963683792,4.728216212232048,3.2365468509714352
32,2.0,1,TriBranchTDCA,1.0,159.65784284522317,4.318550197925384,4.442732181741609,2.8548062731689634
32,2.0,2,CCA,0.975,150.63396323757408,1.3498026222841824,1.2862221417447521,0.07472002050270143
32,2.0,2,FBCCA,1.0,159.65784284522317,3.05594530758011,3.1400208884818497,1.100136216229965
32,2.0,2,TDCA,1.0,159.65784284522317,3.186479819869392,3.236932017561094,1.9375808215444756
32,2.0,2,ImprovedTDCA,1.0,159.65784284522317,4.446857402236708,4.514673308643236,2.472307127143982
32,2.0,2,TriBranchTDCA,1.0,159.65784284522317,4.285384758579949,4.327732984040821,2.950838821334096
32,2.0,3,CCA,1.0,159.65784284522317,1.301933992790198,1.260214944245129,0.25698476765586786
32,2.0,3,FBCCA,1.0,159.65784284522317,2.9852622793470545,2.967541220958023,1.5354193649365393
32,2.0,3,TDCA,1.0,159.65784284522317,3.1127141512252305,3.1112609286592194,1.3625451185582889
32,2.0,3,ImprovedTDCA,1.0,159.65784284522317,4.353256793476023,4.377220035170353,2.823635023143602
32,2.0,3,TriBranchTDCA,1.0,159.65784284522317,4.159710726833612,4.201308561221105,2.5179932971493826
32,2.0,4,CCA,0.975,150.63396323757408,1.4324523991343976,1.2610578781533406,0.17329980188971206
32,2.0,4,FBCCA,1.0,159.65784284522317,2.8988161554322773,3.1234892832931234,1.326754965801718
32,2.0,4,TDCA,1.0,159.65784284522317,3.143538386761153,3.109829167249236,1.9317885971454545
32,2.0,4,ImprovedTDCA,1.0,159.65784284522317,4.369162036749724,4.447547159153183,2.5918095339120684
32,2.0,4,TriBranchTDCA,1.0,159.65784284522317,4.232232420748,4.338004379588624,3.1242252583195245
32,2.0,5,CCA,1.0,159.65784284522317,1.37628436087002,1.3265947108496272,0.23483144567308933
32,2.0,5,FBCCA,1.0,159.65784284522317,2.9966108452962916,3.0269092623137386,1.2561402805945399
32,2.0,5,TDCA,1.0,159.65784284522317,3.0972543574089264,3.192117058537077,1.8723007446360824
32,2.0,5,ImprovedTDCA,1.0,159.65784284522317,4.370436494759042,4.5157989638519265,3.0448398651170314
32,2.0,5,TriBranchTDCA,1.0,159.65784284522317,4.1685865101933155,4.219256058663565,3.130345336943112
32,4.0,0,CCA,1.0,79.82892142261159,3.3054516486280905,3.5821808907977135,0.5601693693095093
32,4.0,0,FBCCA,1.0,79.82892142261159,4.449875427077037,4.639437084512579,3.2237105212983703
32,4.0,0,TDCA,1.0,79.82892142261159,4.046497888100611,4.103766452088885,2.8599681764461824
32,4.0,0,ImprovedTDCA,1.0,79.82892142261159,4.874759789583576,4.934994711076319,4.315591748745848
32,4.0,0,TriBranchTDCA,1.0,79.82892142261159,4.799976603232074,4.804965097066383,4.243025211328573
32,4.0,1,CCA,1.0,79.82892142261159,4.033573444454492,4.147970613961871,1.8118997487448518
32,4.0,1,FBCCA,1.0,79.82892142261159,5.120387511927946,5.133994316659761,4.300227795735293
32,4.0,1,TDCA,1.0,79.82892142261159,4.325933882709005,4.296414723004794,3.584878800934801
32,4.0,1,ImprovedTDCA,1.0,79.82892142261159,5.219654661745997,5.247115614016241,4.396447352489687
32,4.0,1,TriBranchTDCA,1.0,79.82892142261159,5.057685477698769,5.1005885988564135,4.3698744127397005
32,4.0,2,CCA,1.0,79.82892142261159,3.6981469766761457,3.8286268821009655,2.3135704104319927
32,4.0,2,FBCCA,1.0,79.82892142261159,4.727447929028313,4.836510561868839,3.1033433407625117
32,4.0,2,TDCA,1.0,79.82892142261159,4.222810816340233,4.32821715126607,3.4752660133932283
32,4.0,2,ImprovedTDCA,1.0,79.82892142261159,5.071568130647871,5.029419570879899,4.083141689420383
32,4.0,2,TriBranchTDCA,1.0,79.82892142261159,4.9401650296674315,4.9108016726818855,4.212614751062592
32,4.0,3,CCA,1.0,79.82892142261159,3.76464614251082,3.8043470291458856,1.640936032260325
32,4.0,3,FBCCA,1.0,79.82892142261159,4.897962818958929,4.941972850741021,3.0870662029925504
32,4.0,3,TDCA,1.0,79.82892142261159,4.086161564226346,3.9803043726622636,3.033422682037182
32,4.0,3,ImprovedTDCA,1.0,79.82892142261159,4.899773204855074,4.919452648086432,4.130310322803517
32,4.0,3,TriBranchTDCA,1.0,79.82892142261159,4.7820448673972535,4.757942334506978,4.08118300983035
32,4.0,4,CCA,1.0,79.82892142261159,3.8813261304991125,3.944921482120601,1.846752350988028
32,4.0,4,FBCCA,1.0,79.82892142261159,5.032671535707544,5.129997405283364,3.8333205732678115
32,4.0,4,TDCA,1.0,79.82892142261159,4.1977611446615954,4.220567034898044,3.412567407454739
32,4.0,4,ImprovedTDCA,1.0,79.82892142261159,5.085701318764938,5.063869899339748,4.458852930878543
32,4.0,4,TriBranchTDCA,1.0,79.82892142261159,4.939639762857314,4.944234572738135,4.2925179894828815
32,4.0,5,CCA,1.0,79.82892142261159,3.5849402600730627,3.635387394724008,0.7315758149457348
32,4.0,5,FBCCA,1.0,79.82892142261159,4.760893740523089,4.741369850994454,2.452011997620019
32,4.0,5,TDCA,1.0,79.82892142261159,4.138184415998188,4.140171457204012,2.6110721563067183
32,4.0,5,ImprovedTDCA,1.0,79.82892142261159,4.965824301153377,5.005823638388178,4.153999675567286
32,4.0,5,TriBranchTDCA,1.0,79.82892142261159,4.836158730018108,4.904331593495202,4.047451891060447
33,0.3,0,CCA,0.025,0.0,0.0974440889059234,0.057500535975257616,0.004862463064340572
33,0.3,0,FBCCA,0.05,2.8798059704541856,0.2563254252934758,0.20868441693443462,0.0012270763195130208
33,0.3,0,TDCA,0.525,362.6332323769969,0.39381565564096366,0.2814307666369965,0.0007834416782372955
33,0.3,0,ImprovedTDCA,0.5,335.84539709124766,0.44583872878414105,0.41254654326005,0.00040264879354512395
33,0.3,0,TriBranchTDCA,0.375,212.8235410346985,0.4950284939171393,0.3855249866409881,0.027539005337426703
33,0.3,1,CCA,0.0,7.30517519781877,0.15403080084868212,0.07859556730695538,0.0041640169547561
33,0.3,1,FBCCA,0.0,7.30517519781877,0.2201220944929006,0.1637416419279304,0.008787160319074783
33,0.3,1,TDCA,0.25,109.31966125630856,0.3145004566417945,0.18917845428087654,0.010003614591414411
33,0.3,1,ImprovedTDCA,0.25,109.31966125630856,0.3475878253791408,0.32996218047133896,0.006969629900879903
33,0.3,1,TriBranchTDCA,0.225,91.30970925122118,0.47473864805489085,0.4732693236013763,0.032934705427130506
33,0.3,2,CCA,0.025,0.0,0.08466572654114506,0.058997756336535034,0.0021814227969194633
33,0.3,2,FBCCA,0.025,0.0,0.2961563885011893,0.2051893196983905,0.016971742503350873
33,0.3,2,TDCA,0.35,190.46971945028199,0.41914438304666535,0.39362824874010605,0.004610551698405407
33,0.3,2,ImprovedTDCA,0.375,212.8235410346985,0.4062975445113744,0.35387873397020975,0.03106555933734323
33,0.3,2,TriBranchTDCA,0.225,91.30970925122118,0.30232521818354563,0.2649904159253842,0.0029003730083272394
33,0.3,3,CCA,0.05,2.8798059704541856,0.13283231254976527,0.07406155642123802,0.0003838175369665908
33,0.3,3,FBCCA,0.025,0.0,0.23547793755870217,0.16349726050285096,0.004417262407903522
33,0.3,3,TDCA,0.45,284.4364841050634,0.46809351470575,0.44664117755516997,0.0011224692615203757
33,0.3,3,ImprovedTDCA,0.475,309.77921018837446,0.489319120990639,0.4579283099340894,0.02588638896155082
33,0.3,3,TriBranchTDCA,0.375,212.8235410346985,0.45012498444782734,0.29699980575537044,0.007122634408271544
33,0.3,4,CCA,0.05,2.8798059704541856,0.14976790120489894,0.05415812147848964,0.000936541680962133
33,0.3,4,FBCCA,0.075,9.723899662657054,0.24801921612106623,0.19974626789548144,0.006443437547266173
33,0.3,4,TDCA,0.5,335.84539709124766,0.4363765453872775,0.3582814319630603,0.03233044635201088
33,0.3,4,ImprovedTDCA,0.5,335.84539709124766,0.4465736223839557,0.3242345915370134,0.006362462616358755
33,0.3,4,TriBranchTDCA,0.475,309.77921018837446,0.35739751059270797,0.24773409019011294,0.01129811979853601
33,0.3,5,CCA,0.025,0.0,0.10465599432172801,0.06987392713385576,0.0003240661373808962
33,0.3,5,FBCCA,0.075,9.723899662657054,0.2917206545009436,0.2530659050558034,0.0049007926133770585
33,0.3,5,TDCA,0.475,309.77921018837446,0.37258402369294724,0.24952354740665306,0.030882372169622307
33,0.3,5,ImprovedTDCA,0.475,309.77921018837446,0.42722425015924087,0.325951350870046,0.00534212510963461
33,0.3,5,TriBranchTDCA,0.4,235.9472338230692,0.46832420076902964,0.43200379520758503,0.025413178067446696
33,0.5,0,CCA,0.075,5.834339797594232,0.20544070156866176,0.13034300428254786,0.0014143581492578328
33,0.5,0,FBCCA,0.075,5.834339797594232,0.3668046653015884,0.3061721938984192,0.00891646489882092
33,0.5,0,TDCA,0.725,362.3873167686754,0.6110498884828844,0.551463280011412,0.012300559421557278
33,0.5,0,ImprovedTDCA,0.7,342.60198359975936,0.6397214227156791,0.5753574196921748,0.010436947890167136
33,0.5,0,TriBranchTDCA,0.525,217.5799394261981,0.6916348049121304,0.5197014806050397,0.04625169630774817
33,0.5,1,CCA,0.05,1.7278835822725114,0.19663089211920712,0.12060434960447153,0.0015188290123260284
33,0.5,1,FBCCA,0.075,5.834339797594232,0.3387168421878113,0.2608287035333907,0.01619273846666669
33,0.5,1,TDCA,0.4,141.56834029384152,0.381877567834696,0.32268638764818647,0.007014423659131186
33,0.5,1,ImprovedTDCA,0.325,101.3454569549014,0.4144566207889822,0.3246960528571623,0.0041181074057095035
33,0.5,1,TriBranchTDCA,0.3,88.90267709437161,0.47242845421604207,0.3130576423964251,0.014009346226761199
33,0.5,2,CCA,0.025,0.0,0.15334107122116453,0.09280172298452427,0.0012829590060192686
33,0.5,2,FBCCA,0.1,11.528460518646853,0.4153625493622501,0.3204293990388861,0.003871056187929378
33,0.5,2,TDCA,0.575,251.0308667097265,0.5784693641333328,0.4552638360476111,0.0017864523131263521
33,0.5,2,ImprovedTDCA,0.575,251.0308667097265,0.6289246447693693,0.5436069247943457,0.008650875202561581
33,0.5,2,TriBranchTDCA,0.525,217.5799394261981,0.5190272870306935,0.3606660759922953,0.008710692964890798
33,0.5,3,CCA,0.075,5.834339797594232,0.2086141971387642,0.13567776871744808,0.007017581329927802
33,0.5,3,FBCCA,0.15,26.339508496566104,0.29822938768786744,0.2695962594551845,0.003323605112792505
33,0.5,3,TDCA,0.675,323.33235014711596,0.6632125878540529,0.5553795760988702,0.022147471516378303
33,0.5,3,ImprovedTDCA,0.675,323.33235014711596,0.6618114831566235,0.6176074192430573,0.046887290281707905
33,0.5,3,TriBranchTDCA,0.475,185.86752611302467,0.6996102379002853,0.7035163530809461,0.012749355564355636
33,0.5,4,CCA,0.05,1.7278835822725114,0.22467667594426594,0.16600571264786101,0.0011714285564958793
33,0.5,4,FBCCA,0.1,11.528460518646853,0.4622967388506499,0.34958244176910935,0.009251327269828025
33,0.5,4,TDCA,0.65,304.55631154921025,0.6421316805710962,0.6213782545929981,0.0007298278070710928
33,0.5,4,ImprovedTDCA,0.65,304.55631154921025,0.6370166416245344,0.5985902635809331,0.009690045133243341
33,0.5,4,TriBranchTDCA,0.6,268.4179935465354,0.5992463708777048,0.43361230456139843,0.04061510645340283
33,0.5,5,CCA,0.025,0.0,0.1835334376889414,0.1408230321026731,0.0014168596350467855
33,0.5,5,FBCCA,0.025,0.0,0.39478327603128,0.3358361447121495,0.006348001061648567
33,0.5,5,TDCA,0.5,201.5072382547486,0.507472358769849,0.43770000837433165,0.011698777470861454
33,0.5,5,ImprovedTDCA,0.525,217.5799394261981,0.5477815843090609,0.40667969109012314,0.012474620380511503
33,0.5,5,TriBranchTDCA,0.4,141.56834029384152,0.5858650437108858,0.5326420797565038,0.0084367707315951
33,1.0,0,CCA,0.275,38.487798475057,0.2868759482411652,0.22525445494493002,0.014389984974287007
33,1.0,0,FBCCA,0.375,63.84706231040955,0.48571897295837585,0.40663797504065813,0.0048920656506035165
33,1.0,0,TDCA,0.825,223.6780122917947,1.0386640465554995,1.002632770448972,0.0004452212211178974
33,1.0,0,ImprovedTDCA,0.8,212.57517337365303,1.3184723180651479,1.3095367374756048,0.15640340308900802
33,1.0,0,TriBranchTDCA,0.775,201.8111859978206,1.2984063034355235,1.1225863482661245,0.03575440929332285
33,1.0,1,CCA,0.05,0.8639417911362557,0.28596788948653407,0.20351795221880487,0.0018799925656567407
33,1.0,1,FBCCA,0.15,13.169754248283052,0.4253954300797698,0.3429441839044751,0.005470388827261807
33,1.0,1,TDCA,0.525,108.78996971309905,0.7048389601061814,0.6658408072384725,0.01591278822118225
33,1.0,1,ImprovedTDCA,0.625,143.12809559334323,0.8100569641028412,0.6202652023148584,0.0009717772391857338
33,1.0,1,TriBranchTDCA,0.625,143.12809559334323,0.6996015820850808,0.4943753300651571,0.007548782266029175
33,1.0,2,CCA,0.05,0.8639417911362557,0.2609405242655976,0.17386802242766297,0.010419707534616407
33,1.0,2,FBCCA,0.225,27.39291277536635,0.537178477746768,0.33381025247633733,0.028799102609186944
33,1.0,2,TDCA,0.75,191.35796494276008,1.0553758367125214,1.1024157818161968,0.00338227417616932
33,1.0,2,ImprovedTDCA,0.8,212.57517337365303,1.3677009707382453,1.5652720111318876,0.0212638521335069
33,1.0,2,TriBranchTDCA,0.85,235.1566474404975,1.2493781883538495,1.2795072977417083,0.00799167326825545
33,1.0,3,CCA,0.125,9.218202610997963,0.2356869219621029,0.12093807098661746,0.0018320838976197962
33,1.0,3,FBCCA,0.275,38.487798475057,0.5961186661365523,0.3596814240478863,0.003652185445595979
33,1.0,3,TDCA,0.825,223.6780122917947,0.9826275485704965,0.9299018790443037,0.01884758133999731
33,1.0,3,ImprovedTDCA,0.875,247.0613024597991,1.3463650774204048,1.1908030599087707,0.12093845549327487
33,1.0,3,TriBranchTDCA,0.775,201.8111859978206,1.0828560062363128,0.9027145024199837,0.02620676637592867
33,1.0,4,CCA,0.075,2.917169898797116,0.2716034732124288,0.18472070826068643,0.01974072646608782
33,1.0,4,FBCCA,0.325,50.6727284774507,0.6133708712234277,0.47105129251353384,0.0005576665947626402
33,1.0,4,TDCA,0.925,272.47268306077183,1.1151633745103289,1.0000435385567088,0.18414144654086773
33,1.0,4,ImprovedTDCA,0.975,301.26792647514816,1.335073122488815,1.1317640145993417,0.08283853374971506
33,1.0,4,TriBranchTDCA,0.9,259.4635367647114,1.232862034233103,1.154415437617384,0.05701179897666275
33,1.0,5,CCA,0.175,17.547325756167034,0.35736312598746967,0.22906940523010544,0.015065130467814658
33,1.0,5,FBCCA,0.4,70.78417014692076,0.6454379951803242,0.5458610525366234,0.010064644279486501
33,1.0,5,TDCA,0.85,235.1566474404975,0.9892293190870101,0.978373513862576,0.030956760945654693
33,1.0,5,ImprovedTDCA,0.9,259.4635367647114,1.2241356918042194,1.364105707450718,0.14887853968729559
33,1.0,5,TriBranchTDCA,0.8,212.57517337365303,1.0802991731734053,0.9904295091138993,0.01225313870888911
33,2.0,0,CCA,0.525,54.39498485654953,0.861493611039425,0.8805062218056321,0.03316461076756205
33,2.0,0,FBCCA,0.75,95.67898247138004,1.505091658268944,1.242672590753104,0.027969363777549994
33,2.0,0,TDCA,0.975,150.63396323757408,1.8814209405772018,1.882205057860081,0.270403642933565
33,2.0,0,ImprovedTDCA,0.975,150.63396323757408,2.5117299381505567,2.6972894907765075,0.14777977591316604
33,2.0,0,TriBranchTDCA,0.975,150.63396323757408,2.0554790738204067,2.219772714063618,0.14307951427362675
33,2.0,1,CCA,0.225,13.696456387683176,0.5279226905199238,0.3934286990274828,0.0033980890234759364
33,2.0,1,FBCCA,0.275,19.2438992375285,0.7022997000198596,0.5694561072495425,0.007681676618882305
33,2.0,1,TDCA,0.8,106.28758668682651,1.030469565405604,0.9608535641583067,0.04947568232138044
33,2.0,1,ImprovedTDCA,0.825,111.83900614589734,1.4500683464595587,1.2850211089501848,0.01761424597071448
33,2.0,1,TriBranchTDCA,0.875,123.53065122989955,1.3016474074917188,1.248157545787962,0.0454038459827264
33,2.0,2,CCA,0.4,35.39208507346038,0.5736102236933933,0.42805677039071166,0.04024318418602224
33,2.0,2,FBCCA,0.7,85.65049589993984,1.2444715915779783,1.1832387509216056,0.014481421107377823
33,2.0,2,TDCA,0.975,150.63396323757408,1.84437461549691,1.9723331731526126,0.2135719322781955
33,2.0,2,ImprovedTDCA,1.0,159.65784284522317,2.349509179714824,2.5358117053475597,0.21686841480579533
33,2.0,2,TriBranchTDCA,1.0,159.65784284522317,2.286316681707313,2.524033744104141,0.24909076643706318
33,2.0,3,CCA,0.275,19.2438992375285,0.586396134655254,0.4921422254252099,0.010550945703163617
33,2.0,3,FBCCA,0.55,58.52167927234629,1.0160499207918547,0.7320677896367036,0.011773997495827082
33,2.0,3,TDCA,0.925,136.23634153038591,1.6094224782326976,1.6122128367251212,0.05489703476798358
33,2.0,3,ImprovedTDCA,0.95,143.1378308048488,2.0574371298592338,2.118511993600241,0.07139254906453552
33,2.0,3,TriBranchTDCA,0.95,143.1378308048488,1.8170698567260875,1.9399449657032104,0.1327262542630625
33,2.0,4,CCA,0.325,25.33636423872535,0.42830936629965954,0.3714463036919424,0.0011084990841321307
33,2.0,4,FBCCA,0.675,80.83308753677899,1.1002772142039836,0.9370746966327723,0.08309841868413326
33,2.0,4,TDCA,1.0,159.65784284522317,1.8742326630488821,1.7077809797860892,0.5968462458073565
33,2.0,4,ImprovedTDCA,0.975,150.63396323757408,2.323292924736516,2.4029712498137945,0.0020505724833688177
33,2.0,4,TriBranchTDCA,1.0,159.65784284522317,2.1004129305571553,2.0463185719862933,0.3087238307329341
33,2.0,5,CCA,0.475,46.46688152825617,0.5693051885193017,0.512643025826707,0.028378445314233725
33,2.0,5,FBCCA,0.675,80.83308753677899,1.0207915881740917,0.8106750625386949,0.012100965930351926
33,2.0,5,TDCA,0.925,136.23634153038591,1.6030138719435711,1.7766341573251547,0.013753552316086548
33,2.0,5,ImprovedTDCA,0.925,136.23634153038591,2.082501156754269,2.2866822152691912,0.0450497336003437
33,2.0,5,TriBranchTDCA,0.95,143.1378308048488,1.7527277916083115,1.9071746805762892,0.009744626941994294
33,4.0,0,CCA,0.7,42.82524794996992,1.270431063781584,1.0471018624775748,0.019936383599797658
33,4.0,0,FBCCA,0.85,58.78916186012437,2.4933066080789863,2.6489797159793973,0.1683802737327218
33,4.0,0,TDCA,1.0,79.82892142261159,2.9560174449734093,3.0394531165987377,1.7630867659107208
33,4.0,0,ImprovedTDCA,1.0,79.82892142261159,3.2224983132749365,3.519104787824885,0.3813088687985027
33,4.0,0,TriBranchTDCA,1.0,79.82892142261159,3.11374545261657,3.1816249478857825,1.082448247711254
33,4.0,1,CCA,0.45,21.332736307879756,0.8808939520614384,0.6212181470208542,0.01325711257440787
33,4.0,1,FBCCA,0.725,45.29841459608443,1.4916626042981804,1.2966570609584402,0.21975302812227948
33,4.0,1,TDCA,1.0,79.82892142261159,2.1421902179111187,2.216863494788276,0.07980042945713528
33,4.0,1,ImprovedTDCA,0.95,71.5689154024244,2.3808517988792817,2.4709382276584826,0.1902199144867902
33,4.0,1,TriBranchTDCA,1.0,79.82892142261159,2.3070675534474283,2.23013506527505,0.4346735840782765
33,4.0,2,CCA,0.6,33.552249193316925,1.0153848363294455,0.7236816060408814,0.022931628799894632
33,4.0,2,FBCCA,0.875,61.765325614949774,2.15628330704506,1.8909018893939458,0.013106358231230963
33,4.0,2,TDCA,1.0,79.82892142261159,2.9572940842764295,2.9047100555757552,1.2640119655021573
33,4.0,2,ImprovedTDCA,0.975,75.31698161878704,3.1858036544473975,3.329424547020393,0.3183542310743923
33,4.0,2,TriBranchTDCA,1.0,79.82892142261159,3.1990713379816347,3.3086726493682916,1.2657661867517072
33,4.0,3,CCA,0.45,21.332736307879756,0.8970516983205205,0.49802687678375523,0.034070909547937234
33,4.0,3,FBCCA,0.8,53.14379334341326,1.96999813321627,1.73617007299116,0.03882116368441979
33,4.0,3,TDCA,0.925,68.11817076519296,2.648132755685627,2.789266536876399,0.17512045020072242
33,4.0,3,ImprovedTDCA,0.95,71.5689154024244,3.135919035242447,3.490405990091439,0.2349731417885017
33,4.0,3,TriBranchTDCA,0.925,68.11817076519296,2.7782652849819374,2.9894523727385747,0.08738159795946343
33,4.0,4,CCA,0.6,33.552249193316925,1.0414252226542202,0.7535969889241232,0.057709055330859904
33,4.0,4,FBCCA,0.85,58.78916186012437,1.9549845585372752,1.8259480233818006,0.010866327184503533
33,4.0,4,TDCA,1.0,79.82892142261159,2.6792717633651115,2.7429922186827844,0.772146422636387
33,4.0,4,ImprovedTDCA,1.0,79.82892142261159,2.959096885353657,3.126204585490594,0.389805629818043
33,4.0,4,TriBranchTDCA,1.0,79.82892142261159,2.8946438335686953,2.9652346701368035,0.84796972711464
33,4.0,5,CCA,0.7,42.82524794996992,1.3740855447532332,1.0598087166715464,0.04969475358354081
33,4.0,5,FBCCA,0.925,68.11817076519296,2.3366003773444377,2.229547897714127,0.07647906247366398
33,4.0,5,TDCA,1.0,79.82892142261159,2.777124343085982,2.820884175625135,1.7034326567218279
33,4.0,5,ImprovedTDCA,1.0,79.82892142261159,3.2951644462745393,3.3494237270002762,1.506560940328447
33,4.0,5,TriBranchTDCA,1.0,79.82892142261159,2.8835279749849514,2.892283928237607,0.9255553812431168
34,0.3,0,CCA,0.1,19.21410086441142,0.0887989612167988,0.04063659962140276,0.0026304461159309955
34,0.3,0,FBCCA,0.05,2.8798059704541856,0.198424265701268,0.1970724618070896,0.0036574119665138127
34,0.3,0,TDCA,0.65,507.5938525820171,0.6662873672914675,0.5356328125325502,0.004698839051505033
34,0.3,0,ImprovedTDCA,0.675,538.8872502451933,0.6978057891667271,0.5753111711317073,0.03170671068336617
34,0.3,0,TriBranchTDCA,0.675,538.8872502451933,0.826554217537877,0.5560789140913909,0.046917498358038046
34,0.3,1,CCA,0.1,19.21410086441142,0.08011605793091908,0.05822064122801296,0.0032245237753805167
34,0.3,1,FBCCA,0.075,9.723899662657054,0.16218582134395793,0.12561511261664537,0.0006224933166152358
34,0.3,1,TDCA,0.8,708.5839112455101,0.6733938467032677,0.5271803470904751,0.06008020095619271
34,0.3,1,ImprovedTDCA,0.8,708.5839112455101,0.7954914828850244,0.6724139285581954,0.03029345316744836
34,0.3,1,TriBranchTDCA,0.825,745.5933743059824,0.9222876666256221,0.8344606818222717,0.025081796542242518
34,0.3,2,CCA,0.075,9.723899662657054,0.1261400825831342,0.06803713461115957,0.0004929591980795678
34,0.3,2,FBCCA,0.0,7.30517519781877,0.22137902029773637,0.1549777839950498,0.0024050612141153227
34,0.3,2,TDCA,0.6,447.363322577559,0.5078680891540553,0.4830562943662333,0.0468667958112714
34,0.3,2,ImprovedTDCA,0.6,447.363322577559,0.5969350987889188,0.572230221683352,0.04979603782237074
34,0.3,2,TriBranchTDCA,0.65,507.5938525820171,0.6456040835588919,0.5471033191509003,0.02596846645630202
34,0.3,3,CCA,0.15,43.899180827610174,0.07829290221975425,0.03639063898623862,0.000762367678893372
34,0.3,3,FBCCA,0.05,2.8798059704541856,0.22077858741788559,0.14590591964087063,0.0007280807349849816
34,0.3,3,TDCA,0.75,637.8598831425336,0.5907434296185297,0.46174686679124277,0.00013780531106966087
34,0.3,3,ImprovedTDCA,0.75,637.8598831425336,0.7141730722133548,0.6337744202942914,0.009207998594473299
34,0.3,3,TriBranchTDCA,0.8,708.5839112455101,0.8328066847630667,0.6675977108438265,0.004874688355893442
34,0.3,4,CCA,0.15,43.899180827610174,0.09463758266943008,0.03982021838526639,0.0007742047927312701
34,0.3,4,FBCCA,0.125,30.727342036659877,0.22017094422785713,0.20033203112754094,0.01334105804686625
34,0.3,4,TDCA,0.8,708.5839112455101,0.7140424978446985,0.6486148246104446,0.02717082900545753
34,0.3,4,ImprovedTDCA,0.825,745.5933743059824,0.7877461862497215,0.7895679485325475,0.06017411351845103
34,0.3,4,TriBranchTDCA,0.725,603.9788612811258,0.8703337161084553,0.7701497740013955,0.012939185278062704
34,0.3,5,CCA,0.1,19.21410086441142,0.10585335038464674,0.034771287830782094,0.000122362073562865
34,0.3,5,FBCCA,0.15,43.899180827610174,0.24493706823985262,0.1718372384300395,0.010139670784412802
34,0.3,5,TDCA,0.7,571.003305999599,0.5553458772659619,0.514943929764338,0.004903972108594612
34,0.3,5,ImprovedTDCA,0.8,708.5839112455101,0.6132316071860034,0.5990104863080996,0.003855558682842819
34,0.3,5,TriBranchTDCA,0.8,708.5839112455101,0.7758201754695986,0.7021361054481767,0.028544835881251007
34,0.5,0,CCA,0.175,35.09465151233407,0.08927802039899965,0.06693265366635281,0.003863164195757829
34,0.5,0,FBCCA,0.225,54.7858255507327,0.2945037775101363,0.23658040308329242,1.0477718717094575e-05
34,0.5,0,TDCA,0.875,494.1226049195982,0.7385442925200769,0.6685773983159786,0.03756762313785811
34,0.5,0,ImprovedTDCA,0.875,494.1226049195982,0.7673291122733,0.7544525632415044,0.0023542418526321107
34,0.5,0,TriBranchTDCA,0.9,518.9270735294228,1.0900997800493524,1.027193261147652,0.016572189653838887
34,0.5,1,CCA,0.275,76.975596950114,0.08352285247054783,0.05750559676551914,0.00134658983734659
34,0.5,1,FBCCA,0.325,101.3454569549014,0.3254276110992918,0.2733169558282147,0.026548693085593378
34,0.5,1,TDCA,0.85,470.313294880995,0.7822912824966848,0.747595484845476,0.0018767819423612941
34,0.5,1,ImprovedTDCA,0.85,470.313294880995,1.0011370464183922,0.9884702046157211,0.03987263885082948
34,0.5,1,TriBranchTDCA,0.875,494.1226049195982,1.2119207550102875,1.2660443530778243,0.0803390836242528
34,0.5,2,CCA,0.1,11.528460518646853,0.1105620824982581,0.07355955027689698,0.008091457929845891
34,0.5,2,FBCCA,0.175,35.09465151233407,0.2846873122190868,0.23525338417664576,0.003582399263961644
34,0.5,2,TDCA,0.8,425.15034674730606,0.608923207396539,0.4777638622150212,0.027187491663235752
34,0.5,2,ImprovedTDCA,0.8,425.15034674730606,0.6464641357962156,0.5189028614540738,0.03151068873148155
34,0.5,2,TriBranchTDCA,0.75,382.71592988552015,0.9180387694312703,0.852600687224667,0.007108404703595195
34,0.5,3,CCA,0.2,44.6013869892241,0.09661028228226441,0.0685541905366942,0.011827467280955739
34,0.5,3,FBCCA,0.375,127.6941246208191,0.2342507894607122,0.12527153211957398,0.0007671709480827626
34,0.5,3,TDCA,0.95,572.5513232193952,0.8133739229446423,0.7329036266709059,0.01378464440598326
34,0.5,3,ImprovedTDCA,0.95,572.5513232193952,0.9719183356882422,0.8683257586222555,0.08248988139830793
34,0.5,3,TriBranchTDCA,0.975,602.5358529502963,1.1975399483275482,1.123479304671776,0.0040367531736933415
34,0.5,4,CCA,0.25,65.59179675378513,0.10384291382285123,0.0559705419904486,0.0003221750491120279
34,0.5,4,FBCCA,0.225,54.7858255507327,0.26019678537975477,0.19076936674136236,0.0026286603701057842
34,0.5,4,TDCA,0.875,494.1226049195982,0.750323174367214,0.7958391149479804,0.0369760026095487
34,0.5,4,ImprovedTDCA,0.95,572.5513232193952,1.007670536180931,0.9669196978033927,0.014323496415304504
34,0.5,4,TriBranchTDCA,0.925,544.9453661215437,1.2314859193229002,1.3109040743186275,0.011925093050378699
34,0.5,5,CCA,0.2,44.6013869892241,0.09865530089585305,0.06286258256767996,0.0019543431861679395
34,0.5,5,FBCCA,0.25,65.59179675378513,0.2586342911807266,0.19141215892194563,0.001947218870922196
34,0.5,5,TDCA,0.8,425.15034674730606,0.7555102235519306,0.6768184915323301,0.0026622012519412763
34,0.5,5,ImprovedTDCA,0.75,382.71592988552015,0.7967028262295356,0.8044944149627131,0.00833275203234285
34,0.5,5,TriBranchTDCA,0.85,470.313294880995,1.0840913796041325,0.8791706649725177,0.1321128617906484
34,1.0,0,CCA,0.675,161.66617507355798,0.23170504373293538,0.23329758952805935,0.03294409186412128
34,1.0,0,FBCCA,0.75,191.35796494276008,0.7560947077516602,0.7451531921254345,0.003840005897472576
34,1.0,0,TDCA,1.0,319.31568569044634,2.034651635580492,2.003368915632858,0.42781989239044993
34,1.0,0,ImprovedTDCA,1.0,319.31568569044634,2.767285266031606,2.738782459707413,0.22470864965371673
34,1.0,0,TriBranchTDCA,1.0,319.31568569044634,2.9397474393159815,2.8898764247184694,0.4029470838049338
34,1.0,1,CCA,0.775,201.8111859978206,0.2765043032923399,0.2651241631311809,0.007258996665646222
34,1.0,1,FBCCA,0.875,247.0613024597991,0.8858574557560527,0.87887218457426,0.020171650590654622
34,1.0,1,TDCA,1.0,319.31568569044634,2.2595609174249054,2.255508077331979,0.7663741580445196
34,1.0,1,ImprovedTDCA,1.0,319.31568569044634,3.101005048735321,3.354413076916967,0.221626623254227
34,1.0,1,TriBranchTDCA,1.0,319.31568569044634,3.2180708982656343,3.473911552365581,0.9858536576361698
34,1.0,2,CCA,0.55,117.04335854469258,0.2573844802159352,0.20010310620854355,0.0038143077813965753
34,1.0,2,FBCCA,0.775,201.8111859978206,0.6002429267318823,0.477204245657184,0.007363997373898146
34,1.0,2,TDCA,0.975,301.26792647514816,1.8816620125265104,1.8436922231988655,0.09488256020858454
34,1.0,2,ImprovedTDCA,1.0,319.31568569044634,2.683994675115548,2.8823028705653404,0.06026160989530949
34,1.0,2,TriBranchTDCA,1.0,319.31568569044634,2.841864027196313,2.7731325918499588,0.3842936525301206
34,1.0,3,CCA,0.825,223.6780122917947,0.2164216826672422,0.18850009544604684,0.013698021483815381
34,1.0,3,FBCCA,0.85,235.1566474404975,0.7198349228796116,0.5576516927959527,0.012079613093229469
34,1.0,3,TDCA,1.0,319.31568569044634,2.174218297050846,2.1968866786162513,0.04032567092275707
34,1.0,3,ImprovedTDCA,0.975,301.26792647514816,2.976927210583839,3.106126646066881,0.04444136812464716
34,1.0,3,TriBranchTDCA,1.0,319.31568569044634,3.144651134736807,3.103486254858452,0.7032793600108485
34,1.0,4,CCA,0.625,143.12809559334323,0.2895955184055502,0.24228426199957842,0.02821998561358985
34,1.0,4,FBCCA,0.825,223.6780122917947,0.7648782572832256,0.7356088363738695,0.1088988900121377
34,1.0,4,TDCA,1.0,319.31568569044634,2.119554022974834,2.1507808766860084,0.359010583788435
34,1.0,4,ImprovedTDCA,1.0,319.31568569044634,2.780781469318222,3.011077983666781,0.5810131344775087
34,1.0,4,TriBranchTDCA,1.0,319.31568569044634,3.0671754403263036,3.19612442118314,0.8926430879396401
34,1.0,5,CCA,0.6,134.2089967732677,0.26645599734696723,0.24131798323409415,0.010254189420332516
34,1.0,5,FBCCA,0.8,212.57517337365303,0.643583046608124,0.5221649440425122,0.004492703744995996
34,1.0,5,TDCA,1.0,319.31568569044634,1.9909265122922697,1.9007735701869037,0.24103195771267671
34,1.0,5,ImprovedTDCA,1.0,319.31568569044634,2.706070715505214,2.719166649994569,0.7596187214121601
34,1.0,5,TriBranchTDCA,1.0,319.31568569044634,2.909935619932205,2.9807979453439057,1.0172010183975022
34,2.0,0,CCA,0.975,150.63396323757408,1.0826070143863373,1.1313470317817529,0.08446159948102538
34,2.0,0,FBCCA,0.975,150.63396323757408,2.3017664614778974,2.390346151871513,0.18767663674766055
34,2.0,0,TDCA,1.0,159.65784284522317,2.784914985523464,2.867621397916981,1.4055909269170948
34,2.0,0,ImprovedTDCA,1.0,159.65784284522317,4.131978063025211,4.3036093442027,2.0710338469741334
34,2.0,0,TriBranchTDCA,1.0,159.65784284522317,3.9869551052084757,4.081050810403253,2.1646480790150453
34,2.0,1,CCA,0.975,150.63396323757408,1.2811402084788697,1.3818290128218225,0.046957175186243205
34,2.0,1,FBCCA,1.0,159.65784284522317,2.6142800158914405,2.659707296755499,0.5028986990613524
34,2.0,1,TDCA,1.0,159.65784284522317,3.034073965507414,3.2085313324258813,0.911519716508344
34,2.0,1,ImprovedTDCA,1.0,159.65784284522317,4.508814048978007,4.648208771154321,2.6887754288059567
34,2.0,1,TriBranchTDCA,1.0,159.65784284522317,4.273840763874392,4.418850718335634,2.4478509040047998
34,2.0,2,CCA,1.0,159.65784284522317,1.1241554547078354,1.1706967377000654,0.1288245637125791
34,2.0,2,FBCCA,1.0,159.65784284522317,2.3374328420986403,2.4057426053507562,0.34116112631277185
34,2.0,2,TDCA,1.0,159.65784284522317,2.7806849053226106,2.927704874856942,1.1080259574553994
34,2.0,2,ImprovedTDCA,1.0,159.65784284522317,4.277396516733494,4.479657369025007,2.149702187243792
34,2.0,2,TriBranchTDCA,1.0,159.65784284522317,4.084250735323647,4.272943181782264,1.8743995970855218
34,2.0,3,CCA,1.0,159.65784284522317,1.0354611182912123,1.0718300046443265,0.17747953841241548
34,2.0,3,FBCCA,1.0,159.65784284522317,2.5002981607366968,2.4947222743293693,1.2717970797793234
34,2.0,3,TDCA,1.0,159.65784284522317,2.897633722163129,2.96830521049029,0.9427706111021465
34,2.0,3,ImprovedTDCA,1.0,159.65784284522317,4.318605313326032,4.332080408990182,3.076573711185007
34,2.0,3,TriBranchTDCA,1.0,159.65784284522317,4.149393024721057,4.158005882546551,2.5582491888579537
34,2.0,4,CCA,0.975,150.63396323757408,1.153443811002679,1.1953669702608847,0.3613384528724328
34,2.0,4,FBCCA,1.0,159.65784284522317,2.485779010117665,2.6326763539969944,0.09890042545387212
34,2.0,4,TDCA,1.0,159.65784284522317,2.871735548018986,3.071810457966943,1.0081045915321627
34,2.0,4,ImprovedTDCA,1.0,159.65784284522317,4.22698070714043,4.3273522472839865,2.196193597434474
34,2.0,4,TriBranchTDCA,1.0,159.65784284522317,4.077526880036208,4.215817277633001,2.4725935133634156
34,2.0,5,CCA,0.975,150.63396323757408,1.1610659177352805,1.102380797969776,0.15706319151132364
34,2.0,5,FBCCA,0.975,150.63396323757408,2.345597614461881,2.4344382660747694,0.4180701409471306
34,2.0,5,TDCA,1.0,159.65784284522317,2.7381786156255807,2.798520686275425,0.6230302097124065
34,2.0,5,ImprovedTDCA,1.0,159.65784284522317,3.953917251003581,4.148726513151024,0.4684290187534619
34,2.0,5,TriBranchTDCA,1.0,159.65784284522317,3.8993041936112975,4.029991552108919,1.395318910825301
34,4.0,0,CCA,1.0,79.82892142261159,3.8032848741463647,3.9163321328759286,1.8555884455380998
34,4.0,0,FBCCA,1.0,79.82892142261159,4.564936319712943,4.673368488996952,2.6958705328000305
34,4.0,0,TDCA,1.0,79.82892142261159,3.922431221148284,4.069632677118,2.44214202941519
34,4.0,0,ImprovedTDCA,1.0,79.82892142261159,4.758683569571085,4.8942173576362755,3.4746067265336977
34,4.0,0,TriBranchTDCA,1.0,79.82892142261159,4.533212451458331,4.68161386538616,3.2862277473747525
34,4.0,1,CCA,1.0,79.82892142261159,4.189752259458337,4.416159824549027,2.791350223236286
34,4.0,1,FBCCA,1.0,79.82892142261159,4.998423046766616,5.08695418400197,3.6792462961165935
34,4.0,1,TDCA,1.0,79.82892142261159,4.152422665411056,4.193243856913914,2.7314740944947666
34,4.0,1,ImprovedTDCA,1.0,79.82892142261159,5.020659713854077,5.132593948422521,4.1224942530518405
34,4.0,1,TriBranchTDCA,1.0,79.82892142261159,4.790807581795262,4.833738548859267,3.712275625077769
34,4.0,2,CCA,1.0,79.82892142261159,4.096911385916678,4.237190723207865,1.803044614495069
34,4.0,2,FBCCA,1.0,79.82892142261159,4.9805595692836295,5.116146108032119,2.956847754256766
34,4.0,2,TDCA,1.0,79.82892142261159,3.9169908619199694,3.948712387906503,2.3768315843958403
34,4.0,2,ImprovedTDCA,1.0,79.82892142261159,4.953193729347508,5.067868271972076,4.182287200019269
34,4.0,2,TriBranchTDCA,1.0,79.82892142261159,4.703892447303268,4.790815984910859,3.7729372844786173
34,4.0,3,CCA,1.0,79.82892142261159,4.048999919660678,4.202046321958264,1.3475220098848402
34,4.0,3,FBCCA,1.0,79.82892142261159,5.049369741233372,5.22471144657784,3.6676865252101356
34,4.0,3,TDCA,1.0,79.82892142261159,3.7330555868456146,3.676557781290758,2.3256578425196612
34,4.0,3,ImprovedTDCA,1.0,79.82892142261159,4.863713348956554,4.904825943898281,3.649641281833005
34,4.0,3,TriBranchTDCA,1.0,79.82892142261159,4.583471083609423,4.557818966216864,3.5960641182556157
34,4.0,4,CCA,1.0,79.82892142261159,3.5993785507720104,3.6454577110004696,0.7354901742382425
34,4.0,4,FBCCA,1.0,79.82892142261159,4.792617619010865,4.957869029073661,2.9137186541834863
34,4.0,4,TDCA,0.975,75.31698161878704,3.8034245103877447,3.885936900750862,0.5666961095859833
34,4.0,4,ImprovedTDCA,1.0,79.82892142261159,4.631830003886707,4.751972489971463,2.5924323565942102
34,4.0,4,TriBranchTDCA,1.0,79.82892142261159,4.442089493837571,4.553985654248578,1.4609030361060618
34,4.0,5,CCA,1.0,79.82892142261159,3.964478890238702,3.9956917080155856,3.0359958130068736
34,4.0,5,FBCCA,1.0,79.82892142261159,4.8420394338358275,5.023997400099628,3.58017543575441
34,4.0,5,TDCA,0.975,75.31698161878704,3.71113172611163,3.8081157937469357,0.10876035503377413
34,4.0,5,ImprovedTDCA,1.0,79.82892142261159,4.649081934823727,4.7375890195236,2.882154766696571
34,4.0,5,TriBranchTDCA,1.0,79.82892142261159,4.462483077859103,4.524319408441928,2.1097326249857455
35,0.3,0,CCA,0.025,0.0,0.11313919090974359,0.09207846190109503,0.0028731169246645205
35,0.3,0,FBCCA,0.05,2.8798059704541856,0.21694294050038548,0.17903799102288087,0.00026795883928554254
35,0.3,0,TDCA,0.225,91.30970925122118,0.2941464847262938,0.2010811435819022,0.013132458247302914
35,0.3,0,ImprovedTDCA,0.275,128.29266158352334,0.3548046985487819,0.25679029916883567,0.01865108495760115
35,0.3,0,TriBranchTDCA,0.275,128.29266158352334,0.40708122322930895,0.25945494768050836,0.010026173060180943
35,0.3,1,CCA,0.025,0.0,0.13709757655378133,0.08694943574739655,0.0005961928489324197
35,0.3,1,FBCCA,0.025,0.0,0.2599450582670178,0.1857983290027354,6.535091418813366e-05
35,0.3,1,TDCA,0.275,128.29266158352334,0.32078898607219336,0.24447301131227972,0.019964915999705735
35,0.3,1,ImprovedTDCA,0.3,148.17112849061937,0.3700670931456267,0.247306290061596,0.005273841818463021
35,0.3,1,TriBranchTDCA,0.225,91.30970925122118,0.3590106514183825,0.2509107800289174,0.05920281230141944
35,0.3,2,CCA,0.1,19.21410086441142,0.17199335913702257,0.07480904903920116,0.004422683307441222
35,0.3,2,FBCCA,0.025,0.0,0.1898035613999343,0.17046183642175305,0.007459815218396226
35,0.3,2,TDCA,0.275,128.29266158352334,0.3114130038676651,0.23359381918386002,0.009074137626520873
35,0.3,2,ImprovedTDCA,0.275,128.29266158352334,0.3993658241652837,0.33235748210615046,0.015553624290129742
35,0.3,2,TriBranchTDCA,0.325,168.90909492483567,0.3514286662470835,0.2200884741939877,0.009441250958327263
35,0.3,3,CCA,0.025,0.0,0.16616170691341647,0.09776978777390666,0.00028219105918902976
35,0.3,3,FBCCA,0.05,2.8798059704541856,0.24572355942495122,0.209712289144372,0.00014515058071484788
35,0.3,3,TDCA,0.425,259.8227112836768,0.38497336018515743,0.34480968410403157,0.017574386598425473
35,0.3,3,ImprovedTDCA,0.375,212.8235410346985,0.4035718607972038,0.3211136954479483,0.010819325909387612
35,0.3,3,TriBranchTDCA,0.45,284.4364841050634,0.43681776847870635,0.31655088430687783,0.02923238744316725
35,0.3,4,CCA,0.1,19.21410086441142,0.10651838275919093,0.05618055530525856,0.0036520798690422573
35,0.3,4,FBCCA,0.025,0.0,0.26481576714764604,0.19304492249915417,0.0011166509585907036
35,0.3,4,TDCA,0.525,362.6332323769969,0.4988040627250211,0.4052117191065647,0.005250931090696742
35,0.3,4,ImprovedTDCA,0.425,259.8227112836768,0.4682019295883701,0.28953883168466255,0.011236801560863041
35,0.3,4,TriBranchTDCA,0.475,309.77921018837446,0.5866763371368615,0.4728082589984546,0.0014832618959319532
35,0.3,5,CCA,0.025,0.0,0.08123427960082212,0.04552967712686806,0.0015390898455727164
35,0.3,5,FBCCA,0.025,0.0,0.21098489929686778,0.13370434545837329,0.0017828461995392786
35,0.3,5,TDCA,0.35,190.46971945028199,0.33713348020287387,0.23884187521372824,0.017480754421541622
35,0.3,5,ImprovedTDCA,0.35,190.46971945028199,0.35384751930033775,0.2751919138467297,0.0003613735762248993
35,0.3,5,TriBranchTDCA,0.35,190.46971945028199,0.360126399663289,0.20546097863501323,0.002185829995688948
35,0.5,0,CCA,0.025,0.0,0.175427446301889,0.1360959971140896,0.0007430127900478478
35,0.5,0,FBCCA,0.05,1.7278835822725114,0.33469403431492906,0.27066014822086215,0.017123724835713006
35,0.5,0,TDCA,0.475,185.86752611302467,0.5038499824404742,0.4352557212111666,0.0070716601513636235
35,0.5,0,ImprovedTDCA,0.475,185.86752611302467,0.5006703561086947,0.36039265719827485,0.0016816225518434536
35,0.5,0,TriBranchTDCA,0.45,170.66189046303805,0.5149115590416404,0.3589515830267268,0.029286691981264434
35,0.5,1,CCA,0.025,0.0,0.17130188859219977,0.12206248421489485,0.014784223408738084
35,0.5,1,FBCCA,0.025,0.0,0.26891246678584935,0.15612645285077054,0.0006795934152261651
35,0.5,1,TDCA,0.45,170.66189046303805,0.3349671063275089,0.17686056315220533,0.005540581580173454
35,0.5,1,ImprovedTDCA,0.5,201.5072382547486,0.38784848453568427,0.18515551443537215,0.012479059155582783
35,0.5,1,TriBranchTDCA,0.475,185.86752611302467,0.5851729959647638,0.47368814817436644,0.03135066766929673
35,0.5,2,CCA,0.1,11.528460518646853,0.17983861056760375,0.09619068375707474,0.008141736391166221
35,0.5,2,FBCCA,0.075,5.834339797594232,0.28135353046631206,0.21052579561773133,0.018728571302831787
35,0.5,2,TDCA,0.725,362.3873167686754,0.5008563390191529,0.3919734923213112,0.016329721016930865
35,0.5,2,ImprovedTDCA,0.725,362.3873167686754,0.6110751381680204,0.5238989997178012,0.029631234438444398
35,0.5,2,TriBranchTDCA,0.7,342.60198359975936,0.5279135202648014,0.3281931731151474,0.04348758078371384
35,0.5,3,CCA,0.125,18.436405221995926,0.1544097133669537,0.10937594078153745,0.005629086788055071
35,0.5,3,FBCCA,0.05,1.7278835822725114,0.3295868372816543,0.2565075149232151,0.013740214204073675
35,0.5,3,TDCA,0.675,323.33235014711596,0.5525009899564061,0.46029435521833484,0.02785247394855883
35,0.5,3,ImprovedTDCA,0.7,342.60198359975936,0.5854985218434281,0.5310987358468432,0.004874701966338435
35,0.5,3,TriBranchTDCA,0.675,323.33235014711596,0.65691775757492,0.5478631543193246,0.003264589872618018
35,0.5,4,CCA,0.075,5.834339797594232,0.16590975115669276,0.11631544783997227,0.0028301466997093794
35,0.5,4,FBCCA,0.075,5.834339797594232,0.3378353386026779,0.2568723611473902,0.0008217399259646818
35,0.5,4,TDCA,0.575,251.0308667097265,0.5187805906279035,0.3693504770449876,0.007218966493338419
35,0.5,4,ImprovedTDCA,0.675,323.33235014711596,0.573802647464708,0.4159279609114499,0.001529370922352502
35,0.5,4,TriBranchTDCA,0.625,286.25619118668646,0.6838663370458031,0.5936454194669137,0.02734614479470654
35,0.5,5,CCA,0.075,5.834339797594232,0.184274312748041,0.10957621969453679,0.0031242554502994846
35,0.5,5,FBCCA,0.1,11.528460518646853,0.35042621067145935,0.2796149612956218,0.0035144135318696534
35,0.5,5,TDCA,0.45,170.66189046303805,0.5641069409067287,0.4461423051859471,0.019427470022507443
35,0.5,5,ImprovedTDCA,0.5,201.5072382547486,0.5728117737939119,0.5096350120876828,0.006559537103870916
35,0.5,5,TriBranchTDCA,0.425,155.89362677020608,0.6291513345911646,0.4596935540105894,0.013200613968307628
35,1.0,0,CCA,0.45,85.33094523151902,0.24934347219855643,0.18764788979816993,0.002606842100976614
35,1.0,0,FBCCA,0.55,117.04335854469258,0.5614106115322297,0.4378696061544185,0.006429533922404751
35,1.0,0,TDCA,0.975,301.26792647514816,1.2207105525297268,1.149057997152863,0.11111415008974612
35,1.0,0,ImprovedTDCA,0.925,272.47268306077183,1.9294482348938111,1.9963005968617402,0.2822346861511482
35,1.0,0,TriBranchTDCA,0.975,301.26792647514816,1.6872441602833668,1.755998682415287,0.17971759333149206
35,1.0,1,CCA,0.525,108.78996971309905,0.22382959423188442,0.16859188272758496,0.00405738794121735
35,1.0,1,FBCCA,0.5,100.7536191273743,0.5673047719864401,0.42524426944553007,0.05058119088443469
35,1.0,1,TDCA,0.975,301.26792647514816,1.2871497382561992,1.3160509685365922,0.04818450562598953
35,1.0,1,ImprovedTDCA,1.0,319.31568569044634,1.8584077054373147,1.8541404229932517,0.32205452413281455
35,1.0,1,TriBranchTDCA,1.0,319.31568569044634,1.8667268988948593,1.8619787602924123,0.09173157921557751
35,1.0,2,CCA,0.5,100.7536191273743,0.2913572402837362,0.216301133745604,0.0017045014091952027
35,1.0,2,FBCCA,0.6,134.2089967732677,0.5404067983342248,0.37194843547269063,0.027840743891152986
35,1.0,2,TDCA,0.975,301.26792647514816,1.2806718615377881,1.287512782026461,0.05079586501728617
35,1.0,2,ImprovedTDCA,1.0,319.31568569044634,2.0402816310549903,2.0224267321309717,0.3848093600703115
35,1.0,2,TriBranchTDCA,1.0,319.31568569044634,1.8463280101403736,1.7914236864642867,0.3617685011274774
35,1.0,3,CCA,0.5,100.7536191273743,0.19873951115003916,0.16475665671907957,0.018904691295126952
35,1.0,3,FBCCA,0.6,134.2089967732677,0.4589086618415016,0.3861287107047354,0.02480712662056961
35,1.0,3,TDCA,0.95,286.2756616096976,1.4360225489703315,1.4226059494364203,0.03799141252233573
35,1.0,3,ImprovedTDCA,0.925,272.47268306077183,2.026210129118956,2.2333623644271015,0.12443366369373443
35,1.0,3,TriBranchTDCA,0.975,301.26792647514816,1.914335068979209,1.9642530031524106,0.06153882739640837
35,1.0,4,CCA,0.45,85.33094523151902,0.2301499253833082,0.2121998024424312,0.008838877325100025
35,1.0,4,FBCCA,0.375,63.84706231040955,0.553543142349695,0.4504213720869332,0.00315456205637088
35,1.0,4,TDCA,0.95,286.2756616096976,1.4047253032857543,1.4654484514836479,0.03916496783075152
35,1.0,4,ImprovedTDCA,0.95,286.2756616096976,1.9719099796369282,2.128116517674979,0.06084438579824791
35,1.0,4,TriBranchTDCA,0.975,301.26792647514816,1.8568475304222898,2.105779693350524,0.06149090258602952
35,1.0,5,CCA,0.45,85.33094523151902,0.24265430413099773,0.18319940596108808,0.011948101681365841
35,1.0,5,FBCCA,0.475,92.93376305651233,0.4553355506045225,0.3974118643549869,0.012775689127376477
35,1.0,5,TDCA,0.925,272.47268306077183,1.2915539077010423,1.284826067790032,0.057563446245399774
35,1.0,5,ImprovedTDCA,0.95,286.2756616096976,1.9359311769899246,2.0009774220328853,0.1077230718664155
35,1.0,5,TriBranchTDCA,0.95,286.2756616096976,1.7940099231170556,1.9259068401707387,0.07842305453898346
35,2.0,0,CCA,0.925,136.23634153038591,0.8550596322057717,0.8190186756455182,0.08954902657568464
35,2.0,0,FBCCA,0.95,143.1378308048488,1.6539055854278235,1.6383018405138348,0.3726429934631379
35,2.0,0,TDCA,0.975,150.63396323757408,2.001925733025729,1.9327433790580564,0.48206236130878644
35,2.0,0,ImprovedTDCA,1.0,159.65784284522317,3.11454227124194,3.207439150405733,0.2824789325680088
35,2.0,0,TriBranchTDCA,0.975,150.63396323757408,2.8742859977533266,2.8972150101032867,0.1309486633382324
35,2.0,1,CCA,1.0,159.65784284522317,1.0635678756462028,1.0257841524258036,0.032088973271010346
35,2.0,1,FBCCA,0.975,150.63396323757408,1.9668189391246211,1.964095873584372,0.03138952637247838
35,2.0,1,TDCA,1.0,159.65784284522317,2.0849830070436672,2.1157086788409254,0.99971190101635
35,2.0,1,ImprovedTDCA,1.0,159.65784284522317,3.4712599758472438,3.553043626472654,1.7071186984006217
35,2.0,1,TriBranchTDCA,1.0,159.65784284522317,3.161535027720272,3.243328883522665,1.8793549042858215
35,2.0,2,CCA,1.0,159.65784284522317,1.0829674478916993,1.2194208497331926,0.1112635106382247
35,2.0,2,FBCCA,1.0,159.65784284522317,1.9180061313938666,1.9362864485608975,0.2477414261403892
35,2.0,2,TDCA,1.0,159.65784284522317,2.2760083045727457,2.2133359312464203,1.0932570690705996
35,2.0,2,ImprovedTDCA,1.0,159.65784284522317,3.690061050357592,3.820124868690166,1.454153699341033
35,2.0,2,TriBranchTDCA,1.0,159.65784284522317,3.3249118112135165,3.380400474460368,1.4474655226771969
35,2.0,3,CCA,0.925,136.23634153038591,0.9916798136505582,0.905012616489244,0.016452954484186044
35,2.0,3,FBCCA,0.95,143.1378308048488,1.9171577332956158,1.699417252108853,0.4507344613821844
35,2.0,3,TDCA,1.0,159.65784284522317,2.349518880048142,2.270853974659819,0.9052511268095174
35,2.0,3,ImprovedTDCA,1.0,159.65784284522317,3.4693677483563263,3.5821467267943645,0.53611981471319
35,2.0,3,TriBranchTDCA,1.0,159.65784284522317,3.2158126656056956,3.3792894270046707,0.6787221272619748
35,2.0,4,CCA,0.9,129.7317683823557,0.9123257379484734,0.9514644026457442,0.06263754519411324
35,2.0,4,FBCCA,0.925,136.23634153038591,1.7564842714732645,1.7122589673430735,0.07156002691925956
35,2.0,4,TDCA,1.0,159.65784284522317,2.112143757990464,2.1990297131379677,0.6728012085295132
35,2.0,4,ImprovedTDCA,0.975,150.63396323757408,3.3675733361412044,3.6198783602215614,0.4314206604865247
35,2.0,4,TriBranchTDCA,1.0,159.65784284522317,3.084874686344766,3.143228721933289,0.9527234782432465
35,2.0,5,CCA,0.925,136.23634153038591,1.0419107693673852,1.0135778909524988,0.04931888879185742
35,2.0,5,FBCCA,1.0,159.65784284522317,1.7575180216952462,1.9200317488857528,0.28476622408193375
35,2.0,5,TDCA,0.975,150.63396323757408,2.025858337592696,2.026027114947596,0.03712286982466839
35,2.0,5,ImprovedTDCA,1.0,159.65784284522317,3.3314698299084595,3.5016813212912603,0.9171020742338056
35,2.0,5,TriBranchTDCA,1.0,159.65784284522317,3.0920595588205857,3.18753224784629,0.39838918894462694
35,4.0,0,CCA,1.0,79.82892142261159,3.728905288616997,3.911211105609749,0.7118560245009267
35,4.0,0,FBCCA,1.0,79.82892142261159,4.394175434250866,4.615480798041242,1.384920738849119
35,4.0,0,TDCA,0.975,75.31698161878704,3.667902537330928,3.8616492861529776,0.8503952122784844
35,4.0,0,ImprovedTDCA,1.0,79.82892142261159,4.493102595606029,4.757113703127287,2.1106955235872817
35,4.0,0,TriBranchTDCA,1.0,79.82892142261159,4.274315249545941,4.557728095475172,0.8257953744944748
35,4.0,1,CCA,1.0,79.82892142261159,3.784869890842697,3.906839285276603,2.304309595673853
35,4.0,1,FBCCA,1.0,79.82892142261159,4.615213155159601,4.570949840558974,3.0120672525271184
35,4.0,1,TDCA,1.0,79.82892142261159,3.7133991402041717,3.7983614077409524,2.5052955539053094
35,4.0,1,ImprovedTDCA,1.0,79.82892142261159,4.615295179490596,4.668302121837971,3.449109427604559
35,4.0,1,TriBranchTDCA,1.0,79.82892142261159,4.332909160616913,4.450419924067223,3.3187567005613743
35,4.0,2,CCA,1.0,79.82892142261159,3.842601912285555,4.0333002269131075,1.5114631090603328
35,4.0,2,FBCCA,1.0,79.82892142261159,4.693000611745378,4.808616146858429,2.7157908332806815
35,4.0,2,TDCA,1.0,79.82892142261159,3.939163032688449,3.9120085086236154,2.6993569277363627
35,4.0,2,ImprovedTDCA,1.0,79.82892142261159,4.882447399230151,4.973503820568478,3.824911190605105
35,4.0,2,TriBranchTDCA,1.0,79.82892142261159,4.614508401394948,4.679254847121999,3.3054513370059935
35,4.0,3,CCA,1.0,79.82892142261159,3.841700716640813,4.052950847403055,1.905930526493104
35,4.0,3,FBCCA,1.0,79.82892142261159,4.547213694694854,4.7084871365693015,3.108502040409008
35,4.0,3,TDCA,1.0,79.82892142261159,3.9249120862551257,3.986268029318175,2.950826716580468
35,4.0,3,ImprovedTDCA,1.0,79.82892142261159,4.8030951969163045,4.755832840406839,3.664881192733867
35,4.0,3,TriBranchTDCA,1.0,79.82892142261159,4.583084406534999,4.507840219717828,3.734478596094097
35,4.0,4,CCA,1.0,79.82892142261159,3.827957094830718,4.033892323744799,1.687652037331576
35,4.0,4,FBCCA,1.0,79.82892142261159,4.643759979693355,4.8312328213136695,2.347142456869739
35,4.0,4,TDCA,1.0,79.82892142261159,3.8926539394778943,3.9156712538830645,2.855409017969096
35,4.0,4,ImprovedTDCA,1.0,79.82892142261159,4.7719917631812185,4.879202942387101,2.9354031414890116
35,4.0,4,TriBranchTDCA,1.0,79.82892142261159,4.554590253654442,4.636704316402351,3.0048577734305066
35,4.0,5,CCA,1.0,79.82892142261159,3.82503301359928,3.993563977614796,1.9554082858016644
35,4.0,5,FBCCA,1.0,79.82892142261159,4.651092776203026,4.758484078894543,2.8647560605595026
35,4.0,5,TDCA,1.0,79.82892142261159,3.813536270607048,3.880364152046239,2.6997582528681003
35,4.0,5,ImprovedTDCA,1.0,79.82892142261159,4.735501643835672,4.815008474951374,3.3283587721542736
35,4.0,5,TriBranchTDCA,1.0,79.82892142261159,4.493233076201745,4.514905267693296,3.5190785999663072
