subject,window_sec,block,method,true_label,pred_label,correct,margin
1,0.3,0,TDCA,0,0,1,0.07454085446275549
1,0.3,0,TDCA,1,1,1,0.21778527653875202
1,0.3,0,TDCA,2,2,1,1.2823623396733164
1,0.3,0,TDCA,3,3,1,0.646687898276082
1,0.3,0,TDCA,4,4,1,0.9884659974519763
1,0.3,0,TDCA,5,5,1,1.128526667143432
1,0.3,0,TDCA,6,6,1,0.6030635816063044
1,0.3,0,TDCA,7,1,0,0.31482133302673443
1,0.3,0,TDCA,8,8,1,0.9658037460771847
1,0.3,0,TDCA,9,9,1,0.7458886852295437
1,0.3,0,TDCA,10,10,1,1.6192658305461198
1,0.3,0,TDCA,11,11,1,0.7065101023407809
1,0.3,0,TDCA,12,12,1,1.0680022895899337
1,0.3,0,TDCA,13,13,1,1.5557271075967574
1,0.3,0,TDCA,14,29,0,0.509808412293314
1,0.3,0,TDCA,15,15,1,0.9935358297992192
1,0.3,0,TDCA,16,16,1,2.046552853005836
1,0.3,0,TDCA,17,17,1,0.7714732477132538
1,0.3,0,TDCA,18,18,1,1.625375913638878
1,0.3,0,TDCA,19,19,1,0.9186765404787631
1,0.3,0,TDCA,20,20,1,0.14015054046117337
1,0.3,0,TDCA,21,21,1,0.30073837340238097
1,0.3,0,TDCA,22,22,1,0.4230197362173411
1,0.3,0,TDCA,23,23,1,0.40130669357407234
1,0.3,0,TDCA,24,24,1,1.1567733242449296
1,0.3,0,TDCA,25,25,1,0.2799394286831438
1,0.3,0,TDCA,26,26,1,2.0978640881145165
1,0.3,0,TDCA,27,27,1,0.5216231760941576
1,0.3,0,TDCA,28,28,1,0.297106141024714
1,0.3,0,TDCA,29,29,1,0.15709342318768016
1,0.3,0,TDCA,30,30,1,0.5107265495700779
1,0.3,0,TDCA,31,31,1,0.49257895776761895
1,0.3,0,TDCA,32,32,1,0.37326914588449434
1,0.3,0,TDCA,33,33,1,0.17224326160037284
1,0.3,0,TDCA,34,19,0,0.9590025554122872
1,0.3,0,TDCA,35,37,0,0.3810630477888841
1,0.3,0,TDCA,36,36,1,0.9514574931692503
1,0.3,0,TDCA,37,37,1,0.3926410460614065
1,0.3,0,TDCA,38,38,1,0.4120220636144367
1,0.3,0,TDCA,39,10,0,0.3806306906046042
1,0.3,0,ImprovedTDCA,0,0,1,0.015048623904794667
1,0.3,0,ImprovedTDCA,1,1,1,0.23037569821935655
1,0.3,0,ImprovedTDCA,2,2,1,1.555318271788292
1,0.3,0,ImprovedTDCA,3,3,1,0.4170828182764672
1,0.3,0,ImprovedTDCA,4,4,1,1.1924023322364332
1,0.3,0,ImprovedTDCA,5,5,1,1.1979866290679289
1,0.3,0,ImprovedTDCA,6,6,1,0.8459496401848992
1,0.3,0,ImprovedTDCA,7,1,0,0.6127237048677157
1,0.3,0,ImprovedTDCA,8,8,1,1.345312289917965
1,0.3,0,ImprovedTDCA,9,9,1,1.0861262872148707
1,0.3,0,ImprovedTDCA,10,10,1,1.9375281224806078
1,0.3,0,ImprovedTDCA,11,11,1,1.5179441228511323
1,0.3,0,ImprovedTDCA,12,12,1,1.3468648644843388
1,0.3,0,ImprovedTDCA,13,13,1,1.0528527481776866
1,0.3,0,ImprovedTDCA,14,29,0,0.4637718695207078
1,0.3,0,ImprovedTDCA,15,15,1,1.2240496520853716
1,0.3,0,ImprovedTDCA,16,16,1,1.5691362646459825
1,0.3,0,ImprovedTDCA,17,17,1,0.6124368438243808
1,0.3,0,ImprovedTDCA,18,18,1,2.06870956631889
1,0.3,0,ImprovedTDCA,19,19,1,1.0706517968452738
1,0.3,0,ImprovedTDCA,20,20,1,0.0918869779254412
1,0.3,0,ImprovedTDCA,21,21,1,0.39898679782470614
1,0.3,0,ImprovedTDCA,22,22,1,0.358329028621714
1,0.3,0,ImprovedTDCA,23,23,1,0.5173162696548395
1,0.3,0,ImprovedTDCA,24,24,1,1.24770215976545
1,0.3,0,ImprovedTDCA,25,25,1,0.22295758933747356
1,0.3,0,ImprovedTDCA,26,26,1,2.331316365979371
1,0.3,0,ImprovedTDCA,27,27,1,0.8561067763078065
1,0.3,0,ImprovedTDCA,28,28,1,0.951674645259853
1,0.3,0,ImprovedTDCA,29,29,1,0.4802771544299964
1,0.3,0,ImprovedTDCA,30,30,1,0.9205000879104817
1,0.3,0,ImprovedTDCA,31,31,1,0.45858941165928035
1,0.3,0,ImprovedTDCA,32,32,1,0.8133532329683779
1,0.3,0,ImprovedTDCA,33,33,1,0.44740954765273244
1,0.3,0,ImprovedTDCA,34,19,0,1.1462416318360555
1,0.3,0,ImprovedTDCA,35,37,0,0.12301548273539553
1,0.3,0,ImprovedTDCA,36,36,1,1.2098536048525275
1,0.3,0,ImprovedTDCA,37,37,1,0.4544857892981251
1,0.3,0,ImprovedTDCA,38,38,1,0.5836690597328937
1,0.3,0,ImprovedTDCA,39,10,0,0.659265046524935
1,0.3,1,TDCA,0,0,1,0.571840080127912
1,0.3,1,TDCA,1,1,1,1.0889569784154538
1,0.3,1,TDCA,2,2,1,1.8721178498367501
1,0.3,1,TDCA,3,3,1,0.32861625231703995
1,0.3,1,TDCA,4,4,1,1.0468289355665499
1,0.3,1,TDCA,5,37,0,0.06618927689662923
1,0.3,1,TDCA,6,6,1,0.41980125118398726
1,0.3,1,TDCA,7,7,1,0.8970868698431811
1,0.3,1,TDCA,8,8,1,0.9710313759113411
1,0.3,1,TDCA,9,9,1,0.7843806528733623
1,0.3,1,TDCA,10,27,0,0.13518904559196776
1,0.3,1,TDCA,11,13,0,0.20999796794365322
1,0.3,1,TDCA,12,12,1,1.3087266555375008
1,0.3,1,TDCA,13,15,0,0.2595328181540184
1,0.3,1,TDCA,14,14,1,1.1670201110773955
1,0.3,1,TDCA,15,15,1,1.5825492941086465
1,0.3,1,TDCA,16,16,1,0.8783391260255762
1,0.3,1,TDCA,17,17,1,1.8461265858982356
1,0.3,1,TDCA,18,18,1,0.8279182227447586
1,0.3,1,TDCA,19,19,1,0.7668067878201095
1,0.3,1,TDCA,20,20,1,0.2618896091202889
1,0.3,1,TDCA,21,21,1,0.7211713986996193
1,0.3,1,TDCA,22,22,1,0.604916132051655
1,0.3,1,TDCA,23,23,1,0.3400801016924757
1,0.3,1,TDCA,24,25,0,0.0313188648964382
1,0.3,1,TDCA,25,25,1,0.9432481721824
1,0.3,1,TDCA,26,26,1,1.4339001387758055
1,0.3,1,TDCA,27,27,1,0.2915015638501153
1,0.3,1,TDCA,28,28,1,0.7542704939695082
1,0.3,1,TDCA,29,14,0,0.48675601638165644
1,0.3,1,TDCA,30,30,1,0.9424013475533748
1,0.3,1,TDCA,31,31,1,1.0754455492002781
1,0.3,1,TDCA,32,32,1,1.573588883596046
1,0.3,1,TDCA,33,33,1,0.1358010838455299
1,0.3,1,TDCA,34,17,0,0.3988792542026014
1,0.3,1,TDCA,35,15,0,0.7406461514647447
1,0.3,1,TDCA,36,36,1,0.3921008178104195
1,0.3,1,TDCA,37,37,1,0.7797676351843683
1,0.3,1,TDCA,38,38,1,0.7748295874431022
1,0.3,1,TDCA,39,39,1,0.23298194416828166
1,0.3,1,ImprovedTDCA,0,0,1,0.9032472411608548
1,0.3,1,ImprovedTDCA,1,1,1,1.635517309442431
1,0.3,1,ImprovedTDCA,2,2,1,2.007250886082983
1,0.3,1,ImprovedTDCA,3,3,1,0.6195132520703619
1,0.3,1,ImprovedTDCA,4,4,1,0.8422979863416973
1,0.3,1,ImprovedTDCA,5,5,1,0.279233473738177
1,0.3,1,ImprovedTDCA,6,6,1,0.16152284559163643
1,0.3,1,ImprovedTDCA,7,7,1,1.573230391868474
1,0.3,1,ImprovedTDCA,8,8,1,1.7487733142506376
1,0.3,1,ImprovedTDCA,9,9,1,1.1351499363920423
1,0.3,1,ImprovedTDCA,10,27,0,0.5534417456299168
1,0.3,1,ImprovedTDCA,11,13,0,0.08646611911523205
1,0.3,1,ImprovedTDCA,12,12,1,1.271904350185018
1,0.3,1,ImprovedTDCA,13,13,1,0.5074949836700844
1,0.3,1,ImprovedTDCA,14,14,1,1.074049975044921
1,0.3,1,ImprovedTDCA,15,15,1,1.4700602753046235
1,0.3,1,ImprovedTDCA,16,16,1,1.4340551380269577
1,0.3,1,ImprovedTDCA,17,17,1,2.0702924942810315
1,0.3,1,ImprovedTDCA,18,18,1,1.155148609062302
1,0.3,1,ImprovedTDCA,19,19,1,0.9063327746170833
1,0.3,1,ImprovedTDCA,20,20,1,0.26166450245422745
1,0.3,1,ImprovedTDCA,21,21,1,0.8332630317549272
1,0.3,1,ImprovedTDCA,22,22,1,0.8401983231487318
1,0.3,1,ImprovedTDCA,23,23,1,0.7065987831117511
1,0.3,1,ImprovedTDCA,24,24,1,0.16570971027355474
1,0.3,1,ImprovedTDCA,25,25,1,1.4001108776376916
1,0.3,1,ImprovedTDCA,26,26,1,1.8289855808657864
1,0.3,1,ImprovedTDCA,27,27,1,0.6525196590358813
1,0.3,1,ImprovedTDCA,28,28,1,0.8366815862095793
1,0.3,1,ImprovedTDCA,29,14,0,0.2582027519769823
1,0.3,1,ImprovedTDCA,30,30,1,1.2697349170255787
1,0.3,1,ImprovedTDCA,31,31,1,1.557589388629745
1,0.3,1,ImprovedTDCA,32,32,1,1.6978321435741743
1,0.3,1,ImprovedTDCA,33,33,1,0.24940139329803124
1,0.3,1,ImprovedTDCA,34,17,0,0.031229736612199854
1,0.3,1,ImprovedTDCA,35,15,0,0.7221003872132519
1,0.3,1,ImprovedTDCA,36,36,1,0.49750397782665257
1,0.3,1,ImprovedTDCA,37,37,1,1.1387650842232286
1,0.3,1,ImprovedTDCA,38,38,1,0.6124318365182257
1,0.3,1,ImprovedTDCA,39,39,1,0.4792582986481895
1,0.3,2,TDCA,0,0,1,0.38296991277995374
1,0.3,2,TDCA,1,1,1,0.566931690284787
1,0.3,2,TDCA,2,2,1,1.234122580047642
1,0.3,2,TDCA,3,3,1,1.9213811615620606
1,0.3,2,TDCA,4,7,0,0.10064691313662344
1,0.3,2,TDCA,5,5,1,0.699956216475222
1,0.3,2,TDCA,6,6,1,1.3096210065387397
1,0.3,2,TDCA,7,39,0,0.002531040470986401
1,0.3,2,TDCA,8,8,1,1.309147751607513
1,0.3,2,TDCA,9,9,1,0.6346688899220454
1,0.3,2,TDCA,10,10,1,0.6656489795336482
1,0.3,2,TDCA,11,11,1,0.8512095525199117
1,0.3,2,TDCA,12,8,0,0.2518504530873944
1,0.3,2,TDCA,13,13,1,0.5608226125809315
1,0.3,2,TDCA,14,14,1,0.8820777180955233
1,0.3,2,TDCA,15,15,1,1.7228713058670582
1,0.3,2,TDCA,16,16,1,0.7448755798216222
1,0.3,2,TDCA,17,17,1,0.6737464966075399
1,0.3,2,TDCA,18,18,1,1.8122626439288287
1,0.3,2,TDCA,19,19,1,0.9454027675744379
1,0.3,2,TDCA,20,20,1,0.029795579388960824
1,0.3,2,TDCA,21,21,1,1.0040557174767268
1,0.3,2,TDCA,22,22,1,0.48859724190952325
1,0.3,2,TDCA,23,23,1,0.08170308567063689
1,0.3,2,TDCA,24,24,1,1.0178997799806375
1,0.3,2,TDCA,25,25,1,1.669073686053906
1,0.3,2,TDCA,26,26,1,0.9701299267013161
1,0.3,2,TDCA,27,27,1,0.5972415788054213
1,0.3,2,TDCA,28,28,1,0.705648104482385
1,0.3,2,TDCA,29,14,0,0.21084699431852671
1,0.3,2,TDCA,30,28,0,0.12657009323977997
1,0.3,2,TDCA,31,31,1,0.11629853500777676
1,0.3,2,TDCA,32,32,1,0.9451597669933036
1,0.3,2,TDCA,33,33,1,0.8770316708395534
1,0.3,2,TDCA,34,34,1,0.8619151544885393
1,0.3,2,TDCA,35,35,1,0.013151696035398786
1,0.3,2,TDCA,36,36,1,1.0596043490763243
1,0.3,2,TDCA,37,37,1,0.09969986389280683
1,0.3,2,TDCA,38,38,1,0.6481318955352875
1,0.3,2,TDCA,39,39,1,0.25812162740548983
1,0.3,2,ImprovedTDCA,0,0,1,0.7884091582681096
1,0.3,2,ImprovedTDCA,1,1,1,0.5537461446252037
1,0.3,2,ImprovedTDCA,2,2,1,1.0716308675019608
1,0.3,2,ImprovedTDCA,3,3,1,2.2962777086729123
1,0.3,2,ImprovedTDCA,4,4,1,0.46554493906349137
1,0.3,2,ImprovedTDCA,5,5,1,0.5650750480273476
1,0.3,2,ImprovedTDCA,6,6,1,1.3054176886170266
1,0.3,2,ImprovedTDCA,7,7,1,0.29153765680390453
1,0.3,2,ImprovedTDCA,8,8,1,1.5520295360295513
1,0.3,2,ImprovedTDCA,9,9,1,1.0236147350026126
1,0.3,2,ImprovedTDCA,10,10,1,1.0134730887777381
1,0.3,2,ImprovedTDCA,11,11,1,1.1894669832189677
1,0.3,2,ImprovedTDCA,12,8,0,0.3476821442497795
1,0.3,2,ImprovedTDCA,13,13,1,0.5774354449986605
1,0.3,2,ImprovedTDCA,14,14,1,1.2261839022377679
1,0.3,2,ImprovedTDCA,15,15,1,1.9059560766735122
1,0.3,2,ImprovedTDCA,16,16,1,0.765430804067244
1,0.3,2,ImprovedTDCA,17,17,1,0.832093539565536
1,0.3,2,ImprovedTDCA,18,18,1,1.8033667554238775
1,0.3,2,ImprovedTDCA,19,19,1,1.5931387016644654
1,0.3,2,ImprovedTDCA,20,20,1,0.101064237167666
1,0.3,2,ImprovedTDCA,21,21,1,0.7714487050865988
1,0.3,2,ImprovedTDCA,22,22,1,0.7458420819577405
1,0.3,2,ImprovedTDCA,23,23,1,0.01744020687532366
1,0.3,2,ImprovedTDCA,24,24,1,1.388138804773443
1,0.3,2,ImprovedTDCA,25,25,1,2.1611582991447182
1,0.3,2,ImprovedTDCA,26,26,1,1.5785140702805847
1,0.3,2,ImprovedTDCA,27,27,1,1.1073779711862874
1,0.3,2,ImprovedTDCA,28,28,1,1.1655713056325494
1,0.3,2,ImprovedTDCA,29,29,1,0.2194434869475106
1,0.3,2,ImprovedTDCA,30,30,1,0.2192928366636897
1,0.3,2,ImprovedTDCA,31,31,1,0.3222354886988317
1,0.3,2,ImprovedTDCA,32,32,1,1.2253642072609718
1,0.3,2,ImprovedTDCA,33,33,1,0.6971453059532966
1,0.3,2,ImprovedTDCA,34,34,1,0.7536960381351683
1,0.3,2,ImprovedTDCA,35,35,1,0.3768039121237825
1,0.3,2,ImprovedTDCA,36,36,1,1.2292960307663459
1,0.3,2,ImprovedTDCA,37,12,0,0.03148203248702286
1,0.3,2,ImprovedTDCA,38,38,1,1.0262726729466938
1,0.3,2,ImprovedTDCA,39,39,1,0.4189705647516435
1,0.3,3,TDCA,0,0,1,0.0027184101107380343
1,0.3,3,TDCA,1,22,0,0.011321768631184836
1,0.3,3,TDCA,2,39,0,0.029802669310486696
1,0.3,3,TDCA,3,3,1,0.25670341710987143
1,0.3,3,TDCA,4,4,1,1.5414119080258373
1,0.3,3,TDCA,5,5,1,0.302388429189302
1,0.3,3,TDCA,6,6,1,0.500523456306623
1,0.3,3,TDCA,7,7,1,0.24440677621915063
1,0.3,3,TDCA,8,8,1,1.0229657455112315
1,0.3,3,TDCA,9,11,0,0.011835906097310112
1,0.3,3,TDCA,10,10,1,1.3852222109825374
1,0.3,3,TDCA,11,11,1,1.5138628058365666
1,0.3,3,TDCA,12,12,1,1.1182987675205363
1,0.3,3,TDCA,13,13,1,0.4918612747121145
1,0.3,3,TDCA,14,14,1,0.384973370122371
1,0.3,3,TDCA,15,15,1,1.4826749552152836
1,0.3,3,TDCA,16,16,1,0.8225589950120846
1,0.3,3,TDCA,17,17,1,1.0655206253365441
1,0.3,3,TDCA,18,18,1,0.8370334144240976
1,0.3,3,TDCA,19,21,0,0.17284154004077568
1,0.3,3,TDCA,20,27,0,0.10426483122499652
1,0.3,3,TDCA,21,21,1,0.2285385956888244
1,0.3,3,TDCA,22,22,1,0.06001560143353668
1,0.3,3,TDCA,23,23,1,1.0010212417196005
1,0.3,3,TDCA,24,24,1,1.4305340220063267
1,0.3,3,TDCA,25,25,1,0.25440540467845274
1,0.3,3,TDCA,26,26,1,0.792826619725254
1,0.3,3,TDCA,27,27,1,0.7430055975537257
1,0.3,3,TDCA,28,28,1,1.8226918122471487
1,0.3,3,TDCA,29,14,0,0.8142424406438753
1,0.3,3,TDCA,30,30,1,0.8970219394424788
1,0.3,3,TDCA,31,31,1,1.1303683253233898
1,0.3,3,TDCA,32,32,1,0.7200549122655289
1,0.3,3,TDCA,33,33,1,0.4332167846321513
1,0.3,3,TDCA,34,39,0,0.045607386629033186
1,0.3,3,TDCA,35,35,1,0.009646933347274622
1,0.3,3,TDCA,36,31,0,0.06595661054689606
1,0.3,3,TDCA,37,37,1,0.5605934035531233
1,0.3,3,TDCA,38,38,1,0.5278988889366665
1,0.3,3,TDCA,39,39,1,0.5727887663801594
1,0.3,3,ImprovedTDCA,0,0,1,0.643165382466206
1,0.3,3,ImprovedTDCA,1,7,0,0.27062362419162644
1,0.3,3,ImprovedTDCA,2,39,0,0.06997812541873927
1,0.3,3,ImprovedTDCA,3,3,1,0.11169365100872763
1,0.3,3,ImprovedTDCA,4,4,1,1.0968411625088559
1,0.3,3,ImprovedTDCA,5,5,1,0.5472783770108123
1,0.3,3,ImprovedTDCA,6,6,1,0.6133328435762688
1,0.3,3,ImprovedTDCA,7,7,1,0.6892421720528172
1,0.3,3,ImprovedTDCA,8,8,1,0.9298136851381429
1,0.3,3,ImprovedTDCA,9,24,0,0.40493335110254813
1,0.3,3,ImprovedTDCA,10,10,1,1.7642446551254207
1,0.3,3,ImprovedTDCA,11,11,1,1.4244638800902822
1,0.3,3,ImprovedTDCA,12,12,1,1.0624058707273227
1,0.3,3,ImprovedTDCA,13,13,1,0.46928930250450374
1,0.3,3,ImprovedTDCA,14,14,1,0.48888595960917813
1,0.3,3,ImprovedTDCA,15,15,1,1.8452736171185233
1,0.3,3,ImprovedTDCA,16,16,1,1.0932714414335156
1,0.3,3,ImprovedTDCA,17,17,1,1.0986887404034387
1,0.3,3,ImprovedTDCA,18,18,1,1.1367161182780914
1,0.3,3,ImprovedTDCA,19,19,1,0.6327172733664705
1,0.3,3,ImprovedTDCA,20,27,0,0.09723591358254957
1,0.3,3,ImprovedTDCA,21,21,1,0.5977614149312735
1,0.3,3,ImprovedTDCA,22,22,1,0.2742260997756243
1,0.3,3,ImprovedTDCA,23,23,1,1.0793953216706709
1,0.3,3,ImprovedTDCA,24,24,1,1.2718473494425546
1,0.3,3,ImprovedTDCA,25,25,1,0.1171792324599168
1,0.3,3,ImprovedTDCA,26,26,1,1.2342244692162883
1,0.3,3,ImprovedTDCA,27,27,1,0.6752037232345565
1,0.3,3,ImprovedTDCA,28,28,1,2.3419177032981526
1,0.3,3,ImprovedTDCA,29,14,0,1.1964043355558651
1,0.3,3,ImprovedTDCA,30,30,1,1.432017639239676
1,0.3,3,ImprovedTDCA,31,31,1,1.2664227095224703
1,0.3,3,ImprovedTDCA,32,32,1,1.1779711214279478
1,0.3,3,ImprovedTDCA,33,33,1,0.748849994629182
1,0.3,3,ImprovedTDCA,34,16,0,0.06490735630498934
1,0.3,3,ImprovedTDCA,35,35,1,0.12786708424631632
1,0.3,3,ImprovedTDCA,36,1,0,0.014496301027383085
1,0.3,3,ImprovedTDCA,37,37,1,1.0926700737501673
1,0.3,3,ImprovedTDCA,38,13,0,0.404965628573448
1,0.3,3,ImprovedTDCA,39,39,1,0.750616185396155
1,0.3,4,TDCA,0,0,1,0.5093841056702069
1,0.3,4,TDCA,1,31,0,0.03403672718598383
1,0.3,4,TDCA,2,2,1,1.602595594683555
1,0.3,4,TDCA,3,3,1,1.1942782995065486
1,0.3,4,TDCA,4,4,1,0.465742295629459
1,0.3,4,TDCA,5,5,1,0.18035337432674492
1,0.3,4,TDCA,6,6,1,1.3931415192494334
1,0.3,4,TDCA,7,7,1,0.6006664675623683
1,0.3,4,TDCA,8,8,1,1.0991959599618186
1,0.3,4,TDCA,9,9,1,0.3377176023910802
1,0.3,4,TDCA,10,10,1,1.5634498281649538
1,0.3,4,TDCA,11,11,1,0.3121814215979617
1,0.3,4,TDCA,12,12,1,0.06389694996090922
1,0.3,4,TDCA,13,13,1,1.3136282533214299
1,0.3,4,TDCA,14,14,1,1.0013367802137405
1,0.3,4,TDCA,15,15,1,1.0962212081297638
1,0.3,4,TDCA,16,16,1,1.4514314514601403
1,0.3,4,TDCA,17,17,1,0.5069086645105707
1,0.3,4,TDCA,18,18,1,1.7805987787722652
1,0.3,4,TDCA,19,19,1,0.8643077133435673
1,0.3,4,TDCA,20,20,1,0.6837957474441034
1,0.3,4,TDCA,21,21,1,0.8135365739701794
1,0.3,4,TDCA,22,24,0,0.18405247779955625
1,0.3,4,TDCA,23,23,1,0.26446169521930596
1,0.3,4,TDCA,24,24,1,0.5504760754558764
1,0.3,4,TDCA,25,25,1,1.4915665888232732
1,0.3,4,TDCA,26,26,1,1.4084815426320327
1,0.3,4,TDCA,27,20,0,0.10205418433123192
1,0.3,4,TDCA,28,28,1,1.0014047656347191
1,0.3,4,TDCA,29,29,1,0.5002268164242798
1,0.3,4,TDCA,30,4,0,0.8283517657669064
1,0.3,4,TDCA,31,31,1,0.44292930664074537
1,0.3,4,TDCA,32,32,1,0.6812394627943648
1,0.3,4,TDCA,33,33,1,0.4999111149263309
1,0.3,4,TDCA,34,34,1,0.1045057728768839
1,0.3,4,TDCA,35,20,0,0.3451011329226956
1,0.3,4,TDCA,36,36,1,0.1400522969330651
1,0.3,4,TDCA,37,37,1,0.5374122003988338
1,0.3,4,TDCA,38,38,1,1.1800258756191
1,0.3,4,TDCA,39,39,1,0.12446620052515267
1,0.3,4,ImprovedTDCA,0,0,1,0.07596547593736425
1,0.3,4,ImprovedTDCA,1,14,0,0.06489440793104206
1,0.3,4,ImprovedTDCA,2,2,1,1.6734766518965654
1,0.3,4,ImprovedTDCA,3,3,1,1.5115099552277498
1,0.3,4,ImprovedTDCA,4,4,1,0.8872824695454076
1,0.3,4,ImprovedTDCA,5,5,1,0.24954482067165862
1,0.3,4,ImprovedTDCA,6,6,1,1.7947444951171732
1,0.3,4,ImprovedTDCA,7,7,1,0.5795483973477487
1,0.3,4,ImprovedTDCA,8,8,1,1.0142580459278134
1,0.3,4,ImprovedTDCA,9,9,1,0.42388436629050874
1,0.3,4,ImprovedTDCA,10,10,1,1.9536788599010344
1,0.3,4,ImprovedTDCA,11,11,1,1.0275784063875129
1,0.3,4,ImprovedTDCA,12,12,1,0.43513683537462855
1,0.3,4,ImprovedTDCA,13,13,1,2.1368197975171928
1,0.3,4,ImprovedTDCA,14,14,1,0.9572849614453935
1,0.3,4,ImprovedTDCA,15,15,1,1.5670236629528211
1,0.3,4,ImprovedTDCA,16,16,1,1.5373544488808706
1,0.3,4,ImprovedTDCA,17,17,1,0.6474764694158419
1,0.3,4,ImprovedTDCA,18,18,1,2.545262005327328
1,0.3,4,ImprovedTDCA,19,19,1,0.7534035438738085
1,0.3,4,ImprovedTDCA,20,20,1,1.2144224793430742
1,0.3,4,ImprovedTDCA,21,21,1,0.5943381630774549
1,0.3,4,ImprovedTDCA,22,24,0,0.032595244691513425
1,0.3,4,ImprovedTDCA,23,23,1,0.23797277745883205
1,0.3,4,ImprovedTDCA,24,24,1,0.4388672645711722
1,0.3,4,ImprovedTDCA,25,25,1,1.4721641666044667
1,0.3,4,ImprovedTDCA,26,26,1,1.994291284660849
1,0.3,4,ImprovedTDCA,27,20,0,0.3557648638759079
1,0.3,4,ImprovedTDCA,28,28,1,1.2712473751105922
1,0.3,4,ImprovedTDCA,29,29,1,0.5524316799276339
1,0.3,4,ImprovedTDCA,30,4,0,0.4764097243560399
1,0.3,4,ImprovedTDCA,31,31,1,0.24204213313735456
1,0.3,4,ImprovedTDCA,32,32,1,0.3270428062039519
1,0.3,4,ImprovedTDCA,33,33,1,0.7364525183159678
1,0.3,4,ImprovedTDCA,34,9,0,0.11999241086736179
1,0.3,4,ImprovedTDCA,35,20,0,0.04898022546900993
1,0.3,4,ImprovedTDCA,36,21,0,0.09700938972009565
1,0.3,4,ImprovedTDCA,37,37,1,0.5120263603621511
1,0.3,4,ImprovedTDCA,38,38,1,1.316142883715729
1,0.3,4,ImprovedTDCA,39,2,0,0.23182933844678733
1,0.3,5,TDCA,0,0,1,2.070309585761792
1,0.3,5,TDCA,1,1,1,0.9742602733393444
1,0.3,5,TDCA,2,2,1,1.5452819165585623
1,0.3,5,TDCA,3,3,1,0.11614760845903405
1,0.3,5,TDCA,4,4,1,1.4471045835231395
1,0.3,5,TDCA,5,5,1,0.9100977886398871
1,0.3,5,TDCA,6,6,1,0.80557028148794
1,0.3,5,TDCA,7,7,1,0.11607966261514857
1,0.3,5,TDCA,8,8,1,1.0159413365451924
1,0.3,5,TDCA,9,9,1,1.3308566855495356
1,0.3,5,TDCA,10,10,1,1.1017816436853403
1,0.3,5,TDCA,11,11,1,1.0612603352367136
1,0.3,5,TDCA,12,12,1,0.3762829920022335
1,0.3,5,TDCA,13,13,1,0.31670065295527694
1,0.3,5,TDCA,14,14,1,0.6801968703387913
1,0.3,5,TDCA,15,15,1,0.16925833901719578
1,0.3,5,TDCA,16,16,1,1.0557918084379245
1,0.3,5,TDCA,17,17,1,1.056753557404736
1,0.3,5,TDCA,18,18,1,1.1665531043262958
1,0.3,5,TDCA,19,31,0,0.18757532246821507
1,0.3,5,TDCA,20,35,0,0.23971324790207182
1,0.3,5,TDCA,21,21,1,0.747091347509576
1,0.3,5,TDCA,22,22,1,0.13041344155635115
1,0.3,5,TDCA,23,23,1,0.5939200845930546
1,0.3,5,TDCA,24,24,1,0.3976533658847887
1,0.3,5,TDCA,25,25,1,2.073695220465715
1,0.3,5,TDCA,26,22,0,0.4574187073751732
1,0.3,5,TDCA,27,27,1,0.46428207645241315
1,0.3,5,TDCA,28,28,1,1.2355422591284908
1,0.3,5,TDCA,29,33,0,0.22019153613161357
1,0.3,5,TDCA,30,30,1,1.0412301333498293
1,0.3,5,TDCA,31,31,1,0.48593416492902675
1,0.3,5,TDCA,32,32,1,1.2090010815572239
1,0.3,5,TDCA,33,33,1,1.0289290154252126
1,0.3,5,TDCA,34,34,1,0.3661189634925166
1,0.3,5,TDCA,35,35,1,0.07961981478303892
1,0.3,5,TDCA,36,36,1,0.5873778549924478
1,0.3,5,TDCA,37,37,1,0.2230808062105174
1,0.3,5,TDCA,38,23,0,0.7201434567292488
1,0.3,5,TDCA,39,39,1,0.24096367564235832
1,0.3,5,ImprovedTDCA,0,0,1,2.0512328399578657
1,0.3,5,ImprovedTDCA,1,1,1,1.1589762616398258
1,0.3,5,ImprovedTDCA,2,2,1,1.4703036582288675
1,0.3,5,ImprovedTDCA,3,3,1,0.3582284834509224
1,0.3,5,ImprovedTDCA,4,4,1,1.9880979183326104
1,0.3,5,ImprovedTDCA,5,5,1,0.4652809360935102
1,0.3,5,ImprovedTDCA,6,6,1,1.2474296155831683
1,0.3,5,ImprovedTDCA,7,7,1,0.5436159611743285
1,0.3,5,ImprovedTDCA,8,8,1,0.9229275787934108
1,0.3,5,ImprovedTDCA,9,9,1,1.3120132571787881
1,0.3,5,ImprovedTDCA,10,10,1,0.9202915749999168
1,0.3,5,ImprovedTDCA,11,11,1,1.2228731712365608
1,0.3,5,ImprovedTDCA,12,12,1,0.5032120825091639
1,0.3,5,ImprovedTDCA,13,13,1,0.9602475399898258
1,0.3,5,ImprovedTDCA,14,14,1,1.0693636418635142
1,0.3,5,ImprovedTDCA,15,15,1,0.35823303427305
1,0.3,5,ImprovedTDCA,16,16,1,0.9144165942177864
1,0.3,5,ImprovedTDCA,17,17,1,1.4204333871310464
1,0.3,5,ImprovedTDCA,18,18,1,1.6193161854283529
1,0.3,5,ImprovedTDCA,19,31,0,0.6016673967731612
1,0.3,5,ImprovedTDCA,20,35,0,0.250003758616558
1,0.3,5,ImprovedTDCA,21,21,1,0.7396887564127068
1,0.3,5,ImprovedTDCA,22,22,1,0.1450624851542348
1,0.3,5,ImprovedTDCA,23,23,1,0.3621341141159191
1,0.3,5,ImprovedTDCA,24,24,1,0.5772864687369248
1,0.3,5,ImprovedTDCA,25,25,1,1.916630510205239
1,0.3,5,ImprovedTDCA,26,26,1,0.12294950525429194
1,0.3,5,ImprovedTDCA,27,27,1,0.29816115144505884
1,0.3,5,ImprovedTDCA,28,28,1,1.4060808799190634
1,0.3,5,ImprovedTDCA,29,33,0,0.150368953926463
1,0.3,5,ImprovedTDCA,30,30,1,1.202065280998159
1,0.3,5,ImprovedTDCA,31,31,1,0.37409167522348374
1,0.3,5,ImprovedTDCA,32,32,1,1.158056270610572
1,0.3,5,ImprovedTDCA,33,33,1,1.2386890725461437
1,0.3,5,ImprovedTDCA,34,34,1,0.26953631945971357
1,0.3,5,ImprovedTDCA,35,35,1,0.21818770576735957
1,0.3,5,ImprovedTDCA,36,36,1,0.5185611666490515
1,0.3,5,ImprovedTDCA,37,37,1,0.41833815787346285
1,0.3,5,ImprovedTDCA,38,23,0,0.7036301609172015
1,0.3,5,ImprovedTDCA,39,39,1,0.7054636130642307
1,0.4,0,TDCA,0,0,1,0.06945225277207889
1,0.4,0,TDCA,1,1,1,0.45717430860903807
1,0.4,0,TDCA,2,2,1,1.5156000565190049
1,0.4,0,TDCA,3,3,1,0.8199619276449432
1,0.4,0,TDCA,4,4,1,1.2547299253754278
1,0.4,0,TDCA,5,5,1,0.9369608980360926
1,0.4,0,TDCA,6,6,1,0.9279918638174771
1,0.4,0,TDCA,7,33,0,0.12206773242194524
1,0.4,0,TDCA,8,8,1,2.700280431690222
1,0.4,0,TDCA,9,9,1,1.4971832518884338
1,0.4,0,TDCA,10,10,1,1.5485883889023224
1,0.4,0,TDCA,11,11,1,1.6191544354421854
1,0.4,0,TDCA,12,12,1,1.145456904270696
1,0.4,0,TDCA,13,13,1,1.9265925878952055
1,0.4,0,TDCA,14,29,0,0.04029910812249904
1,0.4,0,TDCA,15,15,1,0.5247536442652394
1,0.4,0,TDCA,16,16,1,0.953974299326021
1,0.4,0,TDCA,17,17,1,0.7436264973107831
1,0.4,0,TDCA,18,18,1,1.7758160227917403
1,0.4,0,TDCA,19,19,1,1.5381785076258614
1,0.4,0,TDCA,20,20,1,0.6637874134347728
1,0.4,0,TDCA,21,21,1,0.5154160108105543
1,0.4,0,TDCA,22,22,1,0.4195161342083038
1,0.4,0,TDCA,23,23,1,0.023965305394461733
1,0.4,0,TDCA,24,24,1,1.6450525265293698
1,0.4,0,TDCA,25,25,1,0.1215459264614962
1,0.4,0,TDCA,26,26,1,1.900909643761238
1,0.4,0,TDCA,27,27,1,0.9255634451686883
1,0.4,0,TDCA,28,28,1,1.4366315492072306
1,0.4,0,TDCA,29,29,1,0.1003561295469082
1,0.4,0,TDCA,30,30,1,0.8712290254011008
1,0.4,0,TDCA,31,31,1,1.2750343422788468
1,0.4,0,TDCA,32,32,1,0.8248746551105888
1,0.4,0,TDCA,33,33,1,0.3586641993060673
1,0.4,0,TDCA,34,19,0,0.9817713439590436
1,0.4,0,TDCA,35,3,0,0.3358357537512142
1,0.4,0,TDCA,36,36,1,0.6902451006356563
1,0.4,0,TDCA,37,37,1,0.8091471546244093
1,0.4,0,TDCA,38,38,1,0.60035194099253
1,0.4,0,TDCA,39,10,0,0.6496371675493426
1,0.4,0,ImprovedTDCA,0,39,0,0.10391240596522033
1,0.4,0,ImprovedTDCA,1,1,1,0.5874622065164221
1,0.4,0,ImprovedTDCA,2,2,1,1.82062362387233
1,0.4,0,ImprovedTDCA,3,3,1,1.1531030827599962
1,0.4,0,ImprovedTDCA,4,4,1,1.6150093642029555
1,0.4,0,ImprovedTDCA,5,5,1,1.1919340055219567
1,0.4,0,ImprovedTDCA,6,6,1,1.347004461374984
1,0.4,0,ImprovedTDCA,7,1,0,0.4027850969583755
1,0.4,0,ImprovedTDCA,8,8,1,2.9925065923996885
1,0.4,0,ImprovedTDCA,9,9,1,2.0525279613117124
1,0.4,0,ImprovedTDCA,10,10,1,2.1977547169333636
1,0.4,0,ImprovedTDCA,11,11,1,2.3918586756714464
1,0.4,0,ImprovedTDCA,12,12,1,1.3690095026455962
1,0.4,0,ImprovedTDCA,13,13,1,1.713470669741422
1,0.4,0,ImprovedTDCA,14,14,1,0.08671785062514381
1,0.4,0,ImprovedTDCA,15,15,1,0.9968462878150226
1,0.4,0,ImprovedTDCA,16,16,1,1.1825487759993094
1,0.4,0,ImprovedTDCA,17,17,1,0.5944553811819637
1,0.4,0,ImprovedTDCA,18,18,1,2.131993059877834
1,0.4,0,ImprovedTDCA,19,19,1,1.556972818967381
1,0.4,0,ImprovedTDCA,20,20,1,0.36157570024180075
1,0.4,0,ImprovedTDCA,21,21,1,0.976559558414726
1,0.4,0,ImprovedTDCA,22,2,0,0.14576575611453024
1,0.4,0,ImprovedTDCA,23,23,1,0.13008153326240768
1,0.4,0,ImprovedTDCA,24,24,1,1.8352798691109116
1,0.4,0,ImprovedTDCA,25,25,1,0.2886248925064119
1,0.4,0,ImprovedTDCA,26,26,1,1.6247629869355813
1,0.4,0,ImprovedTDCA,27,27,1,1.2842103510612364
1,0.4,0,ImprovedTDCA,28,28,1,1.8538190929833542
1,0.4,0,ImprovedTDCA,29,29,1,0.39907088116419454
1,0.4,0,ImprovedTDCA,30,30,1,1.3808661457104527
1,0.4,0,ImprovedTDCA,31,31,1,1.347799737031685
1,0.4,0,ImprovedTDCA,32,32,1,0.9874656973171358
1,0.4,0,ImprovedTDCA,33,33,1,0.27630238375150107
1,0.4,0,ImprovedTDCA,34,19,0,1.0671407682058027
1,0.4,0,ImprovedTDCA,35,3,0,0.22900978730541421
1,0.4,0,ImprovedTDCA,36,36,1,1.0011729401369034
1,0.4,0,ImprovedTDCA,37,37,1,0.8100971241227755
1,0.4,0,ImprovedTDCA,38,38,1,0.8495487774079789
1,0.4,0,ImprovedTDCA,39,10,0,0.8417163791792217
1,0.4,1,TDCA,0,0,1,1.0544550869628697
1,0.4,1,TDCA,1,1,1,0.6491509972602434
1,0.4,1,TDCA,2,2,1,2.2321208608818774
1,0.4,1,TDCA,3,3,1,0.7525320524707477
1,0.4,1,TDCA,4,4,1,1.7783237000141259
1,0.4,1,TDCA,5,5,1,1.2485875951587768
1,0.4,1,TDCA,6,14,0,0.03824774582160262
1,0.4,1,TDCA,7,7,1,1.1975682435588817
1,0.4,1,TDCA,8,8,1,1.7358473865851118
1,0.4,1,TDCA,9,9,1,1.2226515226557941
1,0.4,1,TDCA,10,10,1,0.2559574082295728
1,0.4,1,TDCA,11,24,0,0.054038620117236036
1,0.4,1,TDCA,12,12,1,2.060554573953193
1,0.4,1,TDCA,13,15,0,0.16175461228912758
1,0.4,1,TDCA,14,14,1,1.3706053318535532
1,0.4,1,TDCA,15,15,1,1.797443837060451
1,0.4,1,TDCA,16,16,1,0.9231707564236937
1,0.4,1,TDCA,17,17,1,0.35182763649826
1,0.4,1,TDCA,18,18,1,0.8146124679384878
1,0.4,1,TDCA,19,19,1,0.16113538145025474
1,0.4,1,TDCA,20,20,1,1.3760354934066956
1,0.4,1,TDCA,21,21,1,0.5839416815970124
1,0.4,1,TDCA,22,22,1,0.5478868786894062
1,0.4,1,TDCA,23,23,1,0.48296738021495855
1,0.4,1,TDCA,24,24,1,0.046470484589991035
1,0.4,1,TDCA,25,25,1,1.163566985670566
1,0.4,1,TDCA,26,26,1,1.996729601641611
1,0.4,1,TDCA,27,27,1,0.9246192897485899
1,0.4,1,TDCA,28,28,1,1.3850432350376554
1,0.4,1,TDCA,29,14,0,0.10486983755665036
1,0.4,1,TDCA,30,30,1,0.5305776305693746
1,0.4,1,TDCA,31,31,1,1.0982324234907952
1,0.4,1,TDCA,32,32,1,1.233186292466517
1,0.4,1,TDCA,33,33,1,0.40499000796033124
1,0.4,1,TDCA,34,17,0,0.2915732829462456
1,0.4,1,TDCA,35,15,0,0.8915841201778534
1,0.4,1,TDCA,36,36,1,0.5077802476151825
1,0.4,1,TDCA,37,37,1,0.8882936450010632
1,0.4,1,TDCA,38,38,1,0.385211631757878
1,0.4,1,TDCA,39,39,1,0.3082574138400831
1,0.4,1,ImprovedTDCA,0,0,1,1.2921778499846717
1,0.4,1,ImprovedTDCA,1,1,1,1.1408729327432696
1,0.4,1,ImprovedTDCA,2,2,1,2.615290169364229
1,0.4,1,ImprovedTDCA,3,3,1,1.5469867739645184
1,0.4,1,ImprovedTDCA,4,4,1,1.3023764818251788
1,0.4,1,ImprovedTDCA,5,5,1,1.4029560746038512
1,0.4,1,ImprovedTDCA,6,6,1,0.20820226253577134
1,0.4,1,ImprovedTDCA,7,7,1,1.5811694596424504
1,0.4,1,ImprovedTDCA,8,8,1,1.9542466921132848
1,0.4,1,ImprovedTDCA,9,9,1,1.528922922974153
1,0.4,1,ImprovedTDCA,10,10,1,0.4691677550997624
1,0.4,1,ImprovedTDCA,11,24,0,0.2769013935105944
1,0.4,1,ImprovedTDCA,12,12,1,2.1749521827234606
1,0.4,1,ImprovedTDCA,13,13,1,0.08506102962281492
1,0.4,1,ImprovedTDCA,14,14,1,1.7287590099402597
1,0.4,1,ImprovedTDCA,15,15,1,2.049960971291687
1,0.4,1,ImprovedTDCA,16,16,1,1.6353974499507968
1,0.4,1,ImprovedTDCA,17,17,1,0.665824589125684
1,0.4,1,ImprovedTDCA,18,18,1,1.2982841420151614
1,0.4,1,ImprovedTDCA,19,19,1,0.4189017129794137
1,0.4,1,ImprovedTDCA,20,20,1,1.1609166617258535
1,0.4,1,ImprovedTDCA,21,21,1,0.7656590170198039
1,0.4,1,ImprovedTDCA,22,22,1,0.7951044076863893
1,0.4,1,ImprovedTDCA,23,23,1,0.5376655991761559
1,0.4,1,ImprovedTDCA,24,24,1,0.09463684627265545
1,0.4,1,ImprovedTDCA,25,25,1,1.6211820297435435
1,0.4,1,ImprovedTDCA,26,26,1,2.327314475534325
1,0.4,1,ImprovedTDCA,27,27,1,1.0332661107268861
1,0.4,1,ImprovedTDCA,28,28,1,1.448174904398302
1,0.4,1,ImprovedTDCA,29,29,1,0.18200510036985662
1,0.4,1,ImprovedTDCA,30,30,1,0.8033375274558261
1,0.4,1,ImprovedTDCA,31,31,1,1.9183048757552343
1,0.4,1,ImprovedTDCA,32,32,1,1.8090909904117922
1,0.4,1,ImprovedTDCA,33,33,1,0.5750447914915084
1,0.4,1,ImprovedTDCA,34,17,0,0.07751417924224757
1,0.4,1,ImprovedTDCA,35,15,0,0.8170242263290208
1,0.4,1,ImprovedTDCA,36,36,1,0.6534145323283176
1,0.4,1,ImprovedTDCA,37,37,1,0.7370406430119765
1,0.4,1,ImprovedTDCA,38,38,1,0.6098590718196717
1,0.4,1,ImprovedTDCA,39,39,1,0.3514778845514437
1,0.4,2,TDCA,0,0,1,0.2950345345932537
1,0.4,2,TDCA,1,1,1,1.2198043462248473
1,0.4,2,TDCA,2,2,1,1.4429175845929334
1,0.4,2,TDCA,3,3,1,1.823544905259784
1,0.4,2,TDCA,4,7,0,0.3051672627683577
1,0.4,2,TDCA,5,5,1,1.2678886790825918
1,0.4,2,TDCA,6,6,1,1.1671233765341402
1,0.4,2,TDCA,7,7,1,0.36115860366399266
1,0.4,2,TDCA,8,8,1,2.334694514843176
1,0.4,2,TDCA,9,9,1,1.5152598248124414
1,0.4,2,TDCA,10,10,1,0.9303299947679802
1,0.4,2,TDCA,11,11,1,0.9465363225339196
1,0.4,2,TDCA,12,12,1,0.7478960470907867
1,0.4,2,TDCA,13,13,1,0.014685692819442764
1,0.4,2,TDCA,14,14,1,0.9749615245282852
1,0.4,2,TDCA,15,15,1,1.7228920392829257
1,0.4,2,TDCA,16,16,1,0.4263541079619513
1,0.4,2,TDCA,17,17,1,0.7422263033832577
1,0.4,2,TDCA,18,18,1,1.5278407635396085
1,0.4,2,TDCA,19,19,1,1.3827292147408914
1,0.4,2,TDCA,20,20,1,0.3273498100317065
1,0.4,2,TDCA,21,21,1,0.941724077527589
1,0.4,2,TDCA,22,22,1,0.5793903989639317
1,0.4,2,TDCA,23,38,0,0.2268489297307874
1,0.4,2,TDCA,24,24,1,1.6381799664551426
1,0.4,2,TDCA,25,25,1,2.2866434264550546
1,0.4,2,TDCA,26,26,1,1.2493211688169872
1,0.4,2,TDCA,27,27,1,1.3639142756312632
1,0.4,2,TDCA,28,28,1,1.3258987583514827
1,0.4,2,TDCA,29,14,0,0.04523003660613467
1,0.4,2,TDCA,30,30,1,1.1667296781594763
1,0.4,2,TDCA,31,31,1,1.3719214020454424
1,0.4,2,TDCA,32,32,1,1.3484430581562468
1,0.4,2,TDCA,33,33,1,1.2668724349693166
1,0.4,2,TDCA,34,34,1,0.5251758638525081
1,0.4,2,TDCA,35,35,1,0.3583985060594985
1,0.4,2,TDCA,36,36,1,0.5372365914647292
1,0.4,2,TDCA,37,37,1,0.7018158926602402
1,0.4,2,TDCA,38,38,1,0.6830284159572559
1,0.4,2,TDCA,39,39,1,0.5370320631315488
1,0.4,2,ImprovedTDCA,0,0,1,0.4096636410328487
1,0.4,2,ImprovedTDCA,1,1,1,1.9087901057431287
1,0.4,2,ImprovedTDCA,2,2,1,0.8406945283465941
1,0.4,2,ImprovedTDCA,3,3,1,2.2962293635796245
1,0.4,2,ImprovedTDCA,4,1,0,0.06135880925512893
1,0.4,2,ImprovedTDCA,5,5,1,0.744184976137702
1,0.4,2,ImprovedTDCA,6,6,1,1.1589269235129391
1,0.4,2,ImprovedTDCA,7,7,1,0.870821285741938
1,0.4,2,ImprovedTDCA,8,8,1,2.7637330308022445
1,0.4,2,ImprovedTDCA,9,9,1,1.824571602055866
1,0.4,2,ImprovedTDCA,10,10,1,1.4141779281706135
1,0.4,2,ImprovedTDCA,11,11,1,1.7779235600101635
1,0.4,2,ImprovedTDCA,12,12,1,0.4540615859375867
1,0.4,2,ImprovedTDCA,13,22,0,0.26563865498218453
1,0.4,2,ImprovedTDCA,14,14,1,1.4634048571561689
1,0.4,2,ImprovedTDCA,15,15,1,2.031478508374509
1,0.4,2,ImprovedTDCA,16,16,1,0.42874627489209605
1,0.4,2,ImprovedTDCA,17,17,1,0.7752791125021634
1,0.4,2,ImprovedTDCA,18,18,1,1.8647009486984287
1,0.4,2,ImprovedTDCA,19,19,1,1.9624792141714384
1,0.4,2,ImprovedTDCA,20,20,1,0.19275530625192205
1,0.4,2,ImprovedTDCA,21,21,1,0.6409682837461479
1,0.4,2,ImprovedTDCA,22,22,1,0.9515302058357924
1,0.4,2,ImprovedTDCA,23,38,0,0.5372201559886074
1,0.4,2,ImprovedTDCA,24,24,1,1.7109077179123406
1,0.4,2,ImprovedTDCA,25,25,1,2.1267811137850834
1,0.4,2,ImprovedTDCA,26,26,1,1.903053700362919
1,0.4,2,ImprovedTDCA,27,27,1,1.7796318247410374
1,0.4,2,ImprovedTDCA,28,28,1,2.3720832636366724
1,0.4,2,ImprovedTDCA,29,16,0,0.2786742692526172
1,0.4,2,ImprovedTDCA,30,30,1,1.2820422147187787
1,0.4,2,ImprovedTDCA,31,31,1,1.8527644650733306
1,0.4,2,ImprovedTDCA,32,32,1,1.988467767500123
1,0.4,2,ImprovedTDCA,33,33,1,1.3998701728146319
1,0.4,2,ImprovedTDCA,34,34,1,0.18399591570470886
1,0.4,2,ImprovedTDCA,35,35,1,0.442082797867021
1,0.4,2,ImprovedTDCA,36,36,1,1.2425193099830514
1,0.4,2,ImprovedTDCA,37,37,1,0.25043625990193097
1,0.4,2,ImprovedTDCA,38,38,1,0.6792750461050421
1,0.4,2,ImprovedTDCA,39,39,1,0.5652968049321312
1,0.4,3,TDCA,0,0,1,0.4903286057076044
1,0.4,3,TDCA,1,7,0,0.04882303046892855
1,0.4,3,TDCA,2,2,1,1.169487967516081
1,0.4,3,TDCA,3,3,1,0.5537947003226202
1,0.4,3,TDCA,4,4,1,1.507515950287919
1,0.4,3,TDCA,5,5,1,0.6786936970173874
1,0.4,3,TDCA,6,6,1,0.5524555737279522
1,0.4,3,TDCA,7,7,1,0.34441459808838726
1,0.4,3,TDCA,8,8,1,1.8408495685554722
1,0.4,3,TDCA,9,24,0,0.7486489231395972
1,0.4,3,TDCA,10,10,1,2.3207952238891525
1,0.4,3,TDCA,11,11,1,1.691161891123763
1,0.4,3,TDCA,12,12,1,1.5245199211786935
1,0.4,3,TDCA,13,13,1,0.5630645985191123
1,0.4,3,TDCA,14,14,1,1.0092552562112314
1,0.4,3,TDCA,15,15,1,1.2841564781753247
1,0.4,3,TDCA,16,16,1,1.2601897874085397
1,0.4,3,TDCA,17,17,1,0.9294998723980097
1,0.4,3,TDCA,18,18,1,1.2020075773239993
1,0.4,3,TDCA,19,19,1,0.3541341806374032
1,0.4,3,TDCA,20,20,1,0.005681618216486273
1,0.4,3,TDCA,21,21,1,0.16617726671909105
1,0.4,3,TDCA,22,22,1,0.02947452933128991
1,0.4,3,TDCA,23,23,1,1.2323542917620467
1,0.4,3,TDCA,24,24,1,1.8630718633342698
1,0.4,3,TDCA,25,25,1,1.2697198192115233
1,0.4,3,TDCA,26,26,1,0.8554853726373026
1,0.4,3,TDCA,27,27,1,0.9587828055414183
1,0.4,3,TDCA,28,28,1,2.18245499436972
1,0.4,3,TDCA,29,14,0,1.0866920215107951
1,0.4,3,TDCA,30,30,1,1.5370514362675227
1,0.4,3,TDCA,31,31,1,1.2417721996188877
1,0.4,3,TDCA,32,32,1,1.7790257133546015
1,0.4,3,TDCA,33,33,1,1.009149642464401
1,0.4,3,TDCA,34,34,1,0.004127293980452196
1,0.4,3,TDCA,35,35,1,0.06811185811094589
1,0.4,3,TDCA,36,36,1,0.1259216769148057
1,0.4,3,TDCA,37,37,1,1.0194247547395354
1,0.4,3,TDCA,38,38,1,0.6895145374557499
1,0.4,3,TDCA,39,39,1,0.8582406135444676
1,0.4,3,ImprovedTDCA,0,0,1,0.9759078724097576
1,0.4,3,ImprovedTDCA,1,7,0,0.16915764870261674
1,0.4,3,ImprovedTDCA,2,2,1,1.1992838211011008
1,0.4,3,ImprovedTDCA,3,3,1,0.4766884164945644
1,0.4,3,ImprovedTDCA,4,4,1,1.5458548920998942
1,0.4,3,ImprovedTDCA,5,5,1,1.4122753850733172
1,0.4,3,ImprovedTDCA,6,6,1,0.8763039463003519
1,0.4,3,ImprovedTDCA,7,7,1,0.8257860873412999
1,0.4,3,ImprovedTDCA,8,8,1,2.0426760440474587
1,0.4,3,ImprovedTDCA,9,24,0,0.8562319056220369
1,0.4,3,ImprovedTDCA,10,10,1,2.4088068483939917
1,0.4,3,ImprovedTDCA,11,11,1,2.065520874211531
1,0.4,3,ImprovedTDCA,12,12,1,1.7083670119073475
1,0.4,3,ImprovedTDCA,13,13,1,0.612253209334233
1,0.4,3,ImprovedTDCA,14,14,1,1.3129461050122502
1,0.4,3,ImprovedTDCA,15,15,1,1.78353665211087
1,0.4,3,ImprovedTDCA,16,16,1,1.827367983293596
1,0.4,3,ImprovedTDCA,17,17,1,1.0394877230178785
1,0.4,3,ImprovedTDCA,18,18,1,1.573800699171235
1,0.4,3,ImprovedTDCA,19,19,1,0.7279083021027706
1,0.4,3,ImprovedTDCA,20,27,0,0.17370434489376185
1,0.4,3,ImprovedTDCA,21,21,1,0.6582007576928341
1,0.4,3,ImprovedTDCA,22,22,1,0.13154772742405685
1,0.4,3,ImprovedTDCA,23,23,1,1.4750795325898336
1,0.4,3,ImprovedTDCA,24,24,1,1.422166879480037
1,0.4,3,ImprovedTDCA,25,25,1,1.447823292684089
1,0.4,3,ImprovedTDCA,26,26,1,1.2621167444574692
1,0.4,3,ImprovedTDCA,27,27,1,1.1907410299655692
1,0.4,3,ImprovedTDCA,28,28,1,2.3409259862587426
1,0.4,3,ImprovedTDCA,29,14,0,1.0793507284341683
1,0.4,3,ImprovedTDCA,30,30,1,1.5477752853863178
1,0.4,3,ImprovedTDCA,31,31,1,1.4508136808318874
1,0.4,3,ImprovedTDCA,32,32,1,1.8786856455514274
1,0.4,3,ImprovedTDCA,33,33,1,1.1681957830431047
1,0.4,3,ImprovedTDCA,34,34,1,0.02143120015147515
1,0.4,3,ImprovedTDCA,35,35,1,0.4220982085538152
1,0.4,3,ImprovedTDCA,36,18,0,0.02651787789789206
1,0.4,3,ImprovedTDCA,37,37,1,1.5359556513441615
1,0.4,3,ImprovedTDCA,38,38,1,0.9736872204141247
1,0.4,3,ImprovedTDCA,39,39,1,0.7607874294837456
1,0.4,4,TDCA,0,0,1,0.5229436778685561
1,0.4,4,TDCA,1,1,1,0.4356257698928363
1,0.4,4,TDCA,2,2,1,1.7138553713206284
1,0.4,4,TDCA,3,3,1,1.1599469856514608
1,0.4,4,TDCA,4,4,1,0.9345666186818269
1,0.4,4,TDCA,5,5,1,0.4848213025252741
1,0.4,4,TDCA,6,6,1,1.2417016825926845
1,0.4,4,TDCA,7,7,1,0.39792215665899056
1,0.4,4,TDCA,8,8,1,0.9143241088959555
1,0.4,4,TDCA,9,9,1,1.007383409513851
1,0.4,4,TDCA,10,10,1,2.035854128355968
1,0.4,4,TDCA,11,11,1,0.9513260774868879
1,0.4,4,TDCA,12,12,1,0.5420787395841009
1,0.4,4,TDCA,13,13,1,1.8028670484091474
1,0.4,4,TDCA,14,14,1,1.2882605858705638
1,0.4,4,TDCA,15,15,1,1.6935167341505897
1,0.4,4,TDCA,16,16,1,1.0963319490887802
1,0.4,4,TDCA,17,17,1,0.9924725714241984
1,0.4,4,TDCA,18,18,1,1.8109313390675228
1,0.4,4,TDCA,19,19,1,1.3603888495887484
1,0.4,4,TDCA,20,20,1,1.506888555021577
1,0.4,4,TDCA,21,21,1,0.7518302739625882
1,0.4,4,TDCA,22,22,1,0.42507520931014664
1,0.4,4,TDCA,23,23,1,0.38271811477359297
1,0.4,4,TDCA,24,24,1,1.5955344602942743
1,0.4,4,TDCA,25,25,1,1.6378600406954678
1,0.4,4,TDCA,26,26,1,1.2300515783870867
1,0.4,4,TDCA,27,18,0,0.07324743439122705
1,0.4,4,TDCA,28,28,1,1.3977329983580997
1,0.4,4,TDCA,29,29,1,0.3807773303306261
1,0.4,4,TDCA,30,4,0,0.29138848863581535
1,0.4,4,TDCA,31,31,1,0.7933043532658894
1,0.4,4,TDCA,32,32,1,0.5465058536294132
1,0.4,4,TDCA,33,33,1,0.778020744999852
1,0.4,4,TDCA,34,34,1,0.8978981321977102
1,0.4,4,TDCA,35,35,1,0.22755732468629186
1,0.4,4,TDCA,36,36,1,0.1809345670615996
1,0.4,4,TDCA,37,37,1,0.5844390449635524
1,0.4,4,TDCA,38,38,1,0.8801808159461173
1,0.4,4,TDCA,39,39,1,0.2030786892899592
1,0.4,4,ImprovedTDCA,0,39,0,0.1000917855426735
1,0.4,4,ImprovedTDCA,1,1,1,0.27817174135776823
1,0.4,4,ImprovedTDCA,2,2,1,1.730619051584072
1,0.4,4,ImprovedTDCA,3,3,1,1.599682287075519
1,0.4,4,ImprovedTDCA,4,4,1,1.3326573825789758
1,0.4,4,ImprovedTDCA,5,5,1,0.8039948857972778
1,0.4,4,ImprovedTDCA,6,6,1,1.5479970660568954
1,0.4,4,ImprovedTDCA,7,7,1,0.8588887510505161
1,0.4,4,ImprovedTDCA,8,8,1,1.028040136030363
1,0.4,4,ImprovedTDCA,9,9,1,0.6288894792418458
1,0.4,4,ImprovedTDCA,10,10,1,2.30480355273815
1,0.4,4,ImprovedTDCA,11,11,1,1.604574938196959
1,0.4,4,ImprovedTDCA,12,12,1,1.5578114342927043
1,0.4,4,ImprovedTDCA,13,13,1,2.112980892192355
1,0.4,4,ImprovedTDCA,14,14,1,1.3483119045834098
1,0.4,4,ImprovedTDCA,15,15,1,2.190647197200727
1,0.4,4,ImprovedTDCA,16,16,1,1.4632981247032966
1,0.4,4,ImprovedTDCA,17,17,1,0.8426621748775109
1,0.4,4,ImprovedTDCA,18,18,1,2.645778626380751
1,0.4,4,ImprovedTDCA,19,19,1,1.7464803175762171
1,0.4,4,ImprovedTDCA,20,20,1,2.144942372016976
1,0.4,4,ImprovedTDCA,21,21,1,0.9834684416232331
1,0.4,4,ImprovedTDCA,22,22,1,0.6390344772233567
1,0.4,4,ImprovedTDCA,23,38,0,0.10956033180632385
1,0.4,4,ImprovedTDCA,24,24,1,1.7022849109689528
1,0.4,4,ImprovedTDCA,25,25,1,1.692196535833889
1,0.4,4,ImprovedTDCA,26,26,1,1.90349091588429
1,0.4,4,ImprovedTDCA,27,27,1,0.08529243357103855
1,0.4,4,ImprovedTDCA,28,28,1,0.9266444321081049
1,0.4,4,ImprovedTDCA,29,29,1,0.3609733739186223
1,0.4,4,ImprovedTDCA,30,4,0,0.05959919563558547
1,0.4,4,ImprovedTDCA,31,31,1,0.8949216078277158
1,0.4,4,ImprovedTDCA,32,30,0,0.028761234055201257
1,0.4,4,ImprovedTDCA,33,33,1,1.216932759091058
1,0.4,4,ImprovedTDCA,34,34,1,0.44550267380481534
1,0.4,4,ImprovedTDCA,35,35,1,1.1739671200964354
1,0.4,4,ImprovedTDCA,36,21,0,0.11522539397467035
1,0.4,4,ImprovedTDCA,37,37,1,0.4908577194310455
1,0.4,4,ImprovedTDCA,38,38,1,0.529531479434034
1,0.4,4,ImprovedTDCA,39,2,0,0.6074235201696179
1,0.4,5,TDCA,0,0,1,1.8516694503088553
1,0.4,5,TDCA,1,1,1,1.487284008656533
1,0.4,5,TDCA,2,2,1,1.4463071157488923
1,0.4,5,TDCA,3,3,1,0.1936998146797284
1,0.4,5,TDCA,4,4,1,1.8363317240044494
1,0.4,5,TDCA,5,5,1,1.7631656289258284
1,0.4,5,TDCA,6,6,1,1.0497910199876141
1,0.4,5,TDCA,7,7,1,0.18241616383635462
1,0.4,5,TDCA,8,8,1,1.1315194336364043
1,0.4,5,TDCA,9,9,1,1.468107206869743
1,0.4,5,TDCA,10,10,1,1.3457549959436041
1,0.4,5,TDCA,11,11,1,1.3356416739114203
1,0.4,5,TDCA,12,12,1,1.0018993360867767
1,0.4,5,TDCA,13,13,1,0.7824171272218736
1,0.4,5,TDCA,14,14,1,0.6380874482885628
1,0.4,5,TDCA,15,15,1,1.266912502055693
1,0.4,5,TDCA,16,16,1,0.8774046277212506
1,0.4,5,TDCA,17,17,1,0.7800525466935573
1,0.4,5,TDCA,18,18,1,1.604918468581197
1,0.4,5,TDCA,19,22,0,0.24618483382462375
1,0.4,5,TDCA,20,20,1,0.8539431061726099
1,0.4,5,TDCA,21,21,1,0.7807547224268885
1,0.4,5,TDCA,22,22,1,0.688951878168095
1,0.4,5,TDCA,23,23,1,0.6835739786088966
1,0.4,5,TDCA,24,24,1,0.8396221096073444
1,0.4,5,TDCA,25,25,1,1.8062135189053847
1,0.4,5,TDCA,26,22,0,0.49541555982004937
1,0.4,5,TDCA,27,27,1,0.29654631471150017
1,0.4,5,TDCA,28,28,1,2.0738532006138923
1,0.4,5,TDCA,29,23,0,0.15760587802159232
1,0.4,5,TDCA,30,30,1,1.2593367561453561
1,0.4,5,TDCA,31,31,1,1.4637586198905659
1,0.4,5,TDCA,32,32,1,0.6298749463238669
1,0.4,5,TDCA,33,33,1,1.1163616236139666
1,0.4,5,TDCA,34,34,1,0.5263428768825089
1,0.4,5,TDCA,35,35,1,0.07504284610097534
1,0.4,5,TDCA,36,36,1,0.5342753352540215
1,0.4,5,TDCA,37,37,1,0.36969128623976566
1,0.4,5,TDCA,38,23,0,0.3254997116653606
1,0.4,5,TDCA,39,39,1,0.2755211560603863
1,0.4,5,ImprovedTDCA,0,0,1,2.078996770783741
1,0.4,5,ImprovedTDCA,1,1,1,1.6996743234105898
1,0.4,5,ImprovedTDCA,2,2,1,1.232587459679795
1,0.4,5,ImprovedTDCA,3,3,1,0.4728906882007464
1,0.4,5,ImprovedTDCA,4,4,1,2.349977995953203
1,0.4,5,ImprovedTDCA,5,5,1,1.821535398019514
1,0.4,5,ImprovedTDCA,6,6,1,1.369085975828447
1,0.4,5,ImprovedTDCA,7,7,1,0.6041165481296322
1,0.4,5,ImprovedTDCA,8,8,1,1.5094750245868203
1,0.4,5,ImprovedTDCA,9,9,1,1.520587142480904
1,0.4,5,ImprovedTDCA,10,10,1,1.632541119063911
1,0.4,5,ImprovedTDCA,11,11,1,1.5279367305605072
1,0.4,5,ImprovedTDCA,12,12,1,1.2886127854119034
1,0.4,5,ImprovedTDCA,13,13,1,1.0822793917762152
1,0.4,5,ImprovedTDCA,14,14,1,0.7595733482657003
1,0.4,5,ImprovedTDCA,15,15,1,1.25999933549482
1,0.4,5,ImprovedTDCA,16,16,1,0.9483561779672083
1,0.4,5,ImprovedTDCA,17,17,1,1.13930752809219
1,0.4,5,ImprovedTDCA,18,18,1,1.9371064540434917
1,0.4,5,ImprovedTDCA,19,22,0,0.34608019857717154
1,0.4,5,ImprovedTDCA,20,20,1,1.1379814002082862
1,0.4,5,ImprovedTDCA,21,21,1,0.9089526143616458
1,0.4,5,ImprovedTDCA,22,22,1,0.7584043421314501
1,0.4,5,ImprovedTDCA,23,23,1,0.65593426237161
1,0.4,5,ImprovedTDCA,24,24,1,0.8087922301240562
1,0.4,5,ImprovedTDCA,25,25,1,2.121669072818741
1,0.4,5,ImprovedTDCA,26,22,0,0.1115108945020371
1,0.4,5,ImprovedTDCA,27,27,1,0.6467854975841445
1,0.4,5,ImprovedTDCA,28,28,1,2.3228407652229306
1,0.4,5,ImprovedTDCA,29,33,0,0.3248194064176577
1,0.4,5,ImprovedTDCA,30,30,1,1.3894456417299208
1,0.4,5,ImprovedTDCA,31,31,1,1.6965984375383374
1,0.4,5,ImprovedTDCA,32,32,1,0.945073614488908
1,0.4,5,ImprovedTDCA,33,33,1,1.2401450081129388
1,0.4,5,ImprovedTDCA,34,34,1,0.5916226769969728
1,0.4,5,ImprovedTDCA,35,35,1,0.17281366143560017
1,0.4,5,ImprovedTDCA,36,36,1,0.6933531128147692
1,0.4,5,ImprovedTDCA,37,37,1,0.3657093138267342
1,0.4,5,ImprovedTDCA,38,23,0,0.1086676060866627
1,0.4,5,ImprovedTDCA,39,39,1,0.28430724717474054
1,0.5,0,TDCA,0,0,1,0.9029226681622986
1,0.5,0,TDCA,1,1,1,1.519344025220926
1,0.5,0,TDCA,2,2,1,1.654322129907807
1,0.5,0,TDCA,3,3,1,0.7306648466351642
1,0.5,0,TDCA,4,4,1,1.7226434026221833
1,0.5,0,TDCA,5,5,1,1.1034846479287526
1,0.5,0,TDCA,6,6,1,1.2937236416457114
1,0.5,0,TDCA,7,39,0,0.26457331831894404
1,0.5,0,TDCA,8,8,1,2.5703757923760273
1,0.5,0,TDCA,9,9,1,1.0707010082912656
1,0.5,0,TDCA,10,10,1,2.374930743036914
1,0.5,0,TDCA,11,11,1,1.2143660783606216
1,0.5,0,TDCA,12,12,1,1.2608916250232411
1,0.5,0,TDCA,13,13,1,1.83163695717738
1,0.5,0,TDCA,14,14,1,0.6214125335563572
1,0.5,0,TDCA,15,15,1,0.5154594905008576
1,0.5,0,TDCA,16,16,1,1.5924883272513182
1,0.5,0,TDCA,17,17,1,0.8595603981871562
1,0.5,0,TDCA,18,18,1,2.5305839566834294
1,0.5,0,TDCA,19,19,1,0.7939313320466623
1,0.5,0,TDCA,20,20,1,0.877018439597633
1,0.5,0,TDCA,21,21,1,1.1108593489082454
1,0.5,0,TDCA,22,2,0,0.18731270322441684
1,0.5,0,TDCA,23,23,1,0.06996073234759903
1,0.5,0,TDCA,24,24,1,1.6449245821865712
1,0.5,0,TDCA,25,25,1,0.20286037756089126
1,0.5,0,TDCA,26,26,1,2.562436431612134
1,0.5,0,TDCA,27,27,1,1.1175128298846364
1,0.5,0,TDCA,28,28,1,1.228082977524302
1,0.5,0,TDCA,29,29,1,0.21435196896352693
1,0.5,0,TDCA,30,30,1,1.3408476802341087
1,0.5,0,TDCA,31,31,1,1.9644776242307265
1,0.5,0,TDCA,32,32,1,1.365276887359908
1,0.5,0,TDCA,33,33,1,0.6574119936593399
1,0.5,0,TDCA,34,19,0,0.16330585152693144
1,0.5,0,TDCA,35,35,1,0.47830053891808344
1,0.5,0,TDCA,36,36,1,0.7446774976137536
1,0.5,0,TDCA,37,37,1,1.2808359539047438
1,0.5,0,TDCA,38,38,1,1.5493821311074638
1,0.5,0,TDCA,39,7,0,0.03493875761698684
1,0.5,0,ImprovedTDCA,0,0,1,0.8594461631683248
1,0.5,0,ImprovedTDCA,1,1,1,1.696363142168372
1,0.5,0,ImprovedTDCA,2,2,1,1.9308532895610075
1,0.5,0,ImprovedTDCA,3,3,1,0.7675575361514202
1,0.5,0,ImprovedTDCA,4,4,1,1.959555407021733
1,0.5,0,ImprovedTDCA,5,5,1,1.0468059201641098
1,0.5,0,ImprovedTDCA,6,6,1,1.400113718284702
1,0.5,0,ImprovedTDCA,7,39,0,0.1008575882747702
1,0.5,0,ImprovedTDCA,8,8,1,2.399895236910721
1,0.5,0,ImprovedTDCA,9,9,1,1.4623680119554296
1,0.5,0,ImprovedTDCA,10,10,1,2.6492377586130074
1,0.5,0,ImprovedTDCA,11,11,1,1.4680274585760156
1,0.5,0,ImprovedTDCA,12,12,1,1.4722770651963302
1,0.5,0,ImprovedTDCA,13,13,1,1.8896591147040824
1,0.5,0,ImprovedTDCA,14,14,1,0.6234608248116023
1,0.5,0,ImprovedTDCA,15,15,1,0.7824767523542566
1,0.5,0,ImprovedTDCA,16,16,1,1.7069324170402769
1,0.5,0,ImprovedTDCA,17,17,1,0.8029085462584873
1,0.5,0,ImprovedTDCA,18,18,1,2.7274680740270427
1,0.5,0,ImprovedTDCA,19,19,1,0.8044997231768134
1,0.5,0,ImprovedTDCA,20,20,1,0.7196714663392254
1,0.5,0,ImprovedTDCA,21,21,1,1.083390683846487
1,0.5,0,ImprovedTDCA,22,2,0,0.2036540863030314
1,0.5,0,ImprovedTDCA,23,23,1,0.2598053699284302
1,0.5,0,ImprovedTDCA,24,24,1,1.8117274870899123
1,0.5,0,ImprovedTDCA,25,25,1,0.3225190546080712
1,0.5,0,ImprovedTDCA,26,26,1,2.464436531645194
1,0.5,0,ImprovedTDCA,27,27,1,1.4566157110527416
1,0.5,0,ImprovedTDCA,28,28,1,1.5740340235677492
1,0.5,0,ImprovedTDCA,29,29,1,0.23323450728741602
1,0.5,0,ImprovedTDCA,30,30,1,1.541107355513803
1,0.5,0,ImprovedTDCA,31,31,1,1.8947971733506974
1,0.5,0,ImprovedTDCA,32,32,1,1.3907100690776182
1,0.5,0,ImprovedTDCA,33,33,1,0.5609551852322379
1,0.5,0,ImprovedTDCA,34,19,0,0.12990847260294958
1,0.5,0,ImprovedTDCA,35,35,1,0.7986705336171842
1,0.5,0,ImprovedTDCA,36,36,1,0.7307442284654186
1,0.5,0,ImprovedTDCA,37,37,1,1.5522392753882328
1,0.5,0,ImprovedTDCA,38,38,1,1.5332602377732372
1,0.5,0,ImprovedTDCA,39,10,0,0.25476333200851253
1,0.5,1,TDCA,0,0,1,1.5674007415834745
1,0.5,1,TDCA,1,1,1,1.3667322076420951
1,0.5,1,TDCA,2,2,1,2.6512055992452184
1,0.5,1,TDCA,3,3,1,0.6143181562907523
1,0.5,1,TDCA,4,4,1,1.9479967794096618
1,0.5,1,TDCA,5,5,1,1.4628068201979028
1,0.5,1,TDCA,6,14,0,0.16274256131623388
1,0.5,1,TDCA,7,7,1,1.5158110405389638
1,0.5,1,TDCA,8,8,1,2.1805294191668496
1,0.5,1,TDCA,9,9,1,1.1809933713774277
1,0.5,1,TDCA,10,10,1,0.5945992699981972
1,0.5,1,TDCA,11,24,0,0.41332561251041544
1,0.5,1,TDCA,12,12,1,1.8915187015361954
1,0.5,1,TDCA,13,15,0,0.3652537834448961
1,0.5,1,TDCA,14,14,1,1.6244797674614828
1,0.5,1,TDCA,15,15,1,2.1285815247444884
1,0.5,1,TDCA,16,16,1,0.9701550104544885
1,0.5,1,TDCA,17,17,1,0.6993181638708386
1,0.5,1,TDCA,18,18,1,0.7256485898289149
1,0.5,1,TDCA,19,19,1,0.660052790950092
1,0.5,1,TDCA,20,20,1,1.1157384363391323
1,0.5,1,TDCA,21,21,1,0.806153361215628
1,0.5,1,TDCA,22,22,1,0.662058547895406
1,0.5,1,TDCA,23,23,1,0.8039897134983485
1,0.5,1,TDCA,24,24,1,0.2070726476292024
1,0.5,1,TDCA,25,25,1,1.5624275460219488
1,0.5,1,TDCA,26,26,1,1.9426615253787003
1,0.5,1,TDCA,27,27,1,1.6229588042180048
1,0.5,1,TDCA,28,28,1,1.0472556855262125
1,0.5,1,TDCA,29,29,1,0.4001253785214054
1,0.5,1,TDCA,30,30,1,0.4987304851117318
1,0.5,1,TDCA,31,31,1,1.1441500399937767
1,0.5,1,TDCA,32,32,1,1.8371592913495491
1,0.5,1,TDCA,33,33,1,0.36402554558634703
1,0.5,1,TDCA,34,34,1,0.8729609342193099
1,0.5,1,TDCA,35,15,0,0.6794573757763374
1,0.5,1,TDCA,36,36,1,0.3500577666428515
1,0.5,1,TDCA,37,37,1,1.2470040994350446
1,0.5,1,TDCA,38,38,1,0.5404000922787802
1,0.5,1,TDCA,39,39,1,0.4184527466436514
1,0.5,1,ImprovedTDCA,0,0,1,1.8813759289984808
1,0.5,1,ImprovedTDCA,1,1,1,1.6538379816630677
1,0.5,1,ImprovedTDCA,2,2,1,2.7457402701434868
1,0.5,1,ImprovedTDCA,3,3,1,1.237700789223802
1,0.5,1,ImprovedTDCA,4,4,1,1.8925808437951308
1,0.5,1,ImprovedTDCA,5,5,1,1.282909591457325
1,0.5,1,ImprovedTDCA,6,14,0,0.0945316087450161
1,0.5,1,ImprovedTDCA,7,7,1,2.1127875509707676
1,0.5,1,ImprovedTDCA,8,8,1,2.0958435535816946
1,0.5,1,ImprovedTDCA,9,9,1,1.3189874687718648
1,0.5,1,ImprovedTDCA,10,10,1,0.7358693376240413
1,0.5,1,ImprovedTDCA,11,24,0,0.32653366433422004
1,0.5,1,ImprovedTDCA,12,12,1,1.9757510402888647
1,0.5,1,ImprovedTDCA,13,13,1,0.2464407675136484
1,0.5,1,ImprovedTDCA,14,14,1,1.9069669648399796
1,0.5,1,ImprovedTDCA,15,15,1,2.355788572054843
1,0.5,1,ImprovedTDCA,16,16,1,1.550994927618055
1,0.5,1,ImprovedTDCA,17,17,1,1.1245450400910872
1,0.5,1,ImprovedTDCA,18,18,1,0.7673820728158296
1,0.5,1,ImprovedTDCA,19,19,1,0.9311441416236237
1,0.5,1,ImprovedTDCA,20,20,1,0.9085092784132924
1,0.5,1,ImprovedTDCA,21,21,1,0.9744240735610528
1,0.5,1,ImprovedTDCA,22,22,1,0.9543719950425831
1,0.5,1,ImprovedTDCA,23,23,1,0.8617708941091387
1,0.5,1,ImprovedTDCA,24,24,1,0.6813758452677177
1,0.5,1,ImprovedTDCA,25,25,1,1.9011793931002718
1,0.5,1,ImprovedTDCA,26,26,1,2.2169104743521237
1,0.5,1,ImprovedTDCA,27,27,1,1.8687297848342272
1,0.5,1,ImprovedTDCA,28,28,1,1.2942962397879811
1,0.5,1,ImprovedTDCA,29,29,1,0.6916846708192135
1,0.5,1,ImprovedTDCA,30,30,1,0.706400643497636
1,0.5,1,ImprovedTDCA,31,31,1,1.4472985648230199
1,0.5,1,ImprovedTDCA,32,32,1,2.30973728298727
1,0.5,1,ImprovedTDCA,33,33,1,0.6502302705182532
1,0.5,1,ImprovedTDCA,34,34,1,0.934355150215388
1,0.5,1,ImprovedTDCA,35,15,0,0.597614353976093
1,0.5,1,ImprovedTDCA,36,36,1,0.5205756797412522
1,0.5,1,ImprovedTDCA,37,37,1,1.1267710371714377
1,0.5,1,ImprovedTDCA,38,38,1,0.7499914404139651
1,0.5,1,ImprovedTDCA,39,39,1,0.19534802658130523
1,0.5,2,TDCA,0,0,1,0.5972095412647547
1,0.5,2,TDCA,1,1,1,1.515625944096716
1,0.5,2,TDCA,2,2,1,1.562446543187694
1,0.5,2,TDCA,3,3,1,2.306429460495779
1,0.5,2,TDCA,4,4,1,0.39259375769193383
1,0.5,2,TDCA,5,5,1,1.7968964150020315
1,0.5,2,TDCA,6,6,1,0.8445671097569138
1,0.5,2,TDCA,7,7,1,0.5535461307308065
1,0.5,2,TDCA,8,8,1,2.123812830280805
1,0.5,2,TDCA,9,9,1,1.6290413801695802
1,0.5,2,TDCA,10,10,1,1.5361877126549401
1,0.5,2,TDCA,11,11,1,1.216173524808516
1,0.5,2,TDCA,12,12,1,1.0375093800415445
1,0.5,2,TDCA,13,22,0,0.02493939946427126
1,0.5,2,TDCA,14,14,1,1.463390238021249
1,0.5,2,TDCA,15,15,1,2.0349629216761365
1,0.5,2,TDCA,16,16,1,1.0587797581701035
1,0.5,2,TDCA,17,17,1,1.3025425468522873
1,0.5,2,TDCA,18,18,1,2.063404766233142
1,0.5,2,TDCA,19,19,1,1.1942909793984517
1,0.5,2,TDCA,20,20,1,0.8448233256083011
1,0.5,2,TDCA,21,21,1,1.154265826087252
1,0.5,2,TDCA,22,22,1,0.6563703262171432
1,0.5,2,TDCA,23,23,1,0.4793909059649675
1,0.5,2,TDCA,24,24,1,1.6150682347830911
1,0.5,2,TDCA,25,25,1,2.069898123253225
1,0.5,2,TDCA,26,26,1,1.6030949938145456
1,0.5,2,TDCA,27,27,1,1.633741531424448
1,0.5,2,TDCA,28,28,1,1.8310554036557298
1,0.5,2,TDCA,29,29,1,0.39993513386557566
1,0.5,2,TDCA,30,30,1,1.194099351561471
1,0.5,2,TDCA,31,31,1,1.2525975861855505
1,0.5,2,TDCA,32,32,1,1.9179211176686832
1,0.5,2,TDCA,33,33,1,1.410321372065337
1,0.5,2,TDCA,34,34,1,1.3525527015886458
1,0.5,2,TDCA,35,35,1,0.68472067424866
1,0.5,2,TDCA,36,36,1,0.5909642894036495
1,0.5,2,TDCA,37,37,1,0.695567672727309
1,0.5,2,TDCA,38,38,1,1.1825946224714974
1,0.5,2,TDCA,39,39,1,0.4138929950303938
1,0.5,2,ImprovedTDCA,0,0,1,1.197721735723568
1,0.5,2,ImprovedTDCA,1,1,1,1.9892121185633491
1,0.5,2,ImprovedTDCA,2,2,1,1.514222085496872
1,0.5,2,ImprovedTDCA,3,3,1,2.7903963931678843
1,0.5,2,ImprovedTDCA,4,4,1,1.0433441057962258
1,0.5,2,ImprovedTDCA,5,5,1,1.7313193082641578
1,0.5,2,ImprovedTDCA,6,6,1,1.3837723438171623
1,0.5,2,ImprovedTDCA,7,7,1,0.738814702304682
1,0.5,2,ImprovedTDCA,8,8,1,2.376207043033389
1,0.5,2,ImprovedTDCA,9,9,1,2.04344177381624
1,0.5,2,ImprovedTDCA,10,10,1,2.212050040720477
1,0.5,2,ImprovedTDCA,11,11,1,1.8194132799835212
1,0.5,2,ImprovedTDCA,12,12,1,0.8649921420096309
1,0.5,2,ImprovedTDCA,13,7,0,0.007544728566723613
1,0.5,2,ImprovedTDCA,14,14,1,2.060947899339864
1,0.5,2,ImprovedTDCA,15,15,1,2.2646125071468255
1,0.5,2,ImprovedTDCA,16,16,1,1.586255011197764
1,0.5,2,ImprovedTDCA,17,17,1,1.676470189107122
1,0.5,2,ImprovedTDCA,18,18,1,2.3066477541349375
1,0.5,2,ImprovedTDCA,19,19,1,1.7610606472465002
1,0.5,2,ImprovedTDCA,20,20,1,0.8545215855381021
1,0.5,2,ImprovedTDCA,21,21,1,0.9712585932324296
1,0.5,2,ImprovedTDCA,22,22,1,1.0886490889099578
1,0.5,2,ImprovedTDCA,23,23,1,0.11730518715922766
1,0.5,2,ImprovedTDCA,24,24,1,2.018181341719382
1,0.5,2,ImprovedTDCA,25,25,1,2.402577529545856
1,0.5,2,ImprovedTDCA,26,26,1,2.1773769518715147
1,0.5,2,ImprovedTDCA,27,27,1,2.229537607720317
1,0.5,2,ImprovedTDCA,28,28,1,1.8521409020868187
1,0.5,2,ImprovedTDCA,29,29,1,0.6491308247040739
1,0.5,2,ImprovedTDCA,30,30,1,1.5344694067784403
1,0.5,2,ImprovedTDCA,31,31,1,1.5318698277777028
1,0.5,2,ImprovedTDCA,32,32,1,2.394117828657266
1,0.5,2,ImprovedTDCA,33,33,1,1.5203909146574455
1,0.5,2,ImprovedTDCA,34,34,1,1.5325617703548786
1,0.5,2,ImprovedTDCA,35,35,1,0.8925339176730231
1,0.5,2,ImprovedTDCA,36,36,1,0.9147196867191467
1,0.5,2,ImprovedTDCA,37,37,1,0.726565513389205
1,0.5,2,ImprovedTDCA,38,38,1,1.5298471127557158
1,0.5,2,ImprovedTDCA,39,39,1,0.44064306509795115
1,0.5,3,TDCA,0,0,1,0.7700466265793713
1,0.5,3,TDCA,1,22,0,0.014908600400293626
1,0.5,3,TDCA,2,2,1,1.7842688292179785
1,0.5,3,TDCA,3,3,1,1.2997138963932997
1,0.5,3,TDCA,4,4,1,1.513253677118049
1,0.5,3,TDCA,5,5,1,0.6361837970598434
1,0.5,3,TDCA,6,6,1,0.8215117105176444
1,0.5,3,TDCA,7,7,1,0.07648204284185844
1,0.5,3,TDCA,8,8,1,2.3806697065308864
1,0.5,3,TDCA,9,24,0,0.845579061803702
1,0.5,3,TDCA,10,10,1,1.8024442819435895
1,0.5,3,TDCA,11,11,1,1.7869692833109967
1,0.5,3,TDCA,12,12,1,1.4697951655151436
1,0.5,3,TDCA,13,13,1,1.6530948875963674
1,0.5,3,TDCA,14,14,1,1.6613891935874634
1,0.5,3,TDCA,15,15,1,1.6354537546934347
1,0.5,3,TDCA,16,16,1,1.0707820756092676
1,0.5,3,TDCA,17,17,1,0.8380962031895489
1,0.5,3,TDCA,18,18,1,0.9176622898489446
1,0.5,3,TDCA,19,19,1,1.194357293642027
1,0.5,3,TDCA,20,27,0,0.18530267737234762
1,0.5,3,TDCA,21,21,1,0.5778930543694099
1,0.5,3,TDCA,22,22,1,1.0193753092599294
1,0.5,3,TDCA,23,23,1,1.2642362048060019
1,0.5,3,TDCA,24,24,1,2.3982102511977494
1,0.5,3,TDCA,25,25,1,1.915118535872397
1,0.5,3,TDCA,26,26,1,1.0740975762156193
1,0.5,3,TDCA,27,27,1,1.5760621859539836
1,0.5,3,TDCA,28,28,1,2.2126539481159004
1,0.5,3,TDCA,29,14,0,0.8764990837169964
1,0.5,3,TDCA,30,30,1,1.8436870999496624
1,0.5,3,TDCA,31,31,1,1.5092873474129036
1,0.5,3,TDCA,32,32,1,2.3607111968337833
1,0.5,3,TDCA,33,33,1,1.3206199725303431
1,0.5,3,TDCA,34,34,1,0.21329063007174653
1,0.5,3,TDCA,35,35,1,0.41573509189092417
1,0.5,3,TDCA,36,18,0,0.12314859824080049
1,0.5,3,TDCA,37,37,1,1.7259946782059983
1,0.5,3,TDCA,38,38,1,0.8227076474918162
1,0.5,3,TDCA,39,39,1,1.420185150345608
1,0.5,3,ImprovedTDCA,0,0,1,0.9605162621647967
1,0.5,3,ImprovedTDCA,1,25,0,0.5127015758684546
1,0.5,3,ImprovedTDCA,2,2,1,1.8375988796642801
1,0.5,3,ImprovedTDCA,3,3,1,1.3820184709425856
1,0.5,3,ImprovedTDCA,4,4,1,1.5271398861986123
1,0.5,3,ImprovedTDCA,5,5,1,0.9611866300644487
1,0.5,3,ImprovedTDCA,6,6,1,0.965962641553298
1,0.5,3,ImprovedTDCA,7,7,1,0.29199923050514753
1,0.5,3,ImprovedTDCA,8,8,1,2.2366180281094437
1,0.5,3,ImprovedTDCA,9,24,0,0.9516171171989651
1,0.5,3,ImprovedTDCA,10,10,1,2.0831277014485075
1,0.5,3,ImprovedTDCA,11,11,1,1.8126688054002866
1,0.5,3,ImprovedTDCA,12,12,1,1.4656178989966828
1,0.5,3,ImprovedTDCA,13,13,1,1.4920462044822214
1,0.5,3,ImprovedTDCA,14,14,1,1.7428280760644173
1,0.5,3,ImprovedTDCA,15,15,1,1.7879843749802837
1,0.5,3,ImprovedTDCA,16,16,1,1.2887719616539264
1,0.5,3,ImprovedTDCA,17,17,1,1.2041999350946058
1,0.5,3,ImprovedTDCA,18,18,1,1.0360298332391848
1,0.5,3,ImprovedTDCA,19,19,1,1.4869961714634254
1,0.5,3,ImprovedTDCA,20,27,0,0.4344357637478531
1,0.5,3,ImprovedTDCA,21,21,1,0.6548244716510236
1,0.5,3,ImprovedTDCA,22,22,1,1.136655176623516
1,0.5,3,ImprovedTDCA,23,23,1,1.353151205360278
1,0.5,3,ImprovedTDCA,24,24,1,2.100397205064267
1,0.5,3,ImprovedTDCA,25,25,1,2.02190510488633
1,0.5,3,ImprovedTDCA,26,26,1,1.442509739014377
1,0.5,3,ImprovedTDCA,27,27,1,1.449550869796365
1,0.5,3,ImprovedTDCA,28,28,1,2.1975595738679057
1,0.5,3,ImprovedTDCA,29,14,0,0.8531051739400866
1,0.5,3,ImprovedTDCA,30,30,1,2.003778828394735
1,0.5,3,ImprovedTDCA,31,31,1,1.5011275488899298
1,0.5,3,ImprovedTDCA,32,32,1,2.3521011174838597
1,0.5,3,ImprovedTDCA,33,33,1,1.3248366115531918
1,0.5,3,ImprovedTDCA,34,34,1,0.20110527036543346
1,0.5,3,ImprovedTDCA,35,35,1,0.6933936855064451
1,0.5,3,ImprovedTDCA,36,18,0,0.11348456754145109
1,0.5,3,ImprovedTDCA,37,37,1,1.8024068932963615
1,0.5,3,ImprovedTDCA,38,38,1,1.0007714159317482
1,0.5,3,ImprovedTDCA,39,39,1,1.3922570046702236
1,0.5,4,TDCA,0,0,1,1.0059407411631676
1,0.5,4,TDCA,1,1,1,0.7994420236225714
1,0.5,4,TDCA,2,2,1,2.1875738315947566
1,0.5,4,TDCA,3,3,1,0.7387095903504726
1,0.5,4,TDCA,4,4,1,1.3802322181545255
1,0.5,4,TDCA,5,5,1,0.9396789642590377
1,0.5,4,TDCA,6,6,1,1.2291031219351707
1,0.5,4,TDCA,7,7,1,0.5883298555018168
1,0.5,4,TDCA,8,8,1,1.1202204003248202
1,0.5,4,TDCA,9,9,1,1.2014596346424076
1,0.5,4,TDCA,10,10,1,1.699337453203554
1,0.5,4,TDCA,11,11,1,0.9343142636437451
1,0.5,4,TDCA,12,12,1,0.9473096177180209
1,0.5,4,TDCA,13,13,1,1.5758736783755753
1,0.5,4,TDCA,14,14,1,1.2693357210021659
1,0.5,4,TDCA,15,15,1,1.7947052756637976
1,0.5,4,TDCA,16,16,1,1.5675784430220276
1,0.5,4,TDCA,17,17,1,1.166788981044372
1,0.5,4,TDCA,18,18,1,1.9453960441955924
1,0.5,4,TDCA,19,19,1,1.1849038140338215
1,0.5,4,TDCA,20,20,1,2.3388501830228825
1,0.5,4,TDCA,21,21,1,0.965513075250702
1,0.5,4,TDCA,22,22,1,0.8396303010312671
1,0.5,4,TDCA,23,23,1,1.3226330139947042
1,0.5,4,TDCA,24,24,1,1.5425672975584812
1,0.5,4,TDCA,25,25,1,1.776513397985107
1,0.5,4,TDCA,26,26,1,1.2864030841919631
1,0.5,4,TDCA,27,18,0,0.33942310398935693
1,0.5,4,TDCA,28,28,1,1.6134343095725663
1,0.5,4,TDCA,29,29,1,0.8448684080302904
1,0.5,4,TDCA,30,30,1,0.12603385470994932
1,0.5,4,TDCA,31,31,1,1.1301279833201654
1,0.5,4,TDCA,32,32,1,1.3875706960825995
1,0.5,4,TDCA,33,33,1,1.2583327029258369
1,0.5,4,TDCA,34,34,1,0.7232935984714133
1,0.5,4,TDCA,35,35,1,0.8370901003212181
1,0.5,4,TDCA,36,36,1,0.39831258506687517
1,0.5,4,TDCA,37,37,1,0.9709344442087986
1,0.5,4,TDCA,38,38,1,1.390228012727142
1,0.5,4,TDCA,39,39,1,0.6329011506362121
1,0.5,4,ImprovedTDCA,0,0,1,0.7684666256298263
1,0.5,4,ImprovedTDCA,1,1,1,1.029970632136397
1,0.5,4,ImprovedTDCA,2,2,1,2.400417063566108
1,0.5,4,ImprovedTDCA,3,3,1,1.7766347073171367
1,0.5,4,ImprovedTDCA,4,4,1,1.7156787901832684
1,0.5,4,ImprovedTDCA,5,5,1,0.715834235886279
1,0.5,4,ImprovedTDCA,6,6,1,1.6142087533155758
1,0.5,4,ImprovedTDCA,7,7,1,1.1539207417011765
1,0.5,4,ImprovedTDCA,8,8,1,0.784823697134629
1,0.5,4,ImprovedTDCA,9,9,1,1.2674537867952078
1,0.5,4,ImprovedTDCA,10,10,1,2.1658640835464316
1,0.5,4,ImprovedTDCA,11,11,1,1.54489923683517
1,0.5,4,ImprovedTDCA,12,12,1,1.8449419033319885
1,0.5,4,ImprovedTDCA,13,13,1,1.6271321491800503
1,0.5,4,ImprovedTDCA,14,14,1,1.3819939744330547
1,0.5,4,ImprovedTDCA,15,15,1,2.316439936182265
1,0.5,4,ImprovedTDCA,16,16,1,1.8137203417820127
1,0.5,4,ImprovedTDCA,17,17,1,1.398411509053601
1,0.5,4,ImprovedTDCA,18,18,1,2.525936801112998
1,0.5,4,ImprovedTDCA,19,19,1,1.910841899151401
1,0.5,4,ImprovedTDCA,20,20,1,2.406379393727156
1,0.5,4,ImprovedTDCA,21,21,1,1.195799567160664
1,0.5,4,ImprovedTDCA,22,22,1,1.1443860758033562
1,0.5,4,ImprovedTDCA,23,23,1,1.1063390906196064
1,0.5,4,ImprovedTDCA,24,24,1,1.8906221963878223
1,0.5,4,ImprovedTDCA,25,25,1,1.847696045090294
1,0.5,4,ImprovedTDCA,26,26,1,1.801972000641396
1,0.5,4,ImprovedTDCA,27,27,1,0.10190425413174253
1,0.5,4,ImprovedTDCA,28,28,1,1.9653805985812545
1,0.5,4,ImprovedTDCA,29,29,1,0.9085289816561035
1,0.5,4,ImprovedTDCA,30,7,0,0.08401070847553616
1,0.5,4,ImprovedTDCA,31,31,1,1.3501725011810262
1,0.5,4,ImprovedTDCA,32,32,1,0.8701157803405049
1,0.5,4,ImprovedTDCA,33,33,1,1.7258248400575942
1,0.5,4,ImprovedTDCA,34,34,1,0.6043928786529418
1,0.5,4,ImprovedTDCA,35,35,1,1.4646811424093913
1,0.5,4,ImprovedTDCA,36,36,1,0.2302214386212782
1,0.5,4,ImprovedTDCA,37,37,1,1.316307067526724
1,0.5,4,ImprovedTDCA,38,38,1,1.5463681715467474
1,0.5,4,ImprovedTDCA,39,39,1,0.1939883420024877
1,0.5,5,TDCA,0,0,1,1.6891139737832794
1,0.5,5,TDCA,1,1,1,0.908862486116762
1,0.5,5,TDCA,2,2,1,2.135161218656993
1,0.5,5,TDCA,3,3,1,0.29437542438896847
1,0.5,5,TDCA,4,4,1,2.3880922435327143
1,0.5,5,TDCA,5,5,1,1.8853975303889547
1,0.5,5,TDCA,6,6,1,1.3066512712384268
1,0.5,5,TDCA,7,7,1,0.48476505378939017
1,0.5,5,TDCA,8,8,1,1.2502709714272506
1,0.5,5,TDCA,9,9,1,1.7115251437984316
1,0.5,5,TDCA,10,10,1,1.1326757031749974
1,0.5,5,TDCA,11,11,1,1.204020406967162
1,0.5,5,TDCA,12,12,1,1.0485488671607812
1,0.5,5,TDCA,13,13,1,1.018545367350471
1,0.5,5,TDCA,14,14,1,0.49313016120858677
1,0.5,5,TDCA,15,15,1,1.129799333684734
1,0.5,5,TDCA,16,16,1,1.6257240375499873
1,0.5,5,TDCA,17,17,1,1.2267988143827337
1,0.5,5,TDCA,18,18,1,1.8335046038183975
1,0.5,5,TDCA,19,37,0,0.18235214977257752
1,0.5,5,TDCA,20,20,1,1.19839675246542
1,0.5,5,TDCA,21,21,1,1.0952033872490816
1,0.5,5,TDCA,22,22,1,0.5952043385323924
1,0.5,5,TDCA,23,23,1,1.4184919796729185
1,0.5,5,TDCA,24,24,1,0.34594805303523724
1,0.5,5,TDCA,25,25,1,2.0960653330239345
1,0.5,5,TDCA,26,26,1,0.0057917285723836365
1,0.5,5,TDCA,27,27,1,0.8941441989729351
1,0.5,5,TDCA,28,28,1,2.1594114341406616
1,0.5,5,TDCA,29,29,1,0.39004151061017245
1,0.5,5,TDCA,30,30,1,1.2220765722326805
1,0.5,5,TDCA,31,31,1,1.922892718913527
1,0.5,5,TDCA,32,32,1,1.370928264951678
1,0.5,5,TDCA,33,33,1,1.8244342666308797
1,0.5,5,TDCA,34,34,1,0.5659053978263318
1,0.5,5,TDCA,35,35,1,0.1887255772116163
1,0.5,5,TDCA,36,36,1,0.5450283858140348
1,0.5,5,TDCA,37,37,1,0.5323994725080214
1,0.5,5,TDCA,38,38,1,0.3044812653540441
1,0.5,5,TDCA,39,39,1,0.2668510547026992
1,0.5,5,ImprovedTDCA,0,0,1,1.8513622873660114
1,0.5,5,ImprovedTDCA,1,1,1,1.0467252009806813
1,0.5,5,ImprovedTDCA,2,2,1,2.0929566549502807
1,0.5,5,ImprovedTDCA,3,3,1,0.3953444740984253
1,0.5,5,ImprovedTDCA,4,4,1,2.275122493681944
1,0.5,5,ImprovedTDCA,5,5,1,1.8631621733167367
1,0.5,5,ImprovedTDCA,6,6,1,1.7075591153070075
1,0.5,5,ImprovedTDCA,7,7,1,0.7416535671621864
1,0.5,5,ImprovedTDCA,8,8,1,1.408341968901264
1,0.5,5,ImprovedTDCA,9,9,1,1.721939749006203
1,0.5,5,ImprovedTDCA,10,10,1,1.479932395843345
1,0.5,5,ImprovedTDCA,11,11,1,1.3901451727027427
1,0.5,5,ImprovedTDCA,12,12,1,1.1041296425480502
1,0.5,5,ImprovedTDCA,13,13,1,1.090174092394362
1,0.5,5,ImprovedTDCA,14,14,1,0.7652594656786986
1,0.5,5,ImprovedTDCA,15,15,1,1.3980405111210885
1,0.5,5,ImprovedTDCA,16,16,1,1.7967598247920007
1,0.5,5,ImprovedTDCA,17,17,1,1.5211696042673397
1,0.5,5,ImprovedTDCA,18,18,1,1.8340387962273175
1,0.5,5,ImprovedTDCA,19,31,0,0.07217295194250206
1,0.5,5,ImprovedTDCA,20,20,1,1.4148919783138107
1,0.5,5,ImprovedTDCA,21,21,1,1.2527409249459927
1,0.5,5,ImprovedTDCA,22,22,1,0.6693139748498198
1,0.5,5,ImprovedTDCA,23,23,1,1.3850729448779289
1,0.5,5,ImprovedTDCA,24,24,1,0.5483626468754303
1,0.5,5,ImprovedTDCA,25,25,1,2.019118132339761
1,0.5,5,ImprovedTDCA,26,26,1,0.05898805394093798
1,0.5,5,ImprovedTDCA,27,27,1,0.9099644694556444
1,0.5,5,ImprovedTDCA,28,28,1,2.429950338204457
1,0.5,5,ImprovedTDCA,29,29,1,0.657464764768988
1,0.5,5,ImprovedTDCA,30,30,1,1.5028873998057295
1,0.5,5,ImprovedTDCA,31,31,1,2.0137509964163023
1,0.5,5,ImprovedTDCA,32,32,1,1.3211337175695128
1,0.5,5,ImprovedTDCA,33,33,1,1.6996591805213526
1,0.5,5,ImprovedTDCA,34,34,1,0.7314137936012703
1,0.5,5,ImprovedTDCA,35,35,1,0.3628168917368153
1,0.5,5,ImprovedTDCA,36,36,1,0.586175988794444
1,0.5,5,ImprovedTDCA,37,37,1,0.4658747023841472
1,0.5,5,ImprovedTDCA,38,38,1,0.2616926036026581
1,0.5,5,ImprovedTDCA,39,39,1,0.4857440244668729
1,0.8,0,TDCA,0,0,1,1.3545782742503185
1,0.8,0,TDCA,1,1,1,2.282861503016194
1,0.8,0,TDCA,2,2,1,2.4580546383045285
1,0.8,0,TDCA,3,3,1,1.7192227831975575
1,0.8,0,TDCA,4,4,1,2.0430932818125473
1,0.8,0,TDCA,5,5,1,1.0492427390463235
1,0.8,0,TDCA,6,6,1,1.770773727933376
1,0.8,0,TDCA,7,31,0,0.4386954619909429
1,0.8,0,TDCA,8,8,1,3.086356868014855
1,0.8,0,TDCA,9,9,1,3.0992131527952305
1,0.8,0,TDCA,10,10,1,2.9795311695546847
1,0.8,0,TDCA,11,11,1,2.456730191974127
1,0.8,0,TDCA,12,12,1,2.1473494869965855
1,0.8,0,TDCA,13,13,1,1.7195019605841853
1,0.8,0,TDCA,14,14,1,1.6576369915115166
1,0.8,0,TDCA,15,15,1,0.41666895542708016
1,0.8,0,TDCA,16,16,1,1.9380070657434254
1,0.8,0,TDCA,17,17,1,1.7212568595709046
1,0.8,0,TDCA,18,18,1,3.0975984321754204
1,0.8,0,TDCA,19,19,1,0.6650426035568153
1,0.8,0,TDCA,20,20,1,0.6691700818136752
1,0.8,0,TDCA,21,21,1,1.9434004292134566
1,0.8,0,TDCA,22,22,1,0.42579943194138425
1,0.8,0,TDCA,23,23,1,0.8697468646898683
1,0.8,0,TDCA,24,24,1,3.0145304756214726
1,0.8,0,TDCA,25,25,1,1.9996200457410032
1,0.8,0,TDCA,26,26,1,3.16965263183877
1,0.8,0,TDCA,27,27,1,1.337455871177147
1,0.8,0,TDCA,28,28,1,2.387733197153211
1,0.8,0,TDCA,29,29,1,1.5274260079702695
1,0.8,0,TDCA,30,30,1,2.5132610845198116
1,0.8,0,TDCA,31,31,1,0.016541191114429976
1,0.8,0,TDCA,32,32,1,0.9792154461079492
1,0.8,0,TDCA,33,33,1,2.685097709703996
1,0.8,0,TDCA,34,34,1,1.3549720306460016
1,0.8,0,TDCA,35,35,1,1.4453533122543032
1,0.8,0,TDCA,36,36,1,2.1005186142549785
1,0.8,0,TDCA,37,37,1,1.7589582142627795
1,0.8,0,TDCA,38,38,1,1.941100491939211
1,0.8,0,TDCA,39,10,0,0.17425368068147895
1,0.8,0,ImprovedTDCA,0,0,1,1.2894550228241726
1,0.8,0,ImprovedTDCA,1,1,1,2.634566696193464
1,0.8,0,ImprovedTDCA,2,2,1,2.9521740264242844
1,0.8,0,ImprovedTDCA,3,3,1,2.14019177735204
1,0.8,0,ImprovedTDCA,4,4,1,2.0872843726181687
1,0.8,0,ImprovedTDCA,5,5,1,1.0772995138374246
1,0.8,0,ImprovedTDCA,6,6,1,2.17855636724486
1,0.8,0,ImprovedTDCA,7,31,0,0.39556835928604395
1,0.8,0,ImprovedTDCA,8,8,1,3.3648812892224003
1,0.8,0,ImprovedTDCA,9,9,1,3.440715855965526
1,0.8,0,ImprovedTDCA,10,10,1,3.1753580520328937
1,0.8,0,ImprovedTDCA,11,11,1,2.9718127316128102
1,0.8,0,ImprovedTDCA,12,12,1,2.4770230428664037
1,0.8,0,ImprovedTDCA,13,13,1,1.917341627619278
1,0.8,0,ImprovedTDCA,14,14,1,1.6045530933477894
1,0.8,0,ImprovedTDCA,15,15,1,0.7514342669725718
1,0.8,0,ImprovedTDCA,16,16,1,2.0637664151372364
1,0.8,0,ImprovedTDCA,17,17,1,1.8547411519874597
1,0.8,0,ImprovedTDCA,18,18,1,3.496715637852243
1,0.8,0,ImprovedTDCA,19,19,1,0.8217137345997334
1,0.8,0,ImprovedTDCA,20,20,1,0.49950792138432076
1,0.8,0,ImprovedTDCA,21,21,1,2.6148846908421155
1,0.8,0,ImprovedTDCA,22,22,1,0.6746097606185619
1,0.8,0,ImprovedTDCA,23,23,1,1.1921405908732257
1,0.8,0,ImprovedTDCA,24,24,1,3.1118789907735467
1,0.8,0,ImprovedTDCA,25,25,1,2.3950447670556363
1,0.8,0,ImprovedTDCA,26,26,1,3.4616733168641067
1,0.8,0,ImprovedTDCA,27,27,1,1.7606020856267677
1,0.8,0,ImprovedTDCA,28,28,1,2.380706325913198
1,0.8,0,ImprovedTDCA,29,29,1,1.8769517365100978
1,0.8,0,ImprovedTDCA,30,30,1,2.9408405437405634
1,0.8,0,ImprovedTDCA,31,31,1,0.23188743004025247
1,0.8,0,ImprovedTDCA,32,32,1,1.458948114581233
1,0.8,0,ImprovedTDCA,33,33,1,2.8250342168049123
1,0.8,0,ImprovedTDCA,34,34,1,1.23601082219211
1,0.8,0,ImprovedTDCA,35,35,1,1.6854545472863127
1,0.8,0,ImprovedTDCA,36,36,1,2.1486107268045727
1,0.8,0,ImprovedTDCA,37,37,1,2.094086786484667
1,0.8,0,ImprovedTDCA,38,38,1,2.0769762635480618
1,0.8,0,ImprovedTDCA,39,10,0,0.20438684760636816
1,0.8,1,TDCA,0,0,1,1.2570846688596837
1,0.8,1,TDCA,1,1,1,2.014648278839318
1,0.8,1,TDCA,2,2,1,3.2817990455183903
1,0.8,1,TDCA,3,3,1,2.3180417749245574
1,0.8,1,TDCA,4,4,1,2.1880808696307925
1,0.8,1,TDCA,5,5,1,1.9675357537620397
1,0.8,1,TDCA,6,6,1,0.14658041679706058
1,0.8,1,TDCA,7,7,1,1.4646841747853911
1,0.8,1,TDCA,8,8,1,1.9183550554993252
1,0.8,1,TDCA,9,9,1,2.718256131182682
1,0.8,1,TDCA,10,10,1,0.8227522460143202
1,0.8,1,TDCA,11,11,1,2.1177692811950912
1,0.8,1,TDCA,12,12,1,2.061443991883309
1,0.8,1,TDCA,13,13,1,0.1670501325559961
1,0.8,1,TDCA,14,14,1,1.5041560076949532
1,0.8,1,TDCA,15,15,1,2.470987783180108
1,0.8,1,TDCA,16,16,1,2.720946243988352
1,0.8,1,TDCA,17,17,1,1.1558486131940018
1,0.8,1,TDCA,18,18,1,1.2462827070517806
1,0.8,1,TDCA,19,19,1,1.0996432335190316
1,0.8,1,TDCA,20,20,1,2.016509486819631
1,0.8,1,TDCA,21,21,1,0.6275900937788457
1,0.8,1,TDCA,22,22,1,2.090630110587088
1,0.8,1,TDCA,23,23,1,1.3187172713071376
1,0.8,1,TDCA,24,24,1,1.82143783177409
1,0.8,1,TDCA,25,25,1,1.8870559959495747
1,0.8,1,TDCA,26,26,1,2.2379627707604435
1,0.8,1,TDCA,27,27,1,0.7800461720243304
1,0.8,1,TDCA,28,28,1,1.4287761704006339
1,0.8,1,TDCA,29,29,1,1.6562698599821946
1,0.8,1,TDCA,30,30,1,0.8889048753003825
1,0.8,1,TDCA,31,31,1,0.3802116194793457
1,0.8,1,TDCA,32,32,1,2.596147820876947
1,0.8,1,TDCA,33,33,1,2.0154854205973614
1,0.8,1,TDCA,34,34,1,1.2644582135356102
1,0.8,1,TDCA,35,35,1,0.39551167108163465
1,0.8,1,TDCA,36,36,1,1.034747050568718
1,0.8,1,TDCA,37,37,1,1.1453189673414124
1,0.8,1,TDCA,38,38,1,0.9510694857116038
1,0.8,1,TDCA,39,39,1,1.317121420840195
1,0.8,1,ImprovedTDCA,0,0,1,1.5502552863208026
1,0.8,1,ImprovedTDCA,1,1,1,2.5939135151194233
1,0.8,1,ImprovedTDCA,2,2,1,3.477352259287014
1,0.8,1,ImprovedTDCA,3,3,1,3.031421532471679
1,0.8,1,ImprovedTDCA,4,4,1,2.710944573868229
1,0.8,1,ImprovedTDCA,5,5,1,1.5452593937119796
1,0.8,1,ImprovedTDCA,6,6,1,0.6312017369115765
1,0.8,1,ImprovedTDCA,7,7,1,1.5219694880984316
1,0.8,1,ImprovedTDCA,8,8,1,2.433361655916751
1,0.8,1,ImprovedTDCA,9,9,1,2.975708015617467
1,0.8,1,ImprovedTDCA,10,10,1,1.0602483232719446
1,0.8,1,ImprovedTDCA,11,11,1,2.0980561909808433
1,0.8,1,ImprovedTDCA,12,12,1,2.8581623915011725
1,0.8,1,ImprovedTDCA,13,13,1,0.3166867027418152
1,0.8,1,ImprovedTDCA,14,14,1,1.9073130149788726
1,0.8,1,ImprovedTDCA,15,15,1,2.240229378116105
1,0.8,1,ImprovedTDCA,16,16,1,3.3709048936524706
1,0.8,1,ImprovedTDCA,17,17,1,1.9432827130840065
1,0.8,1,ImprovedTDCA,18,18,1,1.6906013098910568
1,0.8,1,ImprovedTDCA,19,19,1,1.8428294523993127
1,0.8,1,ImprovedTDCA,20,20,1,2.2515688618203247
1,0.8,1,ImprovedTDCA,21,21,1,1.2087284922949628
1,0.8,1,ImprovedTDCA,22,22,1,2.377775750774691
1,0.8,1,ImprovedTDCA,23,23,1,1.5219421813339473
1,0.8,1,ImprovedTDCA,24,24,1,2.2749839267611685
1,0.8,1,ImprovedTDCA,25,25,1,2.3123251278085926
1,0.8,1,ImprovedTDCA,26,26,1,2.6521515808468274
1,0.8,1,ImprovedTDCA,27,27,1,1.0427033002884958
1,0.8,1,ImprovedTDCA,28,28,1,1.6004886137052565
1,0.8,1,ImprovedTDCA,29,29,1,1.9101273170292847
1,0.8,1,ImprovedTDCA,30,30,1,1.4831377856876937
1,0.8,1,ImprovedTDCA,31,31,1,0.5906255182984967
1,0.8,1,ImprovedTDCA,32,32,1,2.805259517625548
1,0.8,1,ImprovedTDCA,33,33,1,2.2513512083499383
1,0.8,1,ImprovedTDCA,34,34,1,0.8549003411071157
1,0.8,1,ImprovedTDCA,35,35,1,0.3839210153266128
1,0.8,1,ImprovedTDCA,36,36,1,1.2326966718998706
1,0.8,1,ImprovedTDCA,37,37,1,1.3723278613000724
1,0.8,1,ImprovedTDCA,38,38,1,0.9321983452116953
1,0.8,1,ImprovedTDCA,39,39,1,1.3792423527250106
1,0.8,2,TDCA,0,0,1,1.8870228238798108
1,0.8,2,TDCA,1,1,1,3.087582241051218
1,0.8,2,TDCA,2,2,1,2.4197168232827053
1,0.8,2,TDCA,3,3,1,2.515238302409853
1,0.8,2,TDCA,4,4,1,1.1159800628307561
1,0.8,2,TDCA,5,5,1,1.686734553251162
1,0.8,2,TDCA,6,6,1,1.2926991884737702
1,0.8,2,TDCA,7,7,1,1.9599644156848186
1,0.8,2,TDCA,8,8,1,2.3844543802279494
1,0.8,2,TDCA,9,9,1,1.699085830324095
1,0.8,2,TDCA,10,10,1,0.7120759202564853
1,0.8,2,TDCA,11,11,1,1.6891094342402044
1,0.8,2,TDCA,12,12,1,2.80351155983834
1,0.8,2,TDCA,13,13,1,0.23724440831579519
1,0.8,2,TDCA,14,14,1,1.6348049253538903
1,0.8,2,TDCA,15,15,1,1.9746643966791746
1,0.8,2,TDCA,16,16,1,2.8713678465723773
1,0.8,2,TDCA,17,17,1,2.6682831056551737
1,0.8,2,TDCA,18,18,1,2.775650462556799
1,0.8,2,TDCA,19,19,1,1.9291560280730071
1,0.8,2,TDCA,20,20,1,1.4250373688009272
1,0.8,2,TDCA,21,21,1,2.2012165841643174
1,0.8,2,TDCA,22,22,1,1.7606859981525886
1,0.8,2,TDCA,23,23,1,1.153499285067301
1,0.8,2,TDCA,24,24,1,2.5250125342584773
1,0.8,2,TDCA,25,25,1,2.473439749760187
1,0.8,2,TDCA,26,26,1,2.067210874632248
1,0.8,2,TDCA,27,27,1,1.7457263207495926
1,0.8,2,TDCA,28,28,1,2.3479615597487893
1,0.8,2,TDCA,29,29,1,2.612756826858031
1,0.8,2,TDCA,30,30,1,1.6080725125806978
1,0.8,2,TDCA,31,31,1,1.945760849423527
1,0.8,2,TDCA,32,32,1,3.103121051578815
1,0.8,2,TDCA,33,33,1,2.6872047653602023
1,0.8,2,TDCA,34,34,1,1.3524799148975206
1,0.8,2,TDCA,35,35,1,1.9624851920815531
1,0.8,2,TDCA,36,36,1,1.1473736585195775
1,0.8,2,TDCA,37,37,1,1.4674761613824046
1,0.8,2,TDCA,38,38,1,1.520772761994606
1,0.8,2,TDCA,39,39,1,0.4535832961839139
1,0.8,2,ImprovedTDCA,0,0,1,1.8802095863370865
1,0.8,2,ImprovedTDCA,1,1,1,3.3078743511719573
1,0.8,2,ImprovedTDCA,2,2,1,2.6542901052826817
1,0.8,2,ImprovedTDCA,3,3,1,2.741015767109556
1,0.8,2,ImprovedTDCA,4,4,1,1.2951811050502626
1,0.8,2,ImprovedTDCA,5,5,1,2.033206351707716
1,0.8,2,ImprovedTDCA,6,6,1,1.5952898441671834
1,0.8,2,ImprovedTDCA,7,7,1,2.0164565456150303
1,0.8,2,ImprovedTDCA,8,8,1,2.362050270230818
1,0.8,2,ImprovedTDCA,9,9,1,1.698736847230835
1,0.8,2,ImprovedTDCA,10,10,1,0.8973050733597843
1,0.8,2,ImprovedTDCA,11,11,1,1.929615264205809
1,0.8,2,ImprovedTDCA,12,12,1,2.8578344553801562
1,0.8,2,ImprovedTDCA,13,13,1,0.277988142676433
1,0.8,2,ImprovedTDCA,14,14,1,1.7162711902580723
1,0.8,2,ImprovedTDCA,15,15,1,2.188766080472827
1,0.8,2,ImprovedTDCA,16,16,1,2.805604579510545
1,0.8,2,ImprovedTDCA,17,17,1,3.0716647264455483
1,0.8,2,ImprovedTDCA,18,18,1,2.9373589901066106
1,0.8,2,ImprovedTDCA,19,19,1,2.10734450075058
1,0.8,2,ImprovedTDCA,20,20,1,1.7472176230712413
1,0.8,2,ImprovedTDCA,21,21,1,2.6302699810206986
1,0.8,2,ImprovedTDCA,22,22,1,2.127922059005465
1,0.8,2,ImprovedTDCA,23,23,1,1.2793701544154668
1,0.8,2,ImprovedTDCA,24,24,1,2.5698364668030296
1,0.8,2,ImprovedTDCA,25,25,1,2.6614806239966446
1,0.8,2,ImprovedTDCA,26,26,1,2.3870679531294714
1,0.8,2,ImprovedTDCA,27,27,1,1.8831622127887382
1,0.8,2,ImprovedTDCA,28,28,1,2.3671790548991694
1,0.8,2,ImprovedTDCA,29,29,1,2.639646937418485
1,0.8,2,ImprovedTDCA,30,30,1,1.6104734102186278
1,0.8,2,ImprovedTDCA,31,31,1,1.8009932982595072
1,0.8,2,ImprovedTDCA,32,32,1,3.2447016980839862
1,0.8,2,ImprovedTDCA,33,33,1,2.641453851198621
1,0.8,2,ImprovedTDCA,34,34,1,1.2346710064479338
1,0.8,2,ImprovedTDCA,35,35,1,2.1983249680559873
1,0.8,2,ImprovedTDCA,36,36,1,1.3537638272269188
1,0.8,2,ImprovedTDCA,37,37,1,1.48489191045659
1,0.8,2,ImprovedTDCA,38,38,1,1.462928314242454
1,0.8,2,ImprovedTDCA,39,39,1,0.4184284958400468
1,0.8,3,TDCA,0,0,1,0.9414753246800092
1,0.8,3,TDCA,1,1,1,0.38034398995040886
1,0.8,3,TDCA,2,2,1,2.245558794710724
1,0.8,3,TDCA,3,3,1,1.7477497972393148
1,0.8,3,TDCA,4,4,1,1.8128999966197088
1,0.8,3,TDCA,5,5,1,1.5565741844715624
1,0.8,3,TDCA,6,6,1,0.871181894621528
1,0.8,3,TDCA,7,7,1,1.306945020854991
1,0.8,3,TDCA,8,8,1,2.14922603172861
1,0.8,3,TDCA,9,9,1,1.5350347022071948
1,0.8,3,TDCA,10,10,1,2.2766688342395427
1,0.8,3,TDCA,11,11,1,1.9119995014598712
1,0.8,3,TDCA,12,12,1,2.0669761460840035
1,0.8,3,TDCA,13,13,1,1.2002660784684034
1,0.8,3,TDCA,14,14,1,1.8687021319266295
1,0.8,3,TDCA,15,15,1,1.4986156676407354
1,0.8,3,TDCA,16,16,1,3.091096303005745
1,0.8,3,TDCA,17,17,1,2.9398783294871382
1,0.8,3,TDCA,18,18,1,2.1223958722375627
1,0.8,3,TDCA,19,19,1,1.9097244008615708
1,0.8,3,TDCA,20,20,1,1.5780022754384568
1,0.8,3,TDCA,21,21,1,0.8942035383153564
1,0.8,3,TDCA,22,22,1,1.7003611118364157
1,0.8,3,TDCA,23,23,1,2.1794190053541813
1,0.8,3,TDCA,24,24,1,2.8921495753285518
1,0.8,3,TDCA,25,25,1,2.1965001354045697
1,0.8,3,TDCA,26,26,1,1.6651955210288736
1,0.8,3,TDCA,27,27,1,1.4509013624963054
1,0.8,3,TDCA,28,28,1,2.309748715538208
1,0.8,3,TDCA,29,29,1,1.0629140481969461
1,0.8,3,TDCA,30,30,1,1.8346166963818349
1,0.8,3,TDCA,31,31,1,2.3231804419002327
1,0.8,3,TDCA,32,32,1,1.963168035422276
1,0.8,3,TDCA,33,33,1,1.1859196486956114
1,0.8,3,TDCA,34,34,1,1.6947271162283821
1,0.8,3,TDCA,35,35,1,1.1467616590372327
1,0.8,3,TDCA,36,14,0,0.18998813901855205
1,0.8,3,TDCA,37,37,1,1.6017043732311018
1,0.8,3,TDCA,38,38,1,1.1987724360218441
1,0.8,3,TDCA,39,39,1,1.6192851123602852
1,0.8,3,ImprovedTDCA,0,0,1,1.256818551682784
1,0.8,3,ImprovedTDCA,1,1,1,0.44069230374533896
1,0.8,3,ImprovedTDCA,2,2,1,2.9443719435832456
1,0.8,3,ImprovedTDCA,3,3,1,2.218390052590737
1,0.8,3,ImprovedTDCA,4,4,1,2.229852157839176
1,0.8,3,ImprovedTDCA,5,5,1,1.7614352987769943
1,0.8,3,ImprovedTDCA,6,6,1,1.1637588261472755
1,0.8,3,ImprovedTDCA,7,7,1,1.6134292094063616
1,0.8,3,ImprovedTDCA,8,8,1,2.73210716026994
1,0.8,3,ImprovedTDCA,9,9,1,1.8924697222313276
1,0.8,3,ImprovedTDCA,10,10,1,2.647385791825559
1,0.8,3,ImprovedTDCA,11,11,1,2.8368779629524212
1,0.8,3,ImprovedTDCA,12,12,1,2.665603942176727
1,0.8,3,ImprovedTDCA,13,13,1,1.3999380762979066
1,0.8,3,ImprovedTDCA,14,14,1,2.531248810205682
1,0.8,3,ImprovedTDCA,15,15,1,1.6590162736645158
1,0.8,3,ImprovedTDCA,16,16,1,3.2974785878870843
1,0.8,3,ImprovedTDCA,17,17,1,3.4437629317622975
1,0.8,3,ImprovedTDCA,18,18,1,2.754301753153002
1,0.8,3,ImprovedTDCA,19,19,1,2.1317646375014254
1,0.8,3,ImprovedTDCA,20,20,1,1.6558889115967927
1,0.8,3,ImprovedTDCA,21,21,1,1.2755518067123188
1,0.8,3,ImprovedTDCA,22,22,1,2.5515917928911493
1,0.8,3,ImprovedTDCA,23,23,1,2.5050248125997103
1,0.8,3,ImprovedTDCA,24,24,1,2.8761926718262845
1,0.8,3,ImprovedTDCA,25,25,1,2.129053605228079
1,0.8,3,ImprovedTDCA,26,26,1,2.325428943101378
1,0.8,3,ImprovedTDCA,27,27,1,1.9844288702992492
1,0.8,3,ImprovedTDCA,28,28,1,2.742680543341633
1,0.8,3,ImprovedTDCA,29,29,1,1.2383625536210254
1,0.8,3,ImprovedTDCA,30,30,1,2.083225007238953
1,0.8,3,ImprovedTDCA,31,31,1,2.6081762694484385
1,0.8,3,ImprovedTDCA,32,32,1,2.433091601532032
1,0.8,3,ImprovedTDCA,33,33,1,1.55611637921429
1,0.8,3,ImprovedTDCA,34,34,1,1.7804376143682217
1,0.8,3,ImprovedTDCA,35,35,1,1.6012021829917966
1,0.8,3,ImprovedTDCA,36,14,0,0.07322248698930034
1,0.8,3,ImprovedTDCA,37,37,1,1.6916223345839203
1,0.8,3,ImprovedTDCA,38,38,1,0.8808713147911935
1,0.8,3,ImprovedTDCA,39,39,1,1.4912728324794915
1,0.8,4,TDCA,0,0,1,2.056817240803024
1,0.8,4,TDCA,1,1,1,1.8888033111306075
1,0.8,4,TDCA,2,2,1,2.969306670281262
1,0.8,4,TDCA,3,3,1,1.9110978060597283
1,0.8,4,TDCA,4,4,1,2.06816478845132
1,0.8,4,TDCA,5,5,1,1.3209243197230383
1,0.8,4,TDCA,6,6,1,1.8638578947547713
1,0.8,4,TDCA,7,7,1,1.9289223342443722
1,0.8,4,TDCA,8,8,1,2.2644912425025154
1,0.8,4,TDCA,9,9,1,2.918314987818375
1,0.8,4,TDCA,10,10,1,1.2643578056369447
1,0.8,4,TDCA,11,11,1,2.9245240820808
1,0.8,4,TDCA,12,12,1,1.9787349483118368
1,0.8,4,TDCA,13,13,1,1.9309651945547799
1,0.8,4,TDCA,14,14,1,2.4194219751166424
1,0.8,4,TDCA,15,15,1,1.9964930177454734
1,0.8,4,TDCA,16,16,1,3.078696760530059
1,0.8,4,TDCA,17,17,1,2.2626017527129836
1,0.8,4,TDCA,18,18,1,3.471854935137989
1,0.8,4,TDCA,19,19,1,1.694286665933156
1,0.8,4,TDCA,20,20,1,2.018519577761727
1,0.8,4,TDCA,21,21,1,2.202251363901088
1,0.8,4,TDCA,22,24,0,0.06469145880139471
1,0.8,4,TDCA,23,14,0,0.1323665400758487
1,0.8,4,TDCA,24,24,1,2.1776651254490567
1,0.8,4,TDCA,25,25,1,2.735391239777636
1,0.8,4,TDCA,26,26,1,1.6763196873665835
1,0.8,4,TDCA,27,27,1,1.4464490694108922
1,0.8,4,TDCA,28,28,1,1.976391824733426
1,0.8,4,TDCA,29,29,1,1.7128419910033597
1,0.8,4,TDCA,30,30,1,0.7148123449608854
1,0.8,4,TDCA,31,31,1,2.4937491332584996
1,0.8,4,TDCA,32,32,1,1.0702417635021058
1,0.8,4,TDCA,33,33,1,2.182097360644489
1,0.8,4,TDCA,34,34,1,1.462637436337368
1,0.8,4,TDCA,35,35,1,2.3630418098458668
1,0.8,4,TDCA,36,36,1,1.7773633886183613
1,0.8,4,TDCA,37,37,1,1.3380990730158717
1,0.8,4,TDCA,38,38,1,1.429998742031984
1,0.8,4,TDCA,39,39,1,1.6136130814743659
1,0.8,4,ImprovedTDCA,0,0,1,2.338477156224034
1,0.8,4,ImprovedTDCA,1,1,1,2.769293632531213
1,0.8,4,ImprovedTDCA,2,2,1,3.368710493970485
1,0.8,4,ImprovedTDCA,3,3,1,2.1002599392065644
1,0.8,4,ImprovedTDCA,4,4,1,2.829143780709413
1,0.8,4,ImprovedTDCA,5,5,1,1.766177667739013
1,0.8,4,ImprovedTDCA,6,6,1,3.046050753843283
1,0.8,4,ImprovedTDCA,7,7,1,2.639601868027232
1,0.8,4,ImprovedTDCA,8,8,1,3.308947591343081
1,0.8,4,ImprovedTDCA,9,9,1,2.797484917767064
1,0.8,4,ImprovedTDCA,10,10,1,2.4277319678253346
1,0.8,4,ImprovedTDCA,11,11,1,3.0611956297121745
1,0.8,4,ImprovedTDCA,12,12,1,3.239330608303999
1,0.8,4,ImprovedTDCA,13,13,1,0.8278935204445959
1,0.8,4,ImprovedTDCA,14,14,1,2.4108333152183437
1,0.8,4,ImprovedTDCA,15,15,1,2.518832354829753
1,0.8,4,ImprovedTDCA,16,16,1,4.037151227043559
1,0.8,4,ImprovedTDCA,17,17,1,2.319085512844996
1,0.8,4,ImprovedTDCA,18,18,1,3.8677099989777792
1,0.8,4,ImprovedTDCA,19,19,1,1.864348897101714
1,0.8,4,ImprovedTDCA,20,20,1,2.212271184277803
1,0.8,4,ImprovedTDCA,21,21,1,2.3615923677489157
1,0.8,4,ImprovedTDCA,22,22,1,0.5438942450431021
1,0.8,4,ImprovedTDCA,23,38,0,0.06806705791858647
1,0.8,4,ImprovedTDCA,24,24,1,3.6539721015061346
1,0.8,4,ImprovedTDCA,25,25,1,3.3045148662730233
1,0.8,4,ImprovedTDCA,26,26,1,1.767193735564669
1,0.8,4,ImprovedTDCA,27,27,1,1.6204150073830021
1,0.8,4,ImprovedTDCA,28,28,1,1.5918498218336148
1,0.8,4,ImprovedTDCA,29,29,1,0.6112736754260797
1,0.8,4,ImprovedTDCA,30,30,1,0.6772524141406824
1,0.8,4,ImprovedTDCA,31,31,1,3.029726585215407
1,0.8,4,ImprovedTDCA,32,38,0,0.3941063984841833
1,0.8,4,ImprovedTDCA,33,33,1,1.378204221367735
1,0.8,4,ImprovedTDCA,34,34,1,2.4828943198968143
1,0.8,4,ImprovedTDCA,35,35,1,2.5184044822594354
1,0.8,4,ImprovedTDCA,36,36,1,2.396510090156058
1,0.8,4,ImprovedTDCA,37,37,1,1.1878914452835723
1,0.8,4,ImprovedTDCA,38,38,1,1.7801165400533419
1,0.8,4,ImprovedTDCA,39,39,1,1.4709808463456924
1,0.8,5,TDCA,0,0,1,1.9675548683398203
1,0.8,5,TDCA,1,1,1,1.8429749637026291
1,0.8,5,TDCA,2,2,1,2.5326959308582646
1,0.8,5,TDCA,3,3,1,1.4758431987955383
1,0.8,5,TDCA,4,4,1,1.8149918852317464
1,0.8,5,TDCA,5,5,1,2.4265411280877487
1,0.8,5,TDCA,6,6,1,1.5572122386736067
1,0.8,5,TDCA,7,7,1,1.5159792119409292
1,0.8,5,TDCA,8,8,1,2.3149489159957612
1,0.8,5,TDCA,9,9,1,2.4157905586018185
1,0.8,5,TDCA,10,10,1,1.9644215637566629
1,0.8,5,TDCA,11,11,1,2.512264830171078
1,0.8,5,TDCA,12,12,1,2.6668204440591374
1,0.8,5,TDCA,13,13,1,0.7454612964981808
1,0.8,5,TDCA,14,14,1,1.8432414402306532
1,0.8,5,TDCA,15,15,1,1.8862084184592687
1,0.8,5,TDCA,16,16,1,2.4711965667570457
1,0.8,5,TDCA,17,17,1,2.336527354599405
1,0.8,5,TDCA,18,18,1,2.9726926181108233
1,0.8,5,TDCA,19,10,0,0.48690358097345254
1,0.8,5,TDCA,20,20,1,2.2647224217500135
1,0.8,5,TDCA,21,21,1,1.6370743508774446
1,0.8,5,TDCA,22,22,1,1.9887881537106216
1,0.8,5,TDCA,23,23,1,1.8832413223350837
1,0.8,5,TDCA,24,24,1,2.03448319067784
1,0.8,5,TDCA,25,25,1,2.2382324221628087
1,0.8,5,TDCA,26,26,1,0.653216491945108
1,0.8,5,TDCA,27,27,1,1.751968739779811
1,0.8,5,TDCA,28,28,1,2.713979335341966
1,0.8,5,TDCA,29,29,1,2.0560131572949985
1,0.8,5,TDCA,30,30,1,1.9187997158086483
1,0.8,5,TDCA,31,31,1,2.056561847568571
1,0.8,5,TDCA,32,32,1,0.9479588391765619
1,0.8,5,TDCA,33,33,1,2.8305721280000555
1,0.8,5,TDCA,34,34,1,1.4849279773963482
1,0.8,5,TDCA,35,35,1,1.1157648478975686
1,0.8,5,TDCA,36,36,1,1.3611676819712957
1,0.8,5,TDCA,37,37,1,1.1648489524015009
1,0.8,5,TDCA,38,38,1,0.8827967856257732
1,0.8,5,TDCA,39,39,1,1.0980445936181884
1,0.8,5,ImprovedTDCA,0,0,1,2.505429541708776
1,0.8,5,ImprovedTDCA,1,1,1,2.634628118283276
1,0.8,5,ImprovedTDCA,2,2,1,2.964029448327033
1,0.8,5,ImprovedTDCA,3,3,1,1.9817084490630665
1,0.8,5,ImprovedTDCA,4,4,1,2.251464055832948
1,0.8,5,ImprovedTDCA,5,5,1,3.039537217399671
1,0.8,5,ImprovedTDCA,6,6,1,1.5799309019697256
1,0.8,5,ImprovedTDCA,7,7,1,2.1293638884216697
1,0.8,5,ImprovedTDCA,8,8,1,2.9396686611258174
1,0.8,5,ImprovedTDCA,9,9,1,2.9628088967651394
1,0.8,5,ImprovedTDCA,10,10,1,2.4643481228755704
1,0.8,5,ImprovedTDCA,11,11,1,3.2692747337944885
1,0.8,5,ImprovedTDCA,12,12,1,3.3067795548134424
1,0.8,5,ImprovedTDCA,13,13,1,1.0509538317683589
1,0.8,5,ImprovedTDCA,14,14,1,2.412463132002661
1,0.8,5,ImprovedTDCA,15,15,1,2.411013653403648
1,0.8,5,ImprovedTDCA,16,16,1,2.682697469198393
1,0.8,5,ImprovedTDCA,17,17,1,2.6103110002671
1,0.8,5,ImprovedTDCA,18,18,1,3.5655593470479516
1,0.8,5,ImprovedTDCA,19,10,0,0.22844972063428526
1,0.8,5,ImprovedTDCA,20,20,1,2.499606469941737
1,0.8,5,ImprovedTDCA,21,21,1,2.3080789501244623
1,0.8,5,ImprovedTDCA,22,22,1,2.6039400988896944
1,0.8,5,ImprovedTDCA,23,23,1,2.31651696009587
1,0.8,5,ImprovedTDCA,24,24,1,2.7781966872196517
1,0.8,5,ImprovedTDCA,25,25,1,2.9261606703403364
1,0.8,5,ImprovedTDCA,26,26,1,0.6528829393818303
1,0.8,5,ImprovedTDCA,27,27,1,2.2390680432000485
1,0.8,5,ImprovedTDCA,28,28,1,2.8914217500350414
1,0.8,5,ImprovedTDCA,29,29,1,2.2456486438226646
1,0.8,5,ImprovedTDCA,30,30,1,2.0845093088988937
1,0.8,5,ImprovedTDCA,31,31,1,2.1214461208974935
1,0.8,5,ImprovedTDCA,32,32,1,0.9165020795754106
1,0.8,5,ImprovedTDCA,33,33,1,3.2084353066297124
1,0.8,5,ImprovedTDCA,34,34,1,2.2304305693497892
1,0.8,5,ImprovedTDCA,35,35,1,1.1777860477616136
1,0.8,5,ImprovedTDCA,36,36,1,1.6067250784031706
1,0.8,5,ImprovedTDCA,37,37,1,1.358376377919839
1,0.8,5,ImprovedTDCA,38,38,1,1.1903681595718414
1,0.8,5,ImprovedTDCA,39,39,1,1.015615651214374
1,1.0,0,TDCA,0,0,1,2.2385151703394612
1,1.0,0,TDCA,1,1,1,2.649325244067344
1,1.0,0,TDCA,2,2,1,3.108790349119778
1,1.0,0,TDCA,3,3,1,2.6048328081410004
1,1.0,0,TDCA,4,4,1,2.2955496953535626
1,1.0,0,TDCA,5,5,1,1.053452656719431
1,1.0,0,TDCA,6,6,1,2.2414702781597713
1,1.0,0,TDCA,7,7,1,0.1407599089780489
1,1.0,0,TDCA,8,8,1,3.632903627406734
1,1.0,0,TDCA,9,9,1,2.88021566611079
1,1.0,0,TDCA,10,10,1,2.852507623835776
1,1.0,0,TDCA,11,11,1,2.8024717858958006
1,1.0,0,TDCA,12,12,1,2.0152216702983714
1,1.0,0,TDCA,13,13,1,2.064459323434015
1,1.0,0,TDCA,14,14,1,1.1584497319134366
1,1.0,0,TDCA,15,15,1,1.0605494342394208
1,1.0,0,TDCA,16,16,1,2.7302300820475836
1,1.0,0,TDCA,17,17,1,1.9891967668550166
1,1.0,0,TDCA,18,18,1,3.603077446761918
1,1.0,0,TDCA,19,19,1,1.3547082743638417
1,1.0,0,TDCA,20,20,1,2.027484116099637
1,1.0,0,TDCA,21,21,1,2.671068431448737
1,1.0,0,TDCA,22,22,1,0.6816241153974665
1,1.0,0,TDCA,23,23,1,2.210518759164284
1,1.0,0,TDCA,24,24,1,3.832192173697644
1,1.0,0,TDCA,25,25,1,3.007058675928503
1,1.0,0,TDCA,26,26,1,2.7114821613379716
1,1.0,0,TDCA,27,27,1,2.7231742428315218
1,1.0,0,TDCA,28,28,1,2.3983888485211247
1,1.0,0,TDCA,29,29,1,1.9106380777904641
1,1.0,0,TDCA,30,30,1,2.5263833827031004
1,1.0,0,TDCA,31,31,1,0.002111134151948413
1,1.0,0,TDCA,32,32,1,2.3825968869330456
1,1.0,0,TDCA,33,33,1,2.177825269429052
1,1.0,0,TDCA,34,34,1,1.840876023833951
1,1.0,0,TDCA,35,35,1,0.9663460329758016
1,1.0,0,TDCA,36,36,1,1.7831834172473646
1,1.0,0,TDCA,37,37,1,1.4801914890368344
1,1.0,0,TDCA,38,38,1,1.8437333435632093
1,1.0,0,TDCA,39,39,1,0.7120201050132815
1,1.0,0,ImprovedTDCA,0,0,1,2.316743009301975
1,1.0,0,ImprovedTDCA,1,1,1,3.6366561171423806
1,1.0,0,ImprovedTDCA,2,2,1,3.907127641146374
1,1.0,0,ImprovedTDCA,3,3,1,3.491366129613456
1,1.0,0,ImprovedTDCA,4,4,1,2.6452736511236257
1,1.0,0,ImprovedTDCA,5,5,1,1.026690783318076
1,1.0,0,ImprovedTDCA,6,6,1,2.360010524600133
1,1.0,0,ImprovedTDCA,7,7,1,0.6851665588024205
1,1.0,0,ImprovedTDCA,8,8,1,4.376369982791812
1,1.0,0,ImprovedTDCA,9,9,1,3.8298396214831802
1,1.0,0,ImprovedTDCA,10,10,1,3.3520228633598057
1,1.0,0,ImprovedTDCA,11,11,1,3.577498399631196
1,1.0,0,ImprovedTDCA,12,12,1,2.539796382760005
1,1.0,0,ImprovedTDCA,13,13,1,2.845685880319265
1,1.0,0,ImprovedTDCA,14,14,1,0.9640254211702364
1,1.0,0,ImprovedTDCA,15,15,1,1.8232152980919125
1,1.0,0,ImprovedTDCA,16,16,1,3.4164161818631182
1,1.0,0,ImprovedTDCA,17,17,1,2.7947530980967583
1,1.0,0,ImprovedTDCA,18,18,1,4.384849740187985
1,1.0,0,ImprovedTDCA,19,19,1,2.0857643768199354
1,1.0,0,ImprovedTDCA,20,20,1,2.20691535036677
1,1.0,0,ImprovedTDCA,21,21,1,3.594195194274959
1,1.0,0,ImprovedTDCA,22,22,1,0.9126816822911392
1,1.0,0,ImprovedTDCA,23,23,1,2.766627315555893
1,1.0,0,ImprovedTDCA,24,24,1,4.476625181871951
1,1.0,0,ImprovedTDCA,25,25,1,3.6030630479635413
1,1.0,0,ImprovedTDCA,26,26,1,3.5810121215254513
1,1.0,0,ImprovedTDCA,27,27,1,3.2487022653682898
1,1.0,0,ImprovedTDCA,28,28,1,3.0583932401891003
1,1.0,0,ImprovedTDCA,29,29,1,3.099695503912872
1,1.0,0,ImprovedTDCA,30,30,1,3.4419777037794272
1,1.0,0,ImprovedTDCA,31,31,1,1.0710636413216246
1,1.0,0,ImprovedTDCA,32,32,1,3.2595059418705183
1,1.0,0,ImprovedTDCA,33,33,1,2.8685663380681534
1,1.0,0,ImprovedTDCA,34,34,1,2.4960283991351506
1,1.0,0,ImprovedTDCA,35,35,1,1.6911643622018573
1,1.0,0,ImprovedTDCA,36,36,1,1.6943127031821779
1,1.0,0,ImprovedTDCA,37,37,1,1.9001692638979173
1,1.0,0,ImprovedTDCA,38,38,1,2.372436721173229
1,1.0,0,ImprovedTDCA,39,39,1,1.1329112015688827
1,1.0,1,TDCA,0,0,1,2.3533529617996254
1,1.0,1,TDCA,1,1,1,1.5865173217728437
1,1.0,1,TDCA,2,2,1,4.135398828373766
1,1.0,1,TDCA,3,3,1,1.7455635669047813
1,1.0,1,TDCA,4,4,1,3.1772881760362988
1,1.0,1,TDCA,5,5,1,2.548550633748521
1,1.0,1,TDCA,6,6,1,0.18189867691502215
1,1.0,1,TDCA,7,7,1,1.359743977415487
1,1.0,1,TDCA,8,8,1,2.963244132364119
1,1.0,1,TDCA,9,9,1,2.696037683082801
1,1.0,1,TDCA,10,10,1,1.240769480807825
1,1.0,1,TDCA,11,11,1,2.1975163246647655
1,1.0,1,TDCA,12,12,1,2.1162407105553322
1,1.0,1,TDCA,13,13,1,0.2329058007387843
1,1.0,1,TDCA,14,14,1,1.7806368886338848
1,1.0,1,TDCA,15,15,1,2.388504968515905
1,1.0,1,TDCA,16,16,1,3.1820652286221076
1,1.0,1,TDCA,17,17,1,1.9077932118733831
1,1.0,1,TDCA,18,18,1,2.4448756687047393
1,1.0,1,TDCA,19,19,1,1.7192226706766296
1,1.0,1,TDCA,20,20,1,3.0953860570941005
1,1.0,1,TDCA,21,21,1,1.0759525791050217
1,1.0,1,TDCA,22,22,1,2.1398190056800352
1,1.0,1,TDCA,23,23,1,1.4051566594637916
1,1.0,1,TDCA,24,24,1,2.0926567576325903
1,1.0,1,TDCA,25,25,1,2.011793493647525
1,1.0,1,TDCA,26,26,1,3.167336045772818
1,1.0,1,TDCA,27,27,1,2.196928488373993
1,1.0,1,TDCA,28,28,1,1.9690348891712541
1,1.0,1,TDCA,29,29,1,2.84653197835046
1,1.0,1,TDCA,30,30,1,1.3707011844217059
1,1.0,1,TDCA,31,31,1,0.3212944396511208
1,1.0,1,TDCA,32,32,1,2.753214725566175
1,1.0,1,TDCA,33,33,1,1.8071917178349681
1,1.0,1,TDCA,34,34,1,1.1068528381000056
1,1.0,1,TDCA,35,35,1,1.2905286582213922
1,1.0,1,TDCA,36,36,1,0.9982348874805549
1,1.0,1,TDCA,37,37,1,1.822267233047993
1,1.0,1,TDCA,38,38,1,0.7114149509160765
1,1.0,1,TDCA,39,39,1,1.6446797697952737
1,1.0,1,ImprovedTDCA,0,0,1,2.909080924324692
1,1.0,1,ImprovedTDCA,1,1,1,2.996580848551532
1,1.0,1,ImprovedTDCA,2,2,1,4.660787005747297
1,1.0,1,ImprovedTDCA,3,3,1,3.253047117540851
1,1.0,1,ImprovedTDCA,4,4,1,4.139616433229652
1,1.0,1,ImprovedTDCA,5,5,1,2.357409789369929
1,1.0,1,ImprovedTDCA,6,6,1,0.8554955976370577
1,1.0,1,ImprovedTDCA,7,7,1,1.6025917756584587
1,1.0,1,ImprovedTDCA,8,8,1,3.4323264533543596
1,1.0,1,ImprovedTDCA,9,9,1,3.084404671682333
1,1.0,1,ImprovedTDCA,10,10,1,2.262624372729067
1,1.0,1,ImprovedTDCA,11,11,1,2.1766954256943096
1,1.0,1,ImprovedTDCA,12,12,1,2.321926695349851
1,1.0,1,ImprovedTDCA,13,13,1,0.5235557002056082
1,1.0,1,ImprovedTDCA,14,14,1,2.6392609868754864
1,1.0,1,ImprovedTDCA,15,15,1,1.7299390115612803
1,1.0,1,ImprovedTDCA,16,16,1,4.230959453154369
1,1.0,1,ImprovedTDCA,17,17,1,2.5496281525750053
1,1.0,1,ImprovedTDCA,18,18,1,2.7900655769012017
1,1.0,1,ImprovedTDCA,19,19,1,2.9134626667512196
1,1.0,1,ImprovedTDCA,20,20,1,3.4745990756268705
1,1.0,1,ImprovedTDCA,21,21,1,2.25140034868741
1,1.0,1,ImprovedTDCA,22,22,1,2.9067980991168523
1,1.0,1,ImprovedTDCA,23,23,1,2.0366082109689017
1,1.0,1,ImprovedTDCA,24,24,1,3.1146300720061184
1,1.0,1,ImprovedTDCA,25,25,1,2.550712170109197
1,1.0,1,ImprovedTDCA,26,26,1,3.130876836262952
1,1.0,1,ImprovedTDCA,27,27,1,2.428432065784214
1,1.0,1,ImprovedTDCA,28,28,1,2.1792618269134936
1,1.0,1,ImprovedTDCA,29,29,1,3.210603217887741
1,1.0,1,ImprovedTDCA,30,30,1,1.8788624168316328
1,1.0,1,ImprovedTDCA,31,31,1,0.5221018964726682
1,1.0,1,ImprovedTDCA,32,32,1,2.998338872786537
1,1.0,1,ImprovedTDCA,33,33,1,2.7241189059971007
1,1.0,1,ImprovedTDCA,34,34,1,1.246120028382628
1,1.0,1,ImprovedTDCA,35,35,1,1.4241701098217305
1,1.0,1,ImprovedTDCA,36,36,1,1.5909893596591849
1,1.0,1,ImprovedTDCA,37,37,1,2.151895835020691
1,1.0,1,ImprovedTDCA,38,38,1,0.7710062469244705
1,1.0,1,ImprovedTDCA,39,39,1,2.0344235118108944
1,1.0,2,TDCA,0,0,1,2.8024421389722454
1,1.0,2,TDCA,1,1,1,4.183646404853296
1,1.0,2,TDCA,2,2,1,2.6970472188904036
1,1.0,2,TDCA,3,3,1,2.969407578349374
1,1.0,2,TDCA,4,4,1,2.2942103801128866
1,1.0,2,TDCA,5,5,1,2.053758887103009
1,1.0,2,TDCA,6,6,1,1.9252962855320654
1,1.0,2,TDCA,7,7,1,1.4384744592282614
1,1.0,2,TDCA,8,8,1,2.4967142269253157
1,1.0,2,TDCA,9,9,1,2.4062351681197804
1,1.0,2,TDCA,10,10,1,1.6045719489312023
1,1.0,2,TDCA,11,11,1,1.572902252971324
1,1.0,2,TDCA,12,12,1,2.7229022054079457
1,1.0,2,TDCA,13,13,1,0.27653133729172197
1,1.0,2,TDCA,14,14,1,1.731404193948585
1,1.0,2,TDCA,15,15,1,1.6868305472006617
1,1.0,2,TDCA,16,16,1,3.243461909948567
1,1.0,2,TDCA,17,17,1,3.713632868498652
1,1.0,2,TDCA,18,18,1,3.4935972959720987
1,1.0,2,TDCA,19,19,1,2.4480345456962675
1,1.0,2,TDCA,20,20,1,2.295102901463283
1,1.0,2,TDCA,21,21,1,3.2346322954829656
1,1.0,2,TDCA,22,22,1,1.6158903503558504
1,1.0,2,TDCA,23,23,1,1.3857572384119785
1,1.0,2,TDCA,24,24,1,3.0985389805104866
1,1.0,2,TDCA,25,25,1,3.4328910808758732
1,1.0,2,TDCA,26,26,1,3.0925115308347353
1,1.0,2,TDCA,27,27,1,2.374603949486467
1,1.0,2,TDCA,28,28,1,2.3447314081101167
1,1.0,2,TDCA,29,29,1,2.409129507404639
1,1.0,2,TDCA,30,30,1,1.8012608698197934
1,1.0,2,TDCA,31,31,1,1.8813203589440968
1,1.0,2,TDCA,32,32,1,3.6326436199488032
1,1.0,2,TDCA,33,33,1,2.4506774106902833
1,1.0,2,TDCA,34,34,1,1.9590370006220499
1,1.0,2,TDCA,35,35,1,2.1670684064117465
1,1.0,2,TDCA,36,36,1,1.1095188343507476
1,1.0,2,TDCA,37,37,1,1.3850896204513057
1,1.0,2,TDCA,38,38,1,1.3324329662326613
1,1.0,2,TDCA,39,39,1,1.1073929497266826
1,1.0,2,ImprovedTDCA,0,0,1,3.120403566068748
1,1.0,2,ImprovedTDCA,1,1,1,4.182173481753945
1,1.0,2,ImprovedTDCA,2,2,1,3.527071137930892
1,1.0,2,ImprovedTDCA,3,3,1,3.7834961056889185
1,1.0,2,ImprovedTDCA,4,4,1,3.5375198936502663
1,1.0,2,ImprovedTDCA,5,5,1,3.3717874666936707
1,1.0,2,ImprovedTDCA,6,6,1,2.738508378294637
1,1.0,2,ImprovedTDCA,7,7,1,1.6896181433984252
1,1.0,2,ImprovedTDCA,8,8,1,3.606003111010101
1,1.0,2,ImprovedTDCA,9,9,1,3.014075546066878
1,1.0,2,ImprovedTDCA,10,10,1,2.710964648395668
1,1.0,2,ImprovedTDCA,11,11,1,2.253553318313168
1,1.0,2,ImprovedTDCA,12,12,1,3.122963534156855
1,1.0,2,ImprovedTDCA,13,13,1,0.07831378893700647
1,1.0,2,ImprovedTDCA,14,14,1,2.771274934536332
1,1.0,2,ImprovedTDCA,15,15,1,1.5460422282089876
1,1.0,2,ImprovedTDCA,16,16,1,4.159289239903044
1,1.0,2,ImprovedTDCA,17,17,1,4.009130308286869
1,1.0,2,ImprovedTDCA,18,18,1,4.514849575273105
1,1.0,2,ImprovedTDCA,19,19,1,3.0585078820509217
1,1.0,2,ImprovedTDCA,20,20,1,3.0756267570053053
1,1.0,2,ImprovedTDCA,21,21,1,3.9650724016054557
1,1.0,2,ImprovedTDCA,22,22,1,2.1896697912652527
1,1.0,2,ImprovedTDCA,23,23,1,1.8307206322086726
1,1.0,2,ImprovedTDCA,24,24,1,3.470213371788565
1,1.0,2,ImprovedTDCA,25,25,1,4.021638052024118
1,1.0,2,ImprovedTDCA,26,26,1,3.6877093142813795
1,1.0,2,ImprovedTDCA,27,27,1,2.8987828625059127
1,1.0,2,ImprovedTDCA,28,28,1,2.76553716746455
1,1.0,2,ImprovedTDCA,29,29,1,2.729398557106676
1,1.0,2,ImprovedTDCA,30,30,1,2.177185721361588
1,1.0,2,ImprovedTDCA,31,31,1,2.1123389335597493
1,1.0,2,ImprovedTDCA,32,32,1,3.8196123348667523
1,1.0,2,ImprovedTDCA,33,33,1,3.5750601861229305
1,1.0,2,ImprovedTDCA,34,34,1,2.385172633880198
1,1.0,2,ImprovedTDCA,35,35,1,2.5018840904310293
1,1.0,2,ImprovedTDCA,36,36,1,2.12001573021785
1,1.0,2,ImprovedTDCA,37,37,1,1.7168414712072995
1,1.0,2,ImprovedTDCA,38,38,1,1.6440891618718525
1,1.0,2,ImprovedTDCA,39,39,1,1.2320922400845906
1,1.0,3,TDCA,0,0,1,2.1054086078220027
1,1.0,3,TDCA,1,1,1,1.048919231242156
1,1.0,3,TDCA,2,2,1,2.578181423648539
1,1.0,3,TDCA,3,3,1,2.404241777675788
1,1.0,3,TDCA,4,4,1,2.577519200598305
1,1.0,3,TDCA,5,5,1,2.3973307096326413
1,1.0,3,TDCA,6,6,1,1.496103386589363
1,1.0,3,TDCA,7,7,1,1.2374479796157392
1,1.0,3,TDCA,8,8,1,2.791636265661235
1,1.0,3,TDCA,9,9,1,1.385631451038932
1,1.0,3,TDCA,10,10,1,2.924746597988145
1,1.0,3,TDCA,11,11,1,3.194201287064897
1,1.0,3,TDCA,12,12,1,2.5815648214927576
1,1.0,3,TDCA,13,13,1,1.121223342340309
1,1.0,3,TDCA,14,14,1,1.116870919738023
1,1.0,3,TDCA,15,15,1,1.6664957192584973
1,1.0,3,TDCA,16,16,1,3.2774077502326993
1,1.0,3,TDCA,17,17,1,2.7564049796081638
1,1.0,3,TDCA,18,18,1,2.407055813603394
1,1.0,3,TDCA,19,19,1,2.4592794628759638
1,1.0,3,TDCA,20,20,1,2.2083144226533284
1,1.0,3,TDCA,21,21,1,1.9936251622287255
1,1.0,3,TDCA,22,22,1,2.085343924575917
1,1.0,3,TDCA,23,23,1,2.0607363715045044
1,1.0,3,TDCA,24,24,1,3.2319410699565934
1,1.0,3,TDCA,25,25,1,2.3544884536584463
1,1.0,3,TDCA,26,26,1,2.60157860316463
1,1.0,3,TDCA,27,27,1,2.674296313998134
1,1.0,3,TDCA,28,28,1,3.440614250170179
1,1.0,3,TDCA,29,29,1,2.3297924407397783
1,1.0,3,TDCA,30,30,1,2.1798111812344407
1,1.0,3,TDCA,31,31,1,1.7757993850425025
1,1.0,3,TDCA,32,32,1,1.77674216811492
1,1.0,3,TDCA,33,33,1,1.3795693214941531
1,1.0,3,TDCA,34,34,1,1.876435857687857
1,1.0,3,TDCA,35,35,1,0.7151537677722
1,1.0,3,TDCA,36,18,0,0.3491945552326867
1,1.0,3,TDCA,37,37,1,2.0637171737098607
1,1.0,3,TDCA,38,38,1,1.2350343048791093
1,1.0,3,TDCA,39,39,1,2.796109728011853
1,1.0,3,ImprovedTDCA,0,0,1,2.6959310216700687
1,1.0,3,ImprovedTDCA,1,1,1,1.11596028137097
1,1.0,3,ImprovedTDCA,2,2,1,2.8828503793224387
1,1.0,3,ImprovedTDCA,3,3,1,3.407280415246326
1,1.0,3,ImprovedTDCA,4,4,1,3.176761923755783
1,1.0,3,ImprovedTDCA,5,5,1,2.6569987970257127
1,1.0,3,ImprovedTDCA,6,6,1,2.2665266185477364
1,1.0,3,ImprovedTDCA,7,7,1,1.5375599857458098
1,1.0,3,ImprovedTDCA,8,8,1,4.162915453480087
1,1.0,3,ImprovedTDCA,9,9,1,2.1136972644890166
1,1.0,3,ImprovedTDCA,10,10,1,3.684617975770498
1,1.0,3,ImprovedTDCA,11,11,1,3.729011228171724
1,1.0,3,ImprovedTDCA,12,12,1,2.356139829338273
1,1.0,3,ImprovedTDCA,13,13,1,1.512497982940927
1,1.0,3,ImprovedTDCA,14,14,1,2.7564544042858197
1,1.0,3,ImprovedTDCA,15,15,1,1.8996025991367231
1,1.0,3,ImprovedTDCA,16,16,1,3.9284849616532673
1,1.0,3,ImprovedTDCA,17,17,1,2.9041325008316456
1,1.0,3,ImprovedTDCA,18,18,1,3.43033222123037
1,1.0,3,ImprovedTDCA,19,19,1,3.1028138714500466
1,1.0,3,ImprovedTDCA,20,20,1,2.3917121896834637
1,1.0,3,ImprovedTDCA,21,21,1,2.3056025688217336
1,1.0,3,ImprovedTDCA,22,22,1,2.7543045937485418
1,1.0,3,ImprovedTDCA,23,23,1,2.4558926275380184
1,1.0,3,ImprovedTDCA,24,24,1,3.3114922267428044
1,1.0,3,ImprovedTDCA,25,25,1,1.8155928487746382
1,1.0,3,ImprovedTDCA,26,26,1,3.287894934882287
1,1.0,3,ImprovedTDCA,27,27,1,3.6355746401405717
1,1.0,3,ImprovedTDCA,28,28,1,4.100526047776918
1,1.0,3,ImprovedTDCA,29,29,1,2.6259589833087937
1,1.0,3,ImprovedTDCA,30,30,1,2.57266700972568
1,1.0,3,ImprovedTDCA,31,31,1,3.0355515647549627
1,1.0,3,ImprovedTDCA,32,32,1,2.5972056531021854
1,1.0,3,ImprovedTDCA,33,33,1,1.8476001347878646
1,1.0,3,ImprovedTDCA,34,34,1,1.5992870280244889
1,1.0,3,ImprovedTDCA,35,35,1,1.668366758227687
1,1.0,3,ImprovedTDCA,36,18,0,0.7851402593127799
1,1.0,3,ImprovedTDCA,37,37,1,1.8993458838509847
1,1.0,3,ImprovedTDCA,38,38,1,1.3613775073993772
1,1.0,3,ImprovedTDCA,39,39,1,2.653644779756862
1,1.0,4,TDCA,0,0,1,2.738316026686097
1,1.0,4,TDCA,1,1,1,2.849137186584228
1,1.0,4,TDCA,2,2,1,4.192827918197742
1,1.0,4,TDCA,3,3,1,2.5414178585912595
1,1.0,4,TDCA,4,4,1,2.7801844393483437
1,1.0,4,TDCA,5,5,1,1.7072851576357746
1,1.0,4,TDCA,6,6,1,2.1301739096749737
1,1.0,4,TDCA,7,7,1,2.046186227604902
1,1.0,4,TDCA,8,8,1,3.549206375453078
1,1.0,4,TDCA,9,9,1,2.1049666214760365
1,1.0,4,TDCA,10,10,1,1.948254351668798
1,1.0,4,TDCA,11,11,1,2.690674709131752
1,1.0,4,TDCA,12,12,1,2.5171406147470172
1,1.0,4,TDCA,13,13,1,2.0325591719167235
1,1.0,4,TDCA,14,14,1,2.4831658845581703
1,1.0,4,TDCA,15,15,1,2.0695281700753667
1,1.0,4,TDCA,16,16,1,3.1603131069790624
1,1.0,4,TDCA,17,17,1,3.04100605805695
1,1.0,4,TDCA,18,18,1,3.7417884052362353
1,1.0,4,TDCA,19,19,1,2.7378045718143063
1,1.0,4,TDCA,20,20,1,1.9744602350655291
1,1.0,4,TDCA,21,21,1,2.8241828307069055
1,1.0,4,TDCA,22,22,1,0.9825201034102196
1,1.0,4,TDCA,23,38,0,0.35205984547747615
1,1.0,4,TDCA,24,24,1,2.9786455296187486
1,1.0,4,TDCA,25,25,1,2.740598309371533
1,1.0,4,TDCA,26,26,1,2.2993924865401993
1,1.0,4,TDCA,27,27,1,1.851103710641049
1,1.0,4,TDCA,28,28,1,1.8260501356664338
1,1.0,4,TDCA,29,29,1,2.4670538496970935
1,1.0,4,TDCA,30,30,1,0.9458016202816117
1,1.0,4,TDCA,31,31,1,2.297639816975991
1,1.0,4,TDCA,32,32,1,1.2232156919567885
1,1.0,4,TDCA,33,33,1,2.8738747351094367
1,1.0,4,TDCA,34,34,1,2.2681806212405284
1,1.0,4,TDCA,35,35,1,2.316554377234909
1,1.0,4,TDCA,36,36,1,1.7976485269513864
1,1.0,4,TDCA,37,37,1,1.8903512974495942
1,1.0,4,TDCA,38,38,1,1.4439935157176464
1,1.0,4,TDCA,39,39,1,2.763976959191538
1,1.0,4,ImprovedTDCA,0,0,1,3.470628766957204
1,1.0,4,ImprovedTDCA,1,1,1,2.957134291526981
1,1.0,4,ImprovedTDCA,2,2,1,4.105297646475974
1,1.0,4,ImprovedTDCA,3,3,1,3.405394446827532
1,1.0,4,ImprovedTDCA,4,4,1,3.230293270226996
1,1.0,4,ImprovedTDCA,5,5,1,1.9128036893993063
1,1.0,4,ImprovedTDCA,6,6,1,3.068458727932318
1,1.0,4,ImprovedTDCA,7,7,1,2.5677029263920943
1,1.0,4,ImprovedTDCA,8,8,1,4.341218112802952
1,1.0,4,ImprovedTDCA,9,9,1,3.3765603166428377
1,1.0,4,ImprovedTDCA,10,10,1,3.1204320343004235
1,1.0,4,ImprovedTDCA,11,11,1,3.2270846978985612
1,1.0,4,ImprovedTDCA,12,12,1,2.437213316979256
1,1.0,4,ImprovedTDCA,13,13,1,1.1776360946746935
1,1.0,4,ImprovedTDCA,14,14,1,2.753897107724055
1,1.0,4,ImprovedTDCA,15,15,1,2.157919382988905
1,1.0,4,ImprovedTDCA,16,16,1,4.102746933694403
1,1.0,4,ImprovedTDCA,17,17,1,3.51860056864708
1,1.0,4,ImprovedTDCA,18,18,1,3.7335302504590926
1,1.0,4,ImprovedTDCA,19,19,1,3.327355319699037
1,1.0,4,ImprovedTDCA,20,20,1,2.737118254082036
1,1.0,4,ImprovedTDCA,21,21,1,2.4868737405717622
1,1.0,4,ImprovedTDCA,22,22,1,1.5766660826567662
1,1.0,4,ImprovedTDCA,23,38,0,0.38844784155533185
1,1.0,4,ImprovedTDCA,24,24,1,4.022505592224342
1,1.0,4,ImprovedTDCA,25,25,1,4.212726009915528
1,1.0,4,ImprovedTDCA,26,26,1,3.1354263171657113
1,1.0,4,ImprovedTDCA,27,27,1,2.1627053009707433
1,1.0,4,ImprovedTDCA,28,28,1,2.404758203198515
1,1.0,4,ImprovedTDCA,29,29,1,2.548954058461382
1,1.0,4,ImprovedTDCA,30,30,1,0.5670099553983676
1,1.0,4,ImprovedTDCA,31,31,1,3.9418281498303083
1,1.0,4,ImprovedTDCA,32,32,1,1.5864131855515122
1,1.0,4,ImprovedTDCA,33,33,1,2.478125960914837
1,1.0,4,ImprovedTDCA,34,34,1,2.8604189715795387
1,1.0,4,ImprovedTDCA,35,35,1,2.698238520159965
1,1.0,4,ImprovedTDCA,36,36,1,2.4991825396103087
1,1.0,4,ImprovedTDCA,37,37,1,1.7561012151692397
1,1.0,4,ImprovedTDCA,38,38,1,2.7763899237799423
1,1.0,4,ImprovedTDCA,39,39,1,2.3288949125800587
1,1.0,5,TDCA,0,0,1,2.7923475262250266
1,1.0,5,TDCA,1,1,1,2.2884286358133608
1,1.0,5,TDCA,2,2,1,3.073554124225966
1,1.0,5,TDCA,3,3,1,1.4880855379341258
1,1.0,5,TDCA,4,4,1,2.5087129717949646
1,1.0,5,TDCA,5,5,1,2.8114597626019875
1,1.0,5,TDCA,6,6,1,1.6983654047442085
1,1.0,5,TDCA,7,7,1,2.273016089226773
1,1.0,5,TDCA,8,8,1,2.9735552087328734
1,1.0,5,TDCA,9,9,1,3.1359992622371617
1,1.0,5,TDCA,10,10,1,1.8098522516269577
1,1.0,5,TDCA,11,11,1,3.4501973326719844
1,1.0,5,TDCA,12,12,1,2.773034269012858
1,1.0,5,TDCA,13,13,1,1.3403243813144878
1,1.0,5,TDCA,14,14,1,2.0099575901694537
1,1.0,5,TDCA,15,15,1,2.2347444862635237
1,1.0,5,TDCA,16,16,1,2.8494877952932667
1,1.0,5,TDCA,17,17,1,2.700030947098954
1,1.0,5,TDCA,18,18,1,3.8729056517786686
1,1.0,5,TDCA,19,19,1,0.32864683409627826
1,1.0,5,TDCA,20,20,1,2.662598966216466
1,1.0,5,TDCA,21,21,1,2.5644963444905082
1,1.0,5,TDCA,22,22,1,2.283601707403954
1,1.0,5,TDCA,23,23,1,2.599303065532641
1,1.0,5,TDCA,24,24,1,2.7296324998862365
1,1.0,5,TDCA,25,25,1,3.4397676565503565
1,1.0,5,TDCA,26,26,1,1.3029641162658898
1,1.0,5,TDCA,27,27,1,2.9816677041258357
1,1.0,5,TDCA,28,28,1,3.1304357584630296
1,1.0,5,TDCA,29,29,1,3.0499096586135237
1,1.0,5,TDCA,30,30,1,2.052357341448323
1,1.0,5,TDCA,31,31,1,1.5721195787948066
1,1.0,5,TDCA,32,32,1,2.309033184332042
1,1.0,5,TDCA,33,33,1,2.6174364882935484
1,1.0,5,TDCA,34,34,1,1.7099430485377887
1,1.0,5,TDCA,35,35,1,1.9282839461314383
1,1.0,5,TDCA,36,36,1,1.4921275163332863
1,1.0,5,TDCA,37,37,1,1.476645832768698
1,1.0,5,TDCA,38,38,1,1.3810408439700885
1,1.0,5,TDCA,39,39,1,2.161822844188216
1,1.0,5,ImprovedTDCA,0,0,1,3.4351702147329752
1,1.0,5,ImprovedTDCA,1,1,1,3.0663231846937746
1,1.0,5,ImprovedTDCA,2,2,1,3.565670541342649
1,1.0,5,ImprovedTDCA,3,3,1,3.173998112032636
1,1.0,5,ImprovedTDCA,4,4,1,2.9785289399730908
1,1.0,5,ImprovedTDCA,5,5,1,3.524779318339638
1,1.0,5,ImprovedTDCA,6,6,1,2.481007968888278
1,1.0,5,ImprovedTDCA,7,7,1,3.377678235784315
1,1.0,5,ImprovedTDCA,8,8,1,3.894531723282658
1,1.0,5,ImprovedTDCA,9,9,1,3.6290692606463018
1,1.0,5,ImprovedTDCA,10,10,1,2.2494993422074945
1,1.0,5,ImprovedTDCA,11,11,1,4.334373047737263
1,1.0,5,ImprovedTDCA,12,12,1,3.1186977465356436
1,1.0,5,ImprovedTDCA,13,13,1,0.9038115072927742
1,1.0,5,ImprovedTDCA,14,14,1,2.697011240755213
1,1.0,5,ImprovedTDCA,15,15,1,2.8067432430099073
1,1.0,5,ImprovedTDCA,16,16,1,3.093795180764516
1,1.0,5,ImprovedTDCA,17,17,1,3.167518896589481
1,1.0,5,ImprovedTDCA,18,18,1,4.509585614723095
1,1.0,5,ImprovedTDCA,19,19,1,0.03717145521688314
1,1.0,5,ImprovedTDCA,20,20,1,2.0048711145861176
1,1.0,5,ImprovedTDCA,21,21,1,3.1875684545714558
1,1.0,5,ImprovedTDCA,22,22,1,3.6032627863989877
1,1.0,5,ImprovedTDCA,23,23,1,3.389281082518645
1,1.0,5,ImprovedTDCA,24,24,1,4.007408539853877
1,1.0,5,ImprovedTDCA,25,25,1,3.847305058747623
1,1.0,5,ImprovedTDCA,26,26,1,1.606761649134755
1,1.0,5,ImprovedTDCA,27,27,1,2.993430138969469
1,1.0,5,ImprovedTDCA,28,28,1,3.4716667410497815
1,1.0,5,ImprovedTDCA,29,29,1,3.4857123232992864
1,1.0,5,ImprovedTDCA,30,30,1,2.2548655930739376
1,1.0,5,ImprovedTDCA,31,31,1,2.127611789213291
1,1.0,5,ImprovedTDCA,32,32,1,2.6696098026045805
1,1.0,5,ImprovedTDCA,33,33,1,3.498646261232738
1,1.0,5,ImprovedTDCA,34,34,1,2.3428139830157804
1,1.0,5,ImprovedTDCA,35,35,1,2.786637448025555
1,1.0,5,ImprovedTDCA,36,36,1,2.3826002960327424
1,1.0,5,ImprovedTDCA,37,37,1,1.4894756441197057
1,1.0,5,ImprovedTDCA,38,38,1,2.29082035969952
1,1.0,5,ImprovedTDCA,39,39,1,1.866074164379032
